State,District,Subdistt,Town/Village,Ward,EB,Level,Name,TRU,No_HH,TOT_P,TOT_M,TOT_F,P_06,M_06,F_06,P_SC,M_SC,F_SC,P_ST,M_ST,F_ST,P_LIT,M_LIT,F_LIT,P_ILL,M_ILL,F_ILL,TOT_WORK_P,TOT_WORK_M,TOT_WORK_F,MAINWORK_P,MAINWORK_M,MAINWORK_F,MAIN_CL_P,MAIN_CL_M,MAIN_CL_F,MAIN_AL_P,MAIN_AL_M,MAIN_AL_F,MAIN_HH_P,MAIN_HH_M,MAIN_HH_F,MAIN_OT_P,MAIN_OT_M,MAIN_OT_F,MARGWORK_P,MARGWORK_M,MARGWORK_F,MARG_CL_P,MARG_CL_M,MARG_CL_F,MARG_AL_P,MARG_AL_M,MARG_AL_F,MARG_HH_P,MARG_HH_M,MARG_HH_F,MARG_OT_P,MARG_OT_M,MARG_OT_F,MARGWORK_3_6_P,MARGWORK_3_6_M,MARGWORK_3_6_F,MARG_CL_3_6_P,MARG_CL_3_6_M,MARG_CL_3_6_F,MARG_AL_3_6_P,MARG_AL_3_6_M,MARG_AL_3_6_F,MARG_HH_3_6_P,MARG_HH_3_6_M,MARG_HH_3_6_F,MARG_OT_3_6_P,MARG_OT_3_6_M,MARG_OT_3_6_F,MARGWORK_0_3_P,MARGWORK_0_3_M,MARGWORK_0_3_F,MARG_CL_0_3_P,MARG_CL_0_3_M,MARG_CL_0_3_F,MARG_AL_0_3_P,MARG_AL_0_3_M,MARG_AL_0_3_F,MARG_HH_0_3_P,MARG_HH_0_3_M,MARG_HH_0_3_F,MARG_OT_0_3_P,MARG_OT_0_3_M,MARG_OT_0_3_F,NON_WORK_P,NON_WORK_M,NON_WORK_F
5,0,0,0,0,0,STATE,UTTARAKHAND,Total,2056975,10086292,5137773,4948519,1355814,717199,638615,1892516,968586,923930,291903,148669,143234,6880953,3863708,3017245,3205339,1274065,1931274,3872275,2551921,1320354,2870624,2070760,799864,1045674,545561,500113,247256,196375,50881,77040,54101,22939,1500654,1274723,225931,1001651,481161,520490,534749,189851,344898,156045,90165,65880,37272,15190,22082,273585,185955,87630,756840,373473,383367,383359,134058,249301,120549,73027,47522,28304,11744,16560,224628,154644,69984,244811,107688,137123,151390,55793,95597,35496,17138,18358,8968,3446,5522,48957,31311,17646,6214017,2585852,3628165
5,0,0,0,0,0,STATE,UTTARAKHAND,Rural,1425086,7036954,3519042,3517912,990776,521792,468984,1496665,761103,735562,264819,134691,130128,4614050,2596171,2017879,2422904,922871,1500033,2885533,1726674,1158859,1997332,1322523,674809,1027923,532558,495365,225529,177948,47581,46685,30064,16621,697195,581953,115242,888201,404151,484050,530707,188063,342644,147312,83961,63351,30255,11832,18423,179927,120295,59632,658831,306695,352136,379911,132488,247423,113491,67896,45595,22695,8966,13729,142734,97345,45389,229370,97456,131914,150796,55575,95221,33821,16065,17756,7560,2866,4694,37193,22950,14243,4151421,1792368,2359053
5,0,0,0,0,0,STATE,UTTARAKHAND,Urban,631889,3049338,1618731,1430607,365038,195407,169631,395851,207483,188368,27084,13978,13106,2266903,1267537,999366,782435,351194,431241,986742,825247,161495,873292,748237,125055,17751,13003,4748,21727,18427,3300,30355,24037,6318,803459,692770,110689,113450,77010,36440,4042,1788,2254,8733,6204,2529,7017,3358,3659,93658,65660,27998,98009,66778,31231,3448,1570,1878,7058,5131,1927,5609,2778,2831,81894,57299,24595,15441,10232,5209,594,218,376,1675,1073,602,1408,580,828,11764,8361,3403,2062596,793484,1269112
5,56,0,0,0,0,DISTRICT,Uttarkashi,Total,67602,330086,168597,161489,46307,24165,22142,80567,40833,39734,3512,1651,1861,215126,128237,86889,114960,40360,74600,157276,84265,73011,128367,71598,56769,96836,46589,50247,2389,1526,863,1960,1249,711,27182,22234,4948,28909,12667,16242,20428,8067,12361,1998,934,1064,1162,488,674,5321,3178,2143,22145,9746,12399,15297,5985,9312,1424,681,743,851,340,511,4573,2740,1833,6764,2921,3843,5131,2082,3049,574,253,321,311,148,163,748,438,310,172810,84332,88478
5,56,0,0,0,0,DISTRICT,Uttarkashi,Rural,61914,305781,155375,150406,43663,22691,20972,76875,38936,37939,3374,1581,1793,195909,117095,78814,109872,38280,71592,149067,77991,71076,121215,66015,55200,96301,46358,49943,2324,1479,845,1697,1031,666,20893,17147,3746,27852,11976,15876,20219,7981,12238,1948,899,1049,1072,443,629,4613,2653,1960,21309,9181,12128,15196,5933,9263,1379,649,730,776,304,472,3958,2295,1663,6543,2795,3748,5023,2048,2975,569,250,319,296,139,157,655,358,297,156714,77384,79330
5,56,0,0,0,0,DISTRICT,Uttarkashi,Urban,5688,24305,13222,11083,2644,1474,1170,3692,1897,1795,138,70,68,19217,11142,8075,5088,2080,3008,8209,6274,1935,7152,5583,1569,535,231,304,65,47,18,263,218,45,6289,5087,1202,1057,691,366,209,86,123,50,35,15,90,45,45,708,525,183,836,565,271,101,52,49,45,32,13,75,36,39,615,445,170,221,126,95,108,34,74,5,3,2,15,9,6,93,80,13,16096,6948,9148
5,56,278,0,0,0,SUB-DISTRICT,Puraula,Total,6521,33792,17106,16686,4884,2518,2366,11874,5959,5915,663,267,396,21319,12636,8683,12473,4470,8003,15590,8141,7449,13752,7400,6352,11533,5677,5856,252,148,104,99,78,21,1868,1497,371,1838,741,1097,1553,569,984,137,79,58,21,12,9,127,81,46,1185,523,662,967,399,568,100,53,47,14,9,5,104,62,42,653,218,435,586,170,416,37,26,11,7,3,4,23,19,4,18202,8965,9237
5,56,278,0,0,0,SUB-DISTRICT,Puraula,Rural,6521,33792,17106,16686,4884,2518,2366,11874,5959,5915,663,267,396,21319,12636,8683,12473,4470,8003,15590,8141,7449,13752,7400,6352,11533,5677,5856,252,148,104,99,78,21,1868,1497,371,1838,741,1097,1553,569,984,137,79,58,21,12,9,127,81,46,1185,523,662,967,399,568,100,53,47,14,9,5,104,62,42,653,218,435,586,170,416,37,26,11,7,3,4,23,19,4,18202,8965,9237
5,56,278,0,0,0,SUB-DISTRICT,Puraula,Urban,0,0,0,0,0,0,0,0,0,0,0,0,0,0,0,0,0,0,0,0,0,0,0,0,0,0,0,0,0,0,0,0,0,0,0,0,0,0,0,0,0,0,0,0,0,0,0,0,0,0,0,0,0,0,0,0,0,0,0,0,0,0,0,0,0,0,0,0,0,0,0,0,0,0,0,0,0,0,0,0,0,0,0,0,0
5,56,279,0,0,0,SUB-DISTRICT,Mori,Total,7473,40491,20840,19651,6673,3437,3236,12009,6174,5835,109,58,51,21523,13311,8212,18968,7529,11439,21385,11559,9826,18950,10617,8333,16262,8711,7551,824,535,289,153,89,64,1711,1282,429,2435,942,1493,1843,646,1197,362,174,188,54,25,29,176,97,79,1737,602,1135,1256,366,890,320,152,168,24,9,15,137,75,62,698,340,358,587,280,307,42,22,20,30,16,14,39,22,17,19106,9281,9825
5,56,279,0,0,0,SUB-DISTRICT,Mori,Rural,7473,40491,20840,19651,6673,3437,3236,12009,6174,5835,109,58,51,21523,13311,8212,18968,7529,11439,21385,11559,9826,18950,10617,8333,16262,8711,7551,824,535,289,153,89,64,1711,1282,429,2435,942,1493,1843,646,1197,362,174,188,54,25,29,176,97,79,1737,602,1135,1256,366,890,320,152,168,24,9,15,137,75,62,698,340,358,587,280,307,42,22,20,30,16,14,39,22,17,19106,9281,9825
5,56,279,0,0,0,SUB-DISTRICT,Mori,Urban,0,0,0,0,0,0,0,0,0,0,0,0,0,0,0,0,0,0,0,0,0,0,0,0,0,0,0,0,0,0,0,0,0,0,0,0,0,0,0,0,0,0,0,0,0,0,0,0,0,0,0,0,0,0,0,0,0,0,0,0,0,0,0,0,0,0,0,0,0,0,0,0,0,0,0,0,0,0,0,0,0,0,0,0,0
5,56,280,0,0,0,SUB-DISTRICT,Rajgarhi,Total,13612,70564,35964,34600,10461,5434,5027,19522,9949,9573,489,231,258,44731,26713,18018,25833,9251,16582,34526,17918,16608,29299,15834,13465,23726,11814,11912,582,346,236,465,257,208,4526,3417,1109,5227,2084,3143,3533,1268,2265,358,143,215,329,170,159,1007,503,504,4099,1555,2544,2681,889,1792,319,124,195,168,85,83,931,457,474,1128,529,599,852,379,473,39,19,20,161,85,76,76,46,30,36038,18046,17992
5,56,280,0,0,0,SUB-DISTRICT,Rajgarhi,Rural,12103,63844,32440,31404,9698,5013,4685,18477,9426,9051,471,223,248,39714,23832,15882,24130,8608,15522,32187,16377,15810,27245,14483,12762,23314,11668,11646,568,335,233,445,241,204,2918,2239,679,4942,1894,3048,3486,1253,2233,348,136,212,313,159,154,795,346,449,3838,1380,2458,2635,874,1761,310,118,192,157,78,79,736,310,426,1104,514,590,851,379,472,38,18,20,156,81,75,59,36,23,31657,16063,15594
5,56,280,0,0,0,SUB-DISTRICT,Rajgarhi,Urban,1509,6720,3524,3196,763,421,342,1045,523,522,18,8,10,5017,2881,2136,1703,643,1060,2339,1541,798,2054,1351,703,412,146,266,14,11,3,20,16,4,1608,1178,430,285,190,95,47,15,32,10,7,3,16,11,5,212,157,55,261,175,86,46,15,31,9,6,3,11,7,4,195,147,48,24,15,9,1,0,1,1,1,0,5,4,1,17,10,7,4381,1983,2398
5,56,280,800287,0,0,TOWN,Barkot (NP),Urban,1509,6720,3524,3196,763,421,342,1045,523,522,18,8,10,5017,2881,2136,1703,643,1060,2339,1541,798,2054,1351,703,412,146,266,14,11,3,20,16,4,1608,1178,430,285,190,95,47,15,32,10,7,3,16,11,5,212,157,55,261,175,86,46,15,31,9,6,3,11,7,4,195,147,48,24,15,9,1,0,1,1,1,0,5,4,1,17,10,7,4381,1983,2398
5,56,280,800287,1,0,WARD,Barkot (NP) WARD NO.-0001,Urban,216,1123,573,550,102,59,43,318,150,168,0,0,0,740,443,297,383,130,253,519,255,264,502,242,260,51,9,42,6,4,2,1,0,1,444,229,215,17,13,4,1,1,0,2,1,1,1,1,0,13,10,3,16,12,4,1,1,0,2,1,1,0,0,0,13,10,3,1,1,0,0,0,0,0,0,0,1,1,0,0,0,0,604,318,286
5,56,280,800287,2,0,WARD,Barkot (NP) WARD NO.-0002,Urban,110,458,222,236,60,31,29,73,31,42,0,0,0,302,173,129,156,49,107,232,115,117,232,115,117,185,78,107,0,0,0,0,0,0,47,37,10,0,0,0,0,0,0,0,0,0,0,0,0,0,0,0,0,0,0,0,0,0,0,0,0,0,0,0,0,0,0,0,0,0,0,0,0,0,0,0,0,0,0,0,0,0,226,107,119
5,56,280,800287,3,0,WARD,Barkot (NP) WARD NO.-0003,Urban,195,917,483,434,112,60,52,101,51,50,3,2,1,681,388,293,236,95,141,276,211,65,94,78,16,0,0,0,1,1,0,4,2,2,89,75,14,182,133,49,15,5,10,4,2,2,13,10,3,150,116,34,164,120,44,15,5,10,4,2,2,9,7,2,136,106,30,18,13,5,0,0,0,0,0,0,4,3,1,14,10,4,641,272,369
5,56,280,800287,4,0,WARD,Barkot (NP) WARD NO.-0004,Urban,344,1561,802,759,158,84,74,234,119,115,2,1,1,1255,683,572,306,119,187,363,281,82,306,251,55,24,14,10,0,0,0,0,0,0,282,237,45,57,30,27,14,5,9,2,2,0,2,0,2,39,23,16,53,29,24,14,5,9,1,1,0,2,0,2,36,23,13,4,1,3,0,0,0,1,1,0,0,0,0,3,0,3,1198,521,677
5,56,280,800287,5,0,WARD,Barkot (NP) WARD NO.-0005,Urban,237,970,522,448,142,77,65,119,65,54,10,5,5,734,423,311,236,99,137,346,258,88,327,249,78,36,2,34,2,1,1,2,2,0,287,244,43,19,9,10,12,2,10,0,0,0,0,0,0,7,7,0,19,9,10,12,2,10,0,0,0,0,0,0,7,7,0,0,0,0,0,0,0,0,0,0,0,0,0,0,0,0,624,264,360
5,56,280,800287,6,0,WARD,Barkot (NP) WARD NO.-0006,Urban,266,1070,591,479,129,76,53,127,66,61,2,0,2,825,487,338,245,104,141,438,280,158,431,276,155,109,39,70,4,4,0,2,1,1,316,232,84,7,4,3,2,1,1,2,2,0,0,0,0,3,1,2,7,4,3,2,1,1,2,2,0,0,0,0,3,1,2,0,0,0,0,0,0,0,0,0,0,0,0,0,0,0,632,311,321
5,56,280,800287,7,0,WARD,Barkot (NP) WARD NO.-0007,Urban,141,621,331,290,60,34,26,73,41,32,1,0,1,480,284,196,141,47,94,165,141,24,162,140,22,7,4,3,1,1,0,11,11,0,143,124,19,3,1,2,3,1,2,0,0,0,0,0,0,0,0,0,2,1,1,2,1,1,0,0,0,0,0,0,0,0,0,1,0,1,1,0,1,0,0,0,0,0,0,0,0,0,456,190,266
5,56,281,0,0,0,SUB-DISTRICT,Dunda,Total,12493,60283,30080,30203,8076,4192,3884,14646,7408,7238,1200,565,635,39728,23580,16148,20555,6500,14055,29556,14703,14853,22420,11533,10887,18336,8344,9992,221,159,62,236,165,71,3627,2865,762,7136,3170,3966,4378,1780,2598,472,239,233,401,130,271,1885,1021,864,5676,2473,3203,3571,1386,2185,216,127,89,338,107,231,1551,853,698,1460,697,763,807,394,413,256,112,144,63,23,40,334,168,166,30727,15377,15350
5,56,281,0,0,0,SUB-DISTRICT,Dunda,Rural,12493,60283,30080,30203,8076,4192,3884,14646,7408,7238,1200,565,635,39728,23580,16148,20555,6500,14055,29556,14703,14853,22420,11533,10887,18336,8344,9992,221,159,62,236,165,71,3627,2865,762,7136,3170,3966,4378,1780,2598,472,239,233,401,130,271,1885,1021,864,5676,2473,3203,3571,1386,2185,216,127,89,338,107,231,1551,853,698,1460,697,763,807,394,413,256,112,144,63,23,40,334,168,166,30727,15377,15350
5,56,281,0,0,0,SUB-DISTRICT,Dunda,Urban,0,0,0,0,0,0,0,0,0,0,0,0,0,0,0,0,0,0,0,0,0,0,0,0,0,0,0,0,0,0,0,0,0,0,0,0,0,0,0,0,0,0,0,0,0,0,0,0,0,0,0,0,0,0,0,0,0,0,0,0,0,0,0,0,0,0,0,0,0,0,0,0,0,0,0,0,0,0,0,0,0,0,0,0,0
5,56,282,0,0,0,SUB-DISTRICT,Chiniyalisaur,Total,9974,49900,24443,25457,7237,3784,3453,13172,6491,6681,12,5,7,31917,18641,13276,17983,5802,12181,22832,11335,11497,16346,8436,7910,13289,5952,7337,76,37,39,91,78,13,2890,2369,521,6486,2899,3587,5028,2081,2947,365,170,195,140,34,106,953,614,339,5201,2425,2776,4045,1745,2300,230,116,114,129,33,96,797,531,266,1285,474,811,983,336,647,135,54,81,11,1,10,156,83,73,27068,13108,13960
5,56,282,0,0,0,SUB-DISTRICT,Chiniyalisaur,Rural,9974,49900,24443,25457,7237,3784,3453,13172,6491,6681,12,5,7,31917,18641,13276,17983,5802,12181,22832,11335,11497,16346,8436,7910,13289,5952,7337,76,37,39,91,78,13,2890,2369,521,6486,2899,3587,5028,2081,2947,365,170,195,140,34,106,953,614,339,5201,2425,2776,4045,1745,2300,230,116,114,129,33,96,797,531,266,1285,474,811,983,336,647,135,54,81,11,1,10,156,83,73,27068,13108,13960
5,56,282,0,0,0,SUB-DISTRICT,Chiniyalisaur,Urban,0,0,0,0,0,0,0,0,0,0,0,0,0,0,0,0,0,0,0,0,0,0,0,0,0,0,0,0,0,0,0,0,0,0,0,0,0,0,0,0,0,0,0,0,0,0,0,0,0,0,0,0,0,0,0,0,0,0,0,0,0,0,0,0,0,0,0,0,0,0,0,0,0,0,0,0,0,0,0,0,0,0,0,0,0
5,56,283,0,0,0,SUB-DISTRICT,Bhatwari,Total,17529,75056,40164,34892,8976,4800,4176,9344,4852,4492,1039,525,514,55908,33356,22552,19148,6808,12340,33387,20609,12778,27600,17778,9822,13690,6091,7599,434,301,133,916,582,334,12560,10804,1756,5787,2831,2956,4093,1723,2370,304,129,175,217,117,100,1173,862,311,4247,2168,2079,2777,1200,1577,239,109,130,178,97,81,1053,762,291,1540,663,877,1316,523,793,65,20,45,39,20,19,120,100,20,41669,19555,22114
5,56,283,0,0,0,SUB-DISTRICT,Bhatwari,Rural,13350,57471,30466,27005,7095,3747,3348,6697,3478,3219,919,463,456,41708,25095,16613,15763,5371,10392,27517,15876,11641,22502,13546,8956,13567,6006,7561,383,265,118,673,380,293,7879,6895,984,5015,2330,2685,3931,1652,2279,264,101,163,143,83,60,677,494,183,3672,1778,1894,2722,1163,1559,203,83,120,114,68,46,633,464,169,1343,552,791,1209,489,720,61,18,43,29,15,14,44,30,14,29954,14590,15364
5,56,283,0,0,0,SUB-DISTRICT,Bhatwari,Urban,4179,17585,9698,7887,1881,1053,828,2647,1374,1273,120,62,58,14200,8261,5939,3385,1437,1948,5870,4733,1137,5098,4232,866,123,85,38,51,36,15,243,202,41,4681,3909,772,772,501,271,162,71,91,40,28,12,74,34,40,496,368,128,575,390,185,55,37,18,36,26,10,64,29,35,420,298,122,197,111,86,107,34,73,4,2,2,10,5,5,76,70,6,11715,4965,6750
5,56,283,800288,0,0,TOWN,Uttarkashi (NPP),Urban,4132,17475,9601,7874,1881,1053,828,2647,1374,1273,120,62,58,14091,8164,5927,3384,1437,1947,5796,4665,1131,5081,4217,864,123,85,38,51,36,15,243,202,41,4664,3894,770,715,448,267,162,71,91,39,27,12,74,34,40,440,316,124,518,337,181,55,37,18,35,25,10,64,29,35,364,246,118,197,111,86,107,34,73,4,2,2,10,5,5,76,70,6,11679,4936,6743
5,56,283,800288,1,0,WARD,Uttarkashi (NPP) WARD NO.-0001,Urban,407,1845,1047,798,198,105,93,627,314,313,5,3,2,1375,825,550,470,222,248,638,589,49,610,565,45,9,9,0,1,1,0,3,3,0,597,552,45,28,24,4,5,5,0,3,3,0,2,2,0,18,14,4,25,22,3,3,3,0,3,3,0,2,2,0,17,14,3,3,2,1,2,2,0,0,0,0,0,0,0,1,0,1,1207,458,749
5,56,283,800288,2,0,WARD,Uttarkashi (NPP) WARD NO.-0002,Urban,461,1911,1030,881,217,123,94,387,200,187,17,7,10,1534,870,664,377,160,217,575,450,125,544,430,114,1,1,0,4,3,1,7,5,2,532,421,111,31,20,11,2,1,1,0,0,0,2,2,0,27,17,10,26,17,9,2,1,1,0,0,0,0,0,0,24,16,8,5,3,2,0,0,0,0,0,0,2,2,0,3,1,2,1336,580,756
5,56,283,800288,3,0,WARD,Uttarkashi (NPP) WARD NO.-0003,Urban,863,3659,1887,1772,441,246,195,358,192,166,20,8,12,2972,1613,1359,687,274,413,1026,785,241,853,692,161,8,5,3,0,0,0,7,7,0,838,680,158,173,93,80,98,31,67,10,5,5,5,3,2,60,54,6,65,54,11,6,4,2,7,4,3,3,1,2,49,45,4,108,39,69,92,27,65,3,1,2,2,2,0,11,9,2,2633,1102,1531
5,56,283,800288,4,0,WARD,Uttarkashi (NPP) WARD NO.-0004,Urban,347,1449,772,677,162,80,82,309,156,153,8,4,4,1149,657,492,300,115,185,461,376,85,438,356,82,0,0,0,8,7,1,7,7,0,423,342,81,23,20,3,1,1,0,8,7,1,3,3,0,11,9,2,20,17,3,1,1,0,7,6,1,2,2,0,10,8,2,3,3,0,0,0,0,1,1,0,1,1,0,1,1,0,988,396,592
5,56,283,800288,5,0,WARD,Uttarkashi (NPP) WARD NO.-0005,Urban,652,2936,1752,1184,257,154,103,285,164,121,26,16,10,2411,1537,874,525,215,310,1184,922,262,870,710,160,55,44,11,10,6,4,46,21,25,759,639,120,314,212,102,53,30,23,11,6,5,38,15,23,212,161,51,246,155,91,41,26,15,11,6,5,36,15,21,158,108,50,68,57,11,12,4,8,0,0,0,2,0,2,54,53,1,1752,830,922
5,56,283,800288,6,0,WARD,Uttarkashi (NPP) WARD NO.-0006,Urban,378,1558,835,723,158,82,76,221,105,116,4,3,1,1287,719,568,271,116,155,523,411,112,462,376,86,7,2,5,7,6,1,38,37,1,410,331,79,61,35,26,2,2,0,0,0,0,7,3,4,52,30,22,54,31,23,1,1,0,0,0,0,4,3,1,49,27,22,7,4,3,1,1,0,0,0,0,3,0,3,3,3,0,1035,424,611
5,56,283,800288,7,0,WARD,Uttarkashi (NPP) WARD NO.-0007,Urban,461,1906,1010,896,238,135,103,367,197,170,19,11,8,1498,839,659,408,171,237,559,430,129,512,416,96,39,20,19,19,12,7,123,110,13,331,274,57,47,14,33,0,0,0,1,1,0,17,6,11,29,7,22,46,13,33,0,0,0,1,1,0,17,6,11,28,6,22,1,1,0,0,0,0,0,0,0,0,0,0,1,1,0,1347,580,767
5,56,283,800288,8,0,WARD,Uttarkashi (NPP) WARD NO.-0008,Urban,327,1227,729,498,104,67,37,30,14,16,4,2,2,1055,642,413,172,87,85,470,396,74,453,385,68,0,0,0,2,1,1,7,7,0,444,377,67,17,11,6,0,0,0,0,0,0,0,0,0,17,11,6,16,10,6,0,0,0,0,0,0,0,0,0,16,10,6,1,1,0,0,0,0,0,0,0,0,0,0,1,1,0,757,333,424
5,56,283,800288,9,0,WARD,Uttarkashi (NPP) WARD NO.-0009,Urban,236,984,539,445,106,61,45,63,32,31,17,8,9,810,462,348,174,77,97,360,306,54,339,287,52,4,4,0,0,0,0,5,5,0,330,278,52,21,19,2,1,1,0,6,5,1,0,0,0,14,13,1,20,18,2,1,1,0,6,5,1,0,0,0,13,12,1,1,1,0,0,0,0,0,0,0,0,0,0,1,1,0,624,233,391
5,56,283,800289,0,0,TOWN,Gangotri (NP),Urban,47,110,97,13,0,0,0,0,0,0,0,0,0,109,97,12,1,0,1,74,68,6,17,15,2,0,0,0,0,0,0,0,0,0,17,15,2,57,53,4,0,0,0,1,1,0,0,0,0,56,52,4,57,53,4,0,0,0,1,1,0,0,0,0,56,52,4,0,0,0,0,0,0,0,0,0,0,0,0,0,0,0,36,29,7
5,56,283,800289,1,0,WARD,Gangotri (NP) WARD NO.-0001,Urban,8,8,8,0,0,0,0,0,0,0,0,0,0,8,8,0,0,0,0,5,5,0,0,0,0,0,0,0,0,0,0,0,0,0,0,0,0,5,5,0,0,0,0,0,0,0,0,0,0,5,5,0,5,5,0,0,0,0,0,0,0,0,0,0,5,5,0,0,0,0,0,0,0,0,0,0,0,0,0,0,0,0,3,3,0
5,56,283,800289,2,0,WARD,Gangotri (NP) WARD NO.-0002,Urban,10,19,13,6,0,0,0,0,0,0,0,0,0,19,13,6,0,0,0,14,10,4,6,5,1,0,0,0,0,0,0,0,0,0,6,5,1,8,5,3,0,0,0,0,0,0,0,0,0,8,5,3,8,5,3,0,0,0,0,0,0,0,0,0,8,5,3,0,0,0,0,0,0,0,0,0,0,0,0,0,0,0,5,3,2
5,56,283,800289,3,0,WARD,Gangotri (NP) WARD NO.-0003,Urban,13,36,36,0,0,0,0,0,0,0,0,0,0,36,36,0,0,0,0,17,17,0,1,1,0,0,0,0,0,0,0,0,0,0,1,1,0,16,16,0,0,0,0,0,0,0,0,0,0,16,16,0,16,16,0,0,0,0,0,0,0,0,0,0,16,16,0,0,0,0,0,0,0,0,0,0,0,0,0,0,0,0,19,19,0
5,56,283,800289,4,0,WARD,Gangotri (NP) WARD NO.-0004,Urban,8,39,32,7,0,0,0,0,0,0,0,0,0,38,32,6,1,0,1,30,28,2,2,1,1,0,0,0,0,0,0,0,0,0,2,1,1,28,27,1,0,0,0,1,1,0,0,0,0,27,26,1,28,27,1,0,0,0,1,1,0,0,0,0,27,26,1,0,0,0,0,0,0,0,0,0,0,0,0,0,0,0,9,4,5
5,56,283,800289,5,0,WARD,Gangotri (NP) WARD NO.-0005,Urban,8,8,8,0,0,0,0,0,0,0,0,0,0,8,8,0,0,0,0,8,8,0,8,8,0,0,0,0,0,0,0,0,0,0,8,8,0,0,0,0,0,0,0,0,0,0,0,0,0,0,0,0,0,0,0,0,0,0,0,0,0,0,0,0,0,0,0,0,0,0,0,0,0,0,0,0,0,0,0,0,0,0,0,0,0
5,57,0,0,0,0,DISTRICT,Chamoli,Total,88964,391605,193991,197614,52161,27609,24552,79317,39718,39599,12260,6021,6239,280556,155395,125161,111049,38596,72453,180940,93832,87108,115115,65566,49549,69612,28071,41541,1072,623,449,3115,2090,1025,41316,34782,6534,65825,28266,37559,51545,19493,32052,2773,1219,1554,2269,1068,1201,9238,6486,2752,49092,21586,27506,38640,14915,23725,1946,876,1070,1357,739,618,7149,5056,2093,16733,6680,10053,12905,4578,8327,827,343,484,912,329,583,2089,1430,659,210665,100159,110506
5,57,0,0,0,0,DISTRICT,Chamoli,Rural,74318,332209,160369,171840,45217,23813,21404,68000,33757,34243,9046,4457,4589,232303,126871,105432,99906,33498,66408,157909,75841,82068,94517,48981,45536,67057,27141,39916,874,459,415,1955,1168,787,24631,20213,4418,63392,26860,36532,50869,19300,31569,2690,1169,1521,2108,970,1138,7725,5421,2304,47058,20438,26620,38092,14775,23317,1874,832,1042,1233,662,571,5859,4169,1690,16334,6422,9912,12777,4525,8252,816,337,479,875,308,567,1866,1252,614,174300,84528,89772
5,57,0,0,0,0,DISTRICT,Chamoli,Urban,14646,59396,33622,25774,6944,3796,3148,11317,5961,5356,3214,1564,1650,48253,28524,19729,11143,5098,6045,23031,17991,5040,20598,16585,4013,2555,930,1625,198,164,34,1160,922,238,16685,14569,2116,2433,1406,1027,676,193,483,83,50,33,161,98,63,1513,1065,448,2034,1148,886,548,140,408,72,44,28,124,77,47,1290,887,403,399,258,141,128,53,75,11,6,5,37,21,16,223,178,45,36365,15631,20734
5,57,284,0,0,0,SUB-DISTRICT,Joshimath ,Total,12358,48202,27828,20374,5543,2895,2648,6481,3499,2982,7719,3812,3907,37159,23417,13742,11043,4411,6632,26035,17850,8185,19907,14727,5180,6962,3385,3577,235,174,61,1077,814,263,11633,10354,1279,6128,3123,3005,3814,1686,2128,189,140,49,819,348,471,1306,949,357,4379,2357,2022,2882,1358,1524,159,126,33,404,206,198,934,667,267,1749,766,983,932,328,604,30,14,16,415,142,273,372,282,90,22167,9978,12189
5,57,284,0,0,0,SUB-DISTRICT,Joshimath ,Rural,7610,29055,15786,13269,3372,1732,1640,4025,2137,1888,5986,2971,3015,21562,13020,8542,7493,2766,4727,16489,9878,6611,10854,7029,3825,5948,2962,2986,84,47,37,196,85,111,4626,3935,691,5635,2849,2786,3584,1600,1984,175,129,46,784,332,452,1092,788,304,3925,2115,1810,2654,1273,1381,145,115,30,372,192,180,754,535,219,1710,734,976,930,327,603,30,14,16,412,140,272,338,253,85,12566,5908,6658
5,57,284,0,0,0,SUB-DISTRICT,Joshimath ,Urban,4748,19147,12042,7105,2171,1163,1008,2456,1362,1094,1733,841,892,15597,10397,5200,3550,1645,1905,9546,7972,1574,9053,7698,1355,1014,423,591,151,127,24,881,729,152,7007,6419,588,493,274,219,230,86,144,14,11,3,35,16,19,214,161,53,454,242,212,228,85,143,14,11,3,32,14,18,180,132,48,39,32,7,2,1,1,0,0,0,3,2,1,34,29,5,9601,4070,5531
5,57,284,800290,0,0,TOWN,Badrinathpuri (NP),Urban,850,2438,2054,384,68,36,32,113,78,35,22,14,8,2265,1959,306,173,95,78,2178,1870,308,1985,1783,202,52,25,27,45,40,5,815,705,110,1073,1013,60,193,87,106,165,67,98,2,2,0,10,9,1,16,9,7,190,85,105,165,67,98,2,2,0,8,7,1,15,9,6,3,2,1,0,0,0,0,0,0,2,2,0,1,0,1,260,184,76
5,57,284,800290,1,0,WARD,Badrinathpuri (NP) WARD NO.-0001,Urban,508,1218,953,265,48,24,24,24,14,10,8,5,3,1128,909,219,90,44,46,1012,805,207,828,724,104,3,2,1,17,16,1,254,189,65,554,517,37,184,81,103,165,67,98,1,1,0,5,4,1,13,9,4,184,81,103,165,67,98,1,1,0,5,4,1,13,9,4,0,0,0,0,0,0,0,0,0,0,0,0,0,0,0,206,148,58
5,57,284,800290,2,0,WARD,Badrinathpuri (NP) WARD NO.-0002,Urban,342,1220,1101,119,20,12,8,89,64,25,14,9,5,1137,1050,87,83,51,32,1166,1065,101,1157,1059,98,49,23,26,28,24,4,561,516,45,519,496,23,9,6,3,0,0,0,1,1,0,5,5,0,3,0,3,6,4,2,0,0,0,1,1,0,3,3,0,2,0,2,3,2,1,0,0,0,0,0,0,2,2,0,1,0,1,54,36,18
5,57,284,800291,0,0,TOWN,Joshimath  (NPP),Urban,3898,16709,9988,6721,2103,1127,976,2343,1284,1059,1711,827,884,13332,8438,4894,3377,1550,1827,7368,6102,1266,7068,5915,1153,962,398,564,106,87,19,66,24,42,5934,5406,528,300,187,113,65,19,46,12,9,3,25,7,18,198,152,46,264,157,107,63,18,45,12,9,3,24,7,17,165,123,42,36,30,6,2,1,1,0,0,0,1,0,1,33,29,4,9341,3886,5455
5,57,284,800291,1,0,WARD,Joshimath  (NPP) WARD NO.-0001,Urban,716,3763,2624,1139,385,203,182,1003,533,470,48,26,22,3156,2356,800,607,268,339,2130,1986,144,2069,1952,117,23,12,11,2,2,0,34,5,29,2010,1933,77,61,34,27,11,0,11,0,0,0,4,0,4,46,34,12,54,28,26,11,0,11,0,0,0,4,0,4,39,28,11,7,6,1,0,0,0,0,0,0,0,0,0,7,6,1,1633,638,995
5,57,284,800291,2,0,WARD,Joshimath  (NPP) WARD NO.-0002,Urban,413,1472,924,548,213,122,91,43,28,15,1,1,0,1080,703,377,392,221,171,700,614,86,686,601,85,80,33,47,2,2,0,0,0,0,604,566,38,14,13,1,0,0,0,0,0,0,0,0,0,14,13,1,8,7,1,0,0,0,0,0,0,0,0,0,8,7,1,6,6,0,0,0,0,0,0,0,0,0,0,6,6,0,772,310,462
5,57,284,800291,3,0,WARD,Joshimath  (NPP) WARD NO.-0003,Urban,354,1380,833,547,140,68,72,67,33,34,141,72,69,1138,730,408,242,103,139,463,390,73,433,368,65,11,10,1,1,0,1,0,0,0,421,358,63,30,22,8,6,2,4,0,0,0,1,0,1,23,20,3,28,21,7,6,2,4,0,0,0,1,0,1,21,19,2,2,1,1,0,0,0,0,0,0,0,0,0,2,1,1,917,443,474
5,57,284,800291,4,0,WARD,Joshimath  (NPP) WARD NO.-0004,Urban,508,1984,1068,916,258,141,117,269,144,125,321,154,167,1611,894,717,373,174,199,716,550,166,683,533,150,97,31,66,54,44,10,12,7,5,520,451,69,33,17,16,1,1,0,11,8,3,8,0,8,13,8,5,32,17,15,1,1,0,11,8,3,8,0,8,12,8,4,1,0,1,0,0,0,0,0,0,0,0,0,1,0,1,1268,518,750
5,57,284,800291,5,0,WARD,Joshimath  (NPP) WARD NO.-0005,Urban,253,955,535,420,143,78,65,69,40,29,118,59,59,758,439,319,197,96,101,352,286,66,329,270,59,11,1,10,0,0,0,6,1,5,312,268,44,23,16,7,7,4,3,0,0,0,2,0,2,14,12,2,17,12,5,5,3,2,0,0,0,1,0,1,11,9,2,6,4,2,2,1,1,0,0,0,1,0,1,3,3,0,603,249,354
5,57,284,800291,6,0,WARD,Joshimath  (NPP) WARD NO.-0006,Urban,457,1766,1050,716,233,125,108,112,70,42,130,66,64,1397,863,534,369,187,182,716,604,112,649,575,74,25,9,16,0,0,0,4,4,0,620,562,58,67,29,38,25,2,23,0,0,0,6,4,2,36,23,13,65,27,38,25,2,23,0,0,0,6,4,2,34,21,13,2,2,0,0,0,0,0,0,0,0,0,0,2,2,0,1050,446,604
5,57,284,800291,7,0,WARD,Joshimath  (NPP) WARD NO.-0007,Urban,501,2432,1449,983,291,162,129,386,227,159,175,83,92,1977,1245,732,455,204,251,1180,951,229,1136,912,224,280,126,154,9,5,4,5,4,1,842,777,65,44,39,5,4,3,1,0,0,0,3,3,0,37,33,4,35,30,5,4,3,1,0,0,0,3,3,0,28,24,4,9,9,0,0,0,0,0,0,0,0,0,0,9,9,0,1252,498,754
5,57,284,800291,8,0,WARD,Joshimath  (NPP) WARD NO.-0008,Urban,303,1258,673,585,148,78,70,186,102,84,596,283,313,935,550,385,323,123,200,644,404,240,625,392,233,282,113,169,37,33,4,4,3,1,302,243,59,19,12,7,11,7,4,1,1,0,1,0,1,6,4,2,17,10,7,11,7,4,1,1,0,1,0,1,4,2,2,2,2,0,0,0,0,0,0,0,0,0,0,2,2,0,614,269,345
5,57,284,800291,9,0,WARD,Joshimath  (NPP) WARD NO.-0009,Urban,393,1699,832,867,292,150,142,208,107,101,181,83,98,1280,658,622,419,174,245,467,317,150,458,312,146,153,63,90,1,1,0,1,0,1,303,248,55,9,5,4,0,0,0,0,0,0,0,0,0,9,5,4,8,5,3,0,0,0,0,0,0,0,0,0,8,5,3,1,0,1,0,0,0,0,0,0,0,0,0,1,0,1,1232,515,717
5,57,285,0,0,0,SUB-DISTRICT,Chamoli,Total,22242,99982,50525,49457,13513,7154,6359,23411,11988,11423,3467,1673,1794,71449,40209,31240,28533,10316,18217,44188,23960,20228,26750,16198,10552,14314,6347,7967,404,195,209,670,369,301,11362,9287,2075,17438,7762,9676,13023,5056,7967,759,290,469,729,341,388,2927,2075,852,13154,5913,7241,10052,3922,6130,447,162,285,463,267,196,2192,1562,630,4284,1849,2435,2971,1134,1837,312,128,184,266,74,192,735,513,222,55794,26565,29229
5,57,285,0,0,0,SUB-DISTRICT,Chamoli,Rural,16328,76894,38207,38687,10794,5649,5145,18581,9447,9134,2159,1037,1122,52531,29801,22730,24363,8406,15957,36326,18212,18114,19953,10981,8972,13630,6175,7455,373,172,201,485,257,228,5465,4377,1088,16373,7231,9142,12743,5031,7712,729,268,461,640,288,352,2261,1644,617,12224,5446,6778,9813,3902,5911,424,144,280,394,221,173,1593,1179,414,4149,1785,2364,2930,1129,1801,305,124,181,246,67,179,668,465,203,40568,19995,20573
5,57,285,0,0,0,SUB-DISTRICT,Chamoli,Urban,5914,23088,12318,10770,2719,1505,1214,4830,2541,2289,1308,636,672,18918,10408,8510,4170,1910,2260,7862,5748,2114,6797,5217,1580,684,172,512,31,23,8,185,112,73,5897,4910,987,1065,531,534,280,25,255,30,22,8,89,53,36,666,431,235,930,467,463,239,20,219,23,18,5,69,46,23,599,383,216,135,64,71,41,5,36,7,4,3,20,7,13,67,48,19,15226,6570,8656
5,57,285,800292,0,0,TOWN,Chamoli Gopeshwar (NPP),Urban,5513,21447,11432,10015,2491,1388,1103,4096,2163,1933,1199,586,613,17688,9709,7979,3759,1723,2036,7177,5291,1886,6412,4892,1520,684,172,512,30,22,8,180,108,72,5518,4590,928,765,399,366,248,20,228,26,20,6,76,51,25,415,308,107,677,351,326,231,17,214,19,16,3,56,44,12,371,274,97,88,48,40,17,3,14,7,4,3,20,7,13,44,34,10,14270,6141,8129
5,57,285,800292,1,0,WARD,Chamoli Gopeshwar (NPP) WARD NO.-0001,Urban,602,2447,1256,1191,307,164,143,488,256,232,34,18,16,1994,1072,922,453,184,269,908,559,349,671,515,156,89,28,61,4,3,1,8,4,4,570,480,90,237,44,193,187,1,186,1,1,0,0,0,0,49,42,7,231,38,193,187,1,186,1,1,0,0,0,0,43,36,7,6,6,0,0,0,0,0,0,0,0,0,0,6,6,0,1539,697,842
5,57,285,800292,2,0,WARD,Chamoli Gopeshwar (NPP) WARD NO.-0002,Urban,569,2074,1120,954,210,116,94,535,271,264,53,30,23,1746,978,768,328,142,186,742,575,167,730,572,158,53,10,43,3,3,0,4,3,1,670,556,114,12,3,9,3,0,3,0,0,0,0,0,0,9,3,6,12,3,9,3,0,3,0,0,0,0,0,0,9,3,6,0,0,0,0,0,0,0,0,0,0,0,0,0,0,0,1332,545,787
5,57,285,800292,3,0,WARD,Chamoli Gopeshwar (NPP) WARD NO.-0003,Urban,645,2397,1277,1120,265,154,111,293,154,139,104,47,57,2017,1081,936,380,196,184,770,629,141,701,575,126,0,0,0,1,1,0,2,2,0,698,572,126,69,54,15,3,0,3,3,3,0,0,0,0,63,51,12,56,43,13,3,0,3,2,2,0,0,0,0,51,41,10,13,11,2,0,0,0,1,1,0,0,0,0,12,10,2,1627,648,979
5,57,285,800292,4,0,WARD,Chamoli Gopeshwar (NPP) WARD NO.-0004,Urban,627,2362,1293,1069,275,146,129,460,250,210,107,52,55,1984,1122,862,378,171,207,707,603,104,689,590,99,4,4,0,2,2,0,23,20,3,660,564,96,18,13,5,0,0,0,0,0,0,5,3,2,13,10,3,18,13,5,0,0,0,0,0,0,5,3,2,13,10,3,0,0,0,0,0,0,0,0,0,0,0,0,0,0,0,1655,690,965
5,57,285,800292,5,0,WARD,Chamoli Gopeshwar (NPP) WARD NO.-0005,Urban,973,3707,1968,1739,386,212,174,529,290,239,88,47,41,3197,1715,1482,510,253,257,1049,852,197,952,792,160,6,1,5,2,1,1,13,13,0,931,777,154,97,60,37,3,0,3,16,13,3,13,9,4,65,38,27,90,55,35,3,0,3,12,10,2,12,8,4,63,37,26,7,5,2,0,0,0,4,3,1,1,1,0,2,1,1,2658,1116,1542
5,57,285,800292,6,0,WARD,Chamoli Gopeshwar (NPP) WARD NO.-0006,Urban,621,2467,1293,1174,312,167,145,516,264,252,491,228,263,1988,1085,903,479,208,271,633,514,119,551,445,106,1,1,0,0,0,0,25,15,10,525,429,96,82,69,13,14,10,4,0,0,0,5,4,1,63,55,8,78,66,12,12,9,3,0,0,0,5,4,1,61,53,8,4,3,1,2,1,1,0,0,0,0,0,0,2,2,0,1834,779,1055
5,57,285,800292,7,0,WARD,Chamoli Gopeshwar (NPP) WARD NO.-0007,Urban,585,2333,1219,1114,278,163,115,461,244,217,16,4,12,1893,1025,868,440,194,246,802,512,290,676,429,247,181,30,151,18,12,6,21,18,3,456,369,87,126,83,43,14,4,10,3,1,2,37,31,6,72,47,25,108,74,34,10,2,8,1,1,0,32,28,4,65,43,22,18,9,9,4,2,2,2,0,2,5,3,2,7,4,3,1531,707,824
5,57,285,800292,8,0,WARD,Chamoli Gopeshwar (NPP) WARD NO.-0008,Urban,429,1845,974,871,260,143,117,562,284,278,159,88,71,1380,781,599,465,193,272,742,451,291,655,404,251,244,60,184,0,0,0,5,4,1,406,340,66,87,47,40,24,5,19,2,1,1,15,3,12,46,38,8,53,38,15,13,5,8,2,1,1,1,0,1,37,32,5,34,9,25,11,0,11,0,0,0,14,3,11,9,6,3,1103,523,580
5,57,285,800292,9,0,WARD,Chamoli Gopeshwar (NPP) WARD NO.-0009,Urban,462,1815,1032,783,198,123,75,252,150,102,147,72,75,1489,850,639,326,182,144,824,596,228,787,570,217,106,38,68,0,0,0,79,29,50,602,503,99,37,26,11,0,0,0,1,1,0,1,1,0,35,24,11,31,21,10,0,0,0,1,1,0,1,1,0,29,19,10,6,5,1,0,0,0,0,0,0,0,0,0,6,5,1,991,436,555
5,57,285,800293,0,0,TOWN,Nandprayag (NP),Urban,401,1641,886,755,228,117,111,734,378,356,109,50,59,1230,699,531,411,187,224,685,457,228,385,325,60,0,0,0,1,1,0,5,4,1,379,320,59,300,132,168,32,5,27,4,2,2,13,2,11,251,123,128,253,116,137,8,3,5,4,2,2,13,2,11,228,109,119,47,16,31,24,2,22,0,0,0,0,0,0,23,14,9,956,429,527
5,57,285,800293,1,0,WARD,Nandprayag (NP) WARD NO.-0001,Urban,108,502,258,244,85,45,40,466,236,230,8,3,5,337,191,146,165,67,98,243,119,124,56,46,10,0,0,0,0,0,0,3,2,1,53,44,9,187,73,114,6,2,4,0,0,0,3,0,3,178,71,107,176,67,109,6,2,4,0,0,0,3,0,3,167,65,102,11,6,5,0,0,0,0,0,0,0,0,0,11,6,5,259,139,120
5,57,285,800293,2,0,WARD,Nandprayag (NP) WARD NO.-0002,Urban,130,481,259,222,64,30,34,159,81,78,100,47,53,358,200,158,123,59,64,174,125,49,110,92,18,0,0,0,1,1,0,0,0,0,109,91,18,64,33,31,0,0,0,4,2,2,10,2,8,50,29,21,55,28,27,0,0,0,4,2,2,10,2,8,41,24,17,9,5,4,0,0,0,0,0,0,0,0,0,9,5,4,307,134,173
5,57,285,800293,3,0,WARD,Nandprayag (NP) WARD NO.-0003,Urban,76,336,184,152,42,23,19,88,45,43,0,0,0,268,153,115,68,31,37,139,109,30,108,98,10,0,0,0,0,0,0,0,0,0,108,98,10,31,11,20,23,3,20,0,0,0,0,0,0,8,8,0,7,6,1,2,1,1,0,0,0,0,0,0,5,5,0,24,5,19,21,2,19,0,0,0,0,0,0,3,3,0,197,75,122
5,57,285,800293,4,0,WARD,Nandprayag (NP) WARD NO.-0004,Urban,87,322,185,137,37,19,18,21,16,5,1,0,1,267,155,112,55,30,25,129,104,25,111,89,22,0,0,0,0,0,0,2,2,0,109,87,22,18,15,3,3,0,3,0,0,0,0,0,0,15,15,0,15,15,0,0,0,0,0,0,0,0,0,0,15,15,0,3,0,3,3,0,3,0,0,0,0,0,0,0,0,0,193,81,112
5,57,286,0,0,0,SUB-DISTRICT,Pokhari ,Total,8244,35890,16959,18931,4640,2449,2191,8458,4157,4301,104,52,52,25940,13796,12144,9950,3163,6787,17258,7853,9405,11184,5438,5746,7718,2828,4890,66,31,35,703,376,327,2697,2203,494,6074,2415,3659,4500,1560,2940,222,88,134,208,111,97,1144,656,488,4612,1816,2796,3425,1138,2287,190,79,111,127,80,47,870,519,351,1462,599,863,1075,422,653,32,9,23,81,31,50,274,137,137,18632,9106,9526
5,57,286,0,0,0,SUB-DISTRICT,Pokhari ,Rural,8244,35890,16959,18931,4640,2449,2191,8458,4157,4301,104,52,52,25940,13796,12144,9950,3163,6787,17258,7853,9405,11184,5438,5746,7718,2828,4890,66,31,35,703,376,327,2697,2203,494,6074,2415,3659,4500,1560,2940,222,88,134,208,111,97,1144,656,488,4612,1816,2796,3425,1138,2287,190,79,111,127,80,47,870,519,351,1462,599,863,1075,422,653,32,9,23,81,31,50,274,137,137,18632,9106,9526
5,57,286,0,0,0,SUB-DISTRICT,Pokhari ,Urban,0,0,0,0,0,0,0,0,0,0,0,0,0,0,0,0,0,0,0,0,0,0,0,0,0,0,0,0,0,0,0,0,0,0,0,0,0,0,0,0,0,0,0,0,0,0,0,0,0,0,0,0,0,0,0,0,0,0,0,0,0,0,0,0,0,0,0,0,0,0,0,0,0,0,0,0,0,0,0,0,0,0,0,0,0
5,57,287,0,0,0,SUB-DISTRICT,Karnaprayag,Total,13204,56005,27368,28637,6870,3673,3197,11784,5836,5948,686,329,357,41926,22538,19388,14079,4830,9249,22735,12307,10428,12799,7883,4916,6381,2420,3961,49,31,18,177,156,21,6192,5276,916,9936,4424,5512,7994,3046,4948,232,124,108,250,125,125,1460,1129,331,7280,3360,3920,5796,2309,3487,147,81,66,190,87,103,1147,883,264,2656,1064,1592,2198,737,1461,85,43,42,60,38,22,313,246,67,33270,15061,18209
5,57,287,0,0,0,SUB-DISTRICT,Karnaprayag,Rural,9220,38844,18106,20738,4816,2545,2271,7753,3778,3975,513,242,271,28188,14819,13369,10656,3287,7369,17112,8036,9076,8051,4213,3838,5524,2085,3439,33,17,16,83,75,8,2411,2036,375,9061,3823,5238,7828,2964,4864,193,107,86,213,96,117,827,656,171,6630,2921,3709,5715,2274,3441,112,66,46,167,70,97,636,511,125,2431,902,1529,2113,690,1423,81,41,40,46,26,20,191,145,46,21732,10070,11662
5,57,287,0,0,0,SUB-DISTRICT,Karnaprayag,Urban,3984,17161,9262,7899,2054,1128,926,4031,2058,1973,173,87,86,13738,7719,6019,3423,1543,1880,5623,4271,1352,4748,3670,1078,857,335,522,16,14,2,94,81,13,3781,3240,541,875,601,274,166,82,84,39,17,22,37,29,8,633,473,160,650,439,211,81,35,46,35,15,20,23,17,6,511,372,139,225,162,63,85,47,38,4,2,2,14,12,2,122,101,21,11538,4991,6547
5,57,287,800294,0,0,TOWN,Gochar (NP),Urban,1985,8864,4707,4157,1093,578,515,2248,1148,1100,39,25,14,7005,3929,3076,1859,778,1081,3150,2194,956,2658,1893,765,783,295,488,10,8,2,54,52,2,1811,1538,273,492,301,191,85,30,55,20,5,15,15,15,0,372,251,121,414,254,160,63,22,41,18,5,13,10,10,0,323,217,106,78,47,31,22,8,14,2,0,2,5,5,0,49,34,15,5714,2513,3201
5,57,287,800294,1,0,WARD,Gochar (NP) WARD NO.-0001,Urban,238,1185,581,604,137,80,57,673,344,329,0,0,0,873,468,405,312,113,199,566,264,302,546,245,301,443,156,287,0,0,0,0,0,0,103,89,14,20,19,1,1,1,0,2,2,0,0,0,0,17,16,1,20,19,1,1,1,0,2,2,0,0,0,0,17,16,1,0,0,0,0,0,0,0,0,0,0,0,0,0,0,0,619,317,302
5,57,287,800294,2,0,WARD,Gochar (NP) WARD NO.-0002,Urban,171,884,528,356,101,56,45,289,154,135,4,4,0,713,457,256,171,71,100,336,312,24,289,266,23,0,0,0,0,0,0,0,0,0,289,266,23,47,46,1,0,0,0,0,0,0,0,0,0,47,46,1,36,36,0,0,0,0,0,0,0,0,0,0,36,36,0,11,10,1,0,0,0,0,0,0,0,0,0,11,10,1,548,216,332
5,57,287,800294,3,0,WARD,Gochar (NP) WARD NO.-0003,Urban,433,1961,1126,835,242,131,111,484,262,222,19,11,8,1595,971,624,366,155,211,847,625,222,708,546,162,146,50,96,4,2,2,2,2,0,556,492,64,139,79,60,26,7,19,1,1,0,1,1,0,111,70,41,124,71,53,22,6,16,1,1,0,0,0,0,101,64,37,15,8,7,4,1,3,0,0,0,1,1,0,10,6,4,1114,501,613
5,57,287,800294,4,0,WARD,Gochar (NP) WARD NO.-0004,Urban,280,1084,497,587,139,77,62,106,50,56,8,5,3,883,407,476,201,90,111,244,154,90,188,127,61,11,8,3,1,1,0,0,0,0,176,118,58,56,27,29,0,0,0,0,0,0,0,0,0,56,27,29,53,26,27,0,0,0,0,0,0,0,0,0,53,26,27,3,1,2,0,0,0,0,0,0,0,0,0,3,1,2,840,343,497
5,57,287,800294,5,0,WARD,Gochar (NP) WARD NO.-0005,Urban,287,1252,702,550,172,80,92,542,258,284,7,5,2,902,550,352,350,152,198,465,344,121,351,297,54,5,2,3,3,3,0,37,35,2,306,257,49,114,47,67,34,7,27,14,1,13,0,0,0,66,39,27,103,42,61,28,5,23,14,1,13,0,0,0,61,36,25,11,5,6,6,2,4,0,0,0,0,0,0,5,3,2,787,358,429
5,57,287,800294,6,0,WARD,Gochar (NP) WARD NO.-0006,Urban,327,1416,758,658,164,87,77,129,68,61,0,0,0,1148,634,514,268,124,144,372,303,69,270,233,37,16,14,2,2,2,0,4,4,0,248,213,35,102,70,32,23,14,9,2,0,2,13,13,0,64,43,21,67,50,17,11,9,2,0,0,0,9,9,0,47,32,15,35,20,15,12,5,7,2,0,2,4,4,0,17,11,6,1044,455,589
5,57,287,800294,7,0,WARD,Gochar (NP) WARD NO.-0007,Urban,249,1082,515,567,138,67,71,25,12,13,1,0,1,891,442,449,191,73,118,320,192,128,306,179,127,162,65,97,0,0,0,11,11,0,133,103,30,14,13,1,1,1,0,1,1,0,1,1,0,11,10,1,11,10,1,1,1,0,1,1,0,1,1,0,8,7,1,3,3,0,0,0,0,0,0,0,0,0,0,3,3,0,762,323,439
5,57,287,800295,0,0,TOWN,Karnaprayag (NP),Urban,1999,8297,4555,3742,961,550,411,1783,910,873,134,62,72,6733,3790,2943,1564,765,799,2473,2077,396,2090,1777,313,74,40,34,6,6,0,40,29,11,1970,1702,268,383,300,83,81,52,29,19,12,7,22,14,8,261,222,39,236,185,51,18,13,5,17,10,7,13,7,6,188,155,33,147,115,32,63,39,24,2,2,0,9,7,2,73,67,6,5824,2478,3346
5,57,287,800295,1,0,WARD,Karnaprayag (NP) WARD NO.-0001,Urban,420,1734,908,826,231,128,103,462,222,240,34,19,15,1399,751,648,335,157,178,459,389,70,431,370,61,0,0,0,1,1,0,3,2,1,427,367,60,28,19,9,0,0,0,1,1,0,1,1,0,26,17,9,27,18,9,0,0,0,1,1,0,1,1,0,25,16,9,1,1,0,0,0,0,0,0,0,0,0,0,1,1,0,1275,519,756
5,57,287,800295,2,0,WARD,Karnaprayag (NP) WARD NO.-0002,Urban,252,1146,594,552,151,93,58,327,170,157,0,0,0,867,470,397,279,124,155,330,253,77,211,165,46,57,26,31,1,1,0,3,3,0,150,135,15,119,88,31,61,37,24,1,1,0,11,8,3,46,42,4,11,7,4,1,1,0,0,0,0,3,2,1,7,4,3,108,81,27,60,36,24,1,1,0,8,6,2,39,38,1,816,341,475
5,57,287,800295,3,0,WARD,Karnaprayag (NP) WARD NO.-0003,Urban,211,943,523,420,127,70,57,309,160,149,1,0,1,764,431,333,179,92,87,305,253,52,237,197,40,8,8,0,1,1,0,13,5,8,215,183,32,68,56,12,3,2,1,4,2,2,6,1,5,55,51,4,55,43,12,3,2,1,3,1,2,6,1,5,43,39,4,13,13,0,0,0,0,1,1,0,0,0,0,12,12,0,638,270,368
5,57,287,800295,4,0,WARD,Karnaprayag (NP) WARD NO.-0004,Urban,121,468,267,201,15,8,7,78,44,34,6,2,4,444,256,188,24,11,13,142,116,26,140,115,25,5,3,2,1,1,0,0,0,0,134,111,23,2,1,1,0,0,0,0,0,0,0,0,0,2,1,1,2,1,1,0,0,0,0,0,0,0,0,0,2,1,1,0,0,0,0,0,0,0,0,0,0,0,0,0,0,0,326,151,175
5,57,287,800295,5,0,WARD,Karnaprayag (NP) WARD NO.-0005,Urban,400,1662,905,757,189,102,87,261,134,127,71,26,45,1354,762,592,308,143,165,451,386,65,382,327,55,0,0,0,2,2,0,0,0,0,380,325,55,69,59,10,6,6,0,6,3,3,3,3,0,54,47,7,46,41,5,3,3,0,6,3,3,2,2,0,35,33,2,23,18,5,3,3,0,0,0,0,1,1,0,19,14,5,1211,519,692
5,57,287,800295,6,0,WARD,Karnaprayag (NP) WARD NO.-0006,Urban,214,886,563,323,96,58,38,81,40,41,0,0,0,692,446,246,194,117,77,366,345,21,340,321,19,0,0,0,0,0,0,6,6,0,334,315,19,26,24,2,0,0,0,0,0,0,0,0,0,26,24,2,26,24,2,0,0,0,0,0,0,0,0,0,26,24,2,0,0,0,0,0,0,0,0,0,0,0,0,0,0,0,520,218,302
5,57,287,800295,7,0,WARD,Karnaprayag (NP) WARD NO.-0007,Urban,381,1458,795,663,152,91,61,265,140,125,22,15,7,1213,674,539,245,121,124,420,335,85,349,282,67,4,3,1,0,0,0,15,13,2,330,266,64,71,53,18,11,7,4,7,5,2,1,1,0,52,40,12,69,51,18,11,7,4,7,5,2,1,1,0,50,38,12,2,2,0,0,0,0,0,0,0,0,0,0,2,2,0,1038,460,578
5,57,288,0,0,0,SUB-DISTRICT,Tharali  ,Total,19739,89114,42556,46558,12062,6474,5588,20195,10005,10190,148,80,68,62490,33583,28907,26624,8973,17651,41858,19523,22335,24380,12289,12091,17754,6786,10968,204,128,76,287,240,47,6135,5135,1000,17478,7234,10244,14687,5522,9165,935,406,529,164,84,80,1692,1222,470,12704,5576,7128,10555,4198,6357,614,274,340,124,63,61,1411,1041,370,4774,1658,3116,4132,1324,2808,321,132,189,40,21,19,281,181,100,47256,23033,24223
5,57,288,0,0,0,SUB-DISTRICT,Tharali  ,Rural,19739,89114,42556,46558,12062,6474,5588,20195,10005,10190,148,80,68,62490,33583,28907,26624,8973,17651,41858,19523,22335,24380,12289,12091,17754,6786,10968,204,128,76,287,240,47,6135,5135,1000,17478,7234,10244,14687,5522,9165,935,406,529,164,84,80,1692,1222,470,12704,5576,7128,10555,4198,6357,614,274,340,124,63,61,1411,1041,370,4774,1658,3116,4132,1324,2808,321,132,189,40,21,19,281,181,100,47256,23033,24223
5,57,288,0,0,0,SUB-DISTRICT,Tharali  ,Urban,0,0,0,0,0,0,0,0,0,0,0,0,0,0,0,0,0,0,0,0,0,0,0,0,0,0,0,0,0,0,0,0,0,0,0,0,0,0,0,0,0,0,0,0,0,0,0,0,0,0,0,0,0,0,0,0,0,0,0,0,0,0,0,0,0,0,0,0,0,0,0,0,0,0,0,0,0,0,0,0,0,0,0,0,0
5,57,289,0,0,0,SUB-DISTRICT,Gairsain,Total,13177,62412,28755,33657,9533,4964,4569,8988,4233,4755,136,75,61,41592,21852,19740,20820,6903,13917,28866,12339,16527,20095,9031,11064,16483,6305,10178,114,64,50,201,135,66,3297,2527,770,8771,3308,5463,7527,2623,4904,436,171,265,99,59,40,709,455,254,6963,2564,4399,5930,1990,3940,389,154,235,49,36,13,595,384,211,1808,744,1064,1597,633,964,47,17,30,50,23,27,114,71,43,33546,16416,17130
5,57,289,0,0,0,SUB-DISTRICT,Gairsain,Rural,13177,62412,28755,33657,9533,4964,4569,8988,4233,4755,136,75,61,41592,21852,19740,20820,6903,13917,28866,12339,16527,20095,9031,11064,16483,6305,10178,114,64,50,201,135,66,3297,2527,770,8771,3308,5463,7527,2623,4904,436,171,265,99,59,40,709,455,254,6963,2564,4399,5930,1990,3940,389,154,235,49,36,13,595,384,211,1808,744,1064,1597,633,964,47,17,30,50,23,27,114,71,43,33546,16416,17130
5,57,289,0,0,0,SUB-DISTRICT,Gairsain,Urban,0,0,0,0,0,0,0,0,0,0,0,0,0,0,0,0,0,0,0,0,0,0,0,0,0,0,0,0,0,0,0,0,0,0,0,0,0,0,0,0,0,0,0,0,0,0,0,0,0,0,0,0,0,0,0,0,0,0,0,0,0,0,0,0,0,0,0,0,0,0,0,0,0,0,0,0,0,0,0,0,0,0,0,0,0
5,58,0,0,0,0,DISTRICT,Rudraprayag,Total,53542,242285,114589,127696,32046,16823,15223,47679,23585,24094,386,217,169,170933,91803,79130,71352,22786,48566,113032,52339,60693,78950,37681,41269,56884,20068,36816,1519,696,823,1470,998,472,19077,15919,3158,34082,14658,19424,26271,9272,16999,1681,860,821,642,381,261,5488,4145,1343,26630,11423,15207,20344,7096,13248,1385,685,700,504,292,212,4397,3350,1047,7452,3235,4217,5927,2176,3751,296,175,121,138,89,49,1091,795,296,129253,62250,67003
5,58,0,0,0,0,DISTRICT,Rudraprayag,Rural,50882,232360,108740,123620,30995,16240,14755,46279,22823,23456,309,169,140,162944,86853,76091,69416,21887,47529,108539,48799,59740,75165,34567,40598,56646,19984,36662,1409,643,766,1291,853,438,15819,13087,2732,33374,14232,19142,26169,9246,16923,1640,842,798,611,361,250,4954,3783,1171,25989,11045,14944,20257,7077,13180,1345,668,677,480,276,204,3907,3024,883,7385,3187,4198,5912,2169,3743,295,174,121,131,85,46,1047,759,288,123821,59941,63880
5,58,0,0,0,0,DISTRICT,Rudraprayag,Urban,2660,9925,5849,4076,1051,583,468,1400,762,638,77,48,29,7989,4950,3039,1936,899,1037,4493,3540,953,3785,3114,671,238,84,154,110,53,57,179,145,34,3258,2832,426,708,426,282,102,26,76,41,18,23,31,20,11,534,362,172,641,378,263,87,19,68,40,17,23,24,16,8,490,326,164,67,48,19,15,7,8,1,1,0,7,4,3,44,36,8,5432,2309,3123
5,58,290,0,0,0,SUB-DISTRICT,Ukhimath,Total,18524,87024,42614,44410,11165,5930,5235,17339,8675,8664,163,89,74,63158,34881,28277,23866,7733,16133,40695,19586,21109,32665,15692,16973,24502,8990,15512,608,262,346,511,359,152,7044,6081,963,8030,3894,4136,5663,2099,3564,365,237,128,297,167,130,1705,1391,314,6307,3052,3255,4418,1601,2817,253,153,100,236,129,107,1400,1169,231,1723,842,881,1245,498,747,112,84,28,61,38,23,305,222,83,46329,23028,23301
5,58,290,0,0,0,SUB-DISTRICT,Ukhimath,Rural,18227,86412,42005,44407,11165,5930,5235,17313,8649,8664,163,89,74,62557,34282,28275,23855,7723,16132,40091,18985,21106,32064,15094,16970,24501,8989,15512,608,262,346,511,359,152,6444,5484,960,8027,3891,4136,5663,2099,3564,365,237,128,297,167,130,1702,1388,314,6304,3049,3255,4418,1601,2817,253,153,100,236,129,107,1397,1166,231,1723,842,881,1245,498,747,112,84,28,61,38,23,305,222,83,46321,23020,23301
5,58,290,0,0,0,SUB-DISTRICT,Ukhimath,Urban,297,612,609,3,0,0,0,26,26,0,0,0,0,601,599,2,11,10,1,604,601,3,601,598,3,1,1,0,0,0,0,0,0,0,600,597,3,3,3,0,0,0,0,0,0,0,0,0,0,3,3,0,3,3,0,0,0,0,0,0,0,0,0,0,3,3,0,0,0,0,0,0,0,0,0,0,0,0,0,0,0,0,8,8,0
5,58,290,800296,0,0,TOWN,Kedarnath (NP),Urban,297,612,609,3,0,0,0,26,26,0,0,0,0,601,599,2,11,10,1,604,601,3,601,598,3,1,1,0,0,0,0,0,0,0,600,597,3,3,3,0,0,0,0,0,0,0,0,0,0,3,3,0,3,3,0,0,0,0,0,0,0,0,0,0,3,3,0,0,0,0,0,0,0,0,0,0,0,0,0,0,0,0,8,8,0
5,58,290,800296,1,0,WARD,Kedarnath (NP) WARD NO.-0001,Urban,297,612,609,3,0,0,0,26,26,0,0,0,0,601,599,2,11,10,1,604,601,3,601,598,3,1,1,0,0,0,0,0,0,0,600,597,3,3,3,0,0,0,0,0,0,0,0,0,0,3,3,0,3,3,0,0,0,0,0,0,0,0,0,0,3,3,0,0,0,0,0,0,0,0,0,0,0,0,0,0,0,0,8,8,0
5,58,291,0,0,0,SUB-DISTRICT,"Rudraprayag
",Total,21497,91859,42976,48883,11664,6091,5573,17519,8571,8948,207,120,87,65908,34791,31117,25951,8185,17766,41789,19815,21974,23997,12543,11454,13693,4522,9171,703,315,388,799,510,289,8802,7196,1606,17792,7272,10520,13469,4472,8997,1141,531,610,252,162,90,2930,2107,823,13715,5598,8117,10179,3323,6856,983,454,529,206,130,76,2347,1691,656,4077,1674,2403,3290,1149,2141,158,77,81,46,32,14,583,416,167,50070,23161,26909
5,58,291,0,0,0,SUB-DISTRICT,"Rudraprayag
",Rural,19134,82546,37736,44810,10613,5508,5105,16145,7835,8310,130,72,58,58520,30440,28080,24026,7296,16730,37900,16876,21024,20813,10027,10786,13456,4439,9017,593,262,331,620,365,255,6144,4961,1183,17087,6849,10238,13367,4446,8921,1100,513,587,221,142,79,2399,1748,651,13077,5223,7854,10092,3304,6788,943,437,506,182,114,68,1860,1368,492,4010,1626,2384,3275,1142,2133,157,76,81,39,28,11,539,380,159,44646,20860,23786
5,58,291,0,0,0,SUB-DISTRICT,"Rudraprayag
",Urban,2363,9313,5240,4073,1051,583,468,1374,736,638,77,48,29,7388,4351,3037,1925,889,1036,3889,2939,950,3184,2516,668,237,83,154,110,53,57,179,145,34,2658,2235,423,705,423,282,102,26,76,41,18,23,31,20,11,531,359,172,638,375,263,87,19,68,40,17,23,24,16,8,487,323,164,67,48,19,15,7,8,1,1,0,7,4,3,44,36,8,5424,2301,3123
5,58,291,800297,0,0,TOWN,Rudraprayag (NPP),Urban,2363,9313,5240,4073,1051,583,468,1374,736,638,77,48,29,7388,4351,3037,1925,889,1036,3889,2939,950,3184,2516,668,237,83,154,110,53,57,179,145,34,2658,2235,423,705,423,282,102,26,76,41,18,23,31,20,11,531,359,172,638,375,263,87,19,68,40,17,23,24,16,8,487,323,164,67,48,19,15,7,8,1,1,0,7,4,3,44,36,8,5424,2301,3123
5,58,291,800297,1,0,WARD,Rudraprayag (NPP) WARD NO.-0001,Urban,369,1563,883,680,197,118,79,698,359,339,2,2,0,1138,672,466,425,211,214,679,469,210,551,389,162,90,21,69,33,19,14,47,29,18,381,320,61,128,80,48,1,0,1,3,1,2,3,2,1,121,77,44,116,69,47,1,0,1,3,1,2,2,1,1,110,67,43,12,11,1,0,0,0,0,0,0,1,1,0,11,10,1,884,414,470
5,58,291,800297,2,0,WARD,Rudraprayag (NPP) WARD NO.-0002,Urban,204,884,478,406,100,48,52,196,104,92,7,4,3,705,410,295,179,68,111,305,258,47,287,244,43,4,2,2,5,1,4,55,49,6,223,192,31,18,14,4,0,0,0,0,0,0,1,0,1,17,14,3,14,11,3,0,0,0,0,0,0,0,0,0,14,11,3,4,3,1,0,0,0,0,0,0,1,0,1,3,3,0,579,220,359
5,58,291,800297,3,0,WARD,Rudraprayag (NPP) WARD NO.-0003,Urban,209,865,448,417,85,45,40,50,28,22,13,10,3,620,339,281,245,109,136,392,236,156,252,177,75,39,15,24,45,16,29,5,2,3,163,144,19,140,59,81,68,9,59,9,6,3,0,0,0,63,44,19,132,54,78,64,8,56,9,6,3,0,0,0,59,40,19,8,5,3,4,1,3,0,0,0,0,0,0,4,4,0,473,212,261
5,58,291,800297,4,0,WARD,Rudraprayag (NPP) WARD NO.-0004,Urban,426,1453,794,659,180,105,75,108,63,45,2,2,0,1181,663,518,272,131,141,440,368,72,420,351,69,1,0,1,3,1,2,1,1,0,415,349,66,20,17,3,2,2,0,0,0,0,0,0,0,18,15,3,18,15,3,1,1,0,0,0,0,0,0,0,17,14,3,2,2,0,1,1,0,0,0,0,0,0,0,1,1,0,1013,426,587
5,58,291,800297,5,0,WARD,Rudraprayag (NPP) WARD NO.-0005,Urban,252,933,582,351,111,69,42,175,110,65,2,1,1,742,481,261,191,101,90,448,354,94,394,330,64,4,3,1,9,8,1,30,27,3,351,292,59,54,24,30,1,0,1,1,0,1,11,5,6,41,19,22,46,19,27,1,0,1,1,0,1,8,4,4,36,15,21,8,5,3,0,0,0,0,0,0,3,1,2,5,4,1,485,228,257
5,58,291,800297,6,0,WARD,Rudraprayag (NPP) WARD NO.-0006,Urban,302,1089,576,513,125,68,57,25,14,11,44,25,19,882,483,399,207,93,114,400,307,93,329,263,66,8,8,0,8,2,6,1,1,0,312,252,60,71,44,27,14,4,10,6,2,4,3,1,2,48,37,11,63,40,23,9,3,6,6,2,4,3,1,2,45,34,11,8,4,4,5,1,4,0,0,0,0,0,0,3,3,0,689,269,420
5,58,291,800297,7,0,WARD,Rudraprayag (NPP) WARD NO.-0007,Urban,367,1574,940,634,152,76,76,88,41,47,7,4,3,1343,848,495,231,92,139,814,626,188,688,537,151,77,26,51,5,4,1,5,4,1,601,503,98,126,89,37,14,9,5,2,1,1,7,7,0,103,72,31,116,83,33,10,6,4,2,1,1,7,7,0,97,69,28,10,6,4,4,3,1,0,0,0,0,0,0,6,3,3,760,314,446
5,58,291,800297,8,0,WARD,Rudraprayag (NPP) WARD NO.-0008,Urban,117,500,271,229,58,30,28,8,4,4,0,0,0,409,227,182,91,44,47,230,162,68,105,88,17,0,0,0,2,2,0,2,1,1,101,85,16,125,74,51,2,2,0,20,8,12,2,1,1,101,63,38,117,68,49,1,1,0,19,7,12,1,0,1,96,60,36,8,6,2,1,1,0,1,1,0,1,1,0,5,3,2,270,109,161
5,58,291,800297,9,0,WARD,Rudraprayag (NPP) WARD NO.-0009,Urban,117,452,268,184,43,24,19,26,13,13,0,0,0,368,228,140,84,40,44,181,159,22,158,137,21,14,8,6,0,0,0,33,31,2,111,98,13,23,22,1,0,0,0,0,0,0,4,4,0,19,18,1,16,16,0,0,0,0,0,0,0,3,3,0,13,13,0,7,6,1,0,0,0,0,0,0,1,1,0,6,5,1,271,109,162
5,58,292,0,0,0,SUB-DISTRICT,Jakholi*,Total,13521,63402,28999,34403,9217,4802,4415,12821,6339,6482,16,8,8,41867,22131,19736,21535,6868,14667,30548,12938,17610,22288,9446,12842,18689,6556,12133,208,119,89,160,129,31,3231,2642,589,8260,3492,4768,7139,2701,4438,175,92,83,93,52,41,853,647,206,6608,2773,3835,5747,2172,3575,149,78,71,62,33,29,650,490,160,1652,719,933,1392,529,863,26,14,12,31,19,12,203,157,46,32854,16061,16793
5,58,292,0,0,0,SUB-DISTRICT,Jakholi*,Rural,13521,63402,28999,34403,9217,4802,4415,12821,6339,6482,16,8,8,41867,22131,19736,21535,6868,14667,30548,12938,17610,22288,9446,12842,18689,6556,12133,208,119,89,160,129,31,3231,2642,589,8260,3492,4768,7139,2701,4438,175,92,83,93,52,41,853,647,206,6608,2773,3835,5747,2172,3575,149,78,71,62,33,29,650,490,160,1652,719,933,1392,529,863,26,14,12,31,19,12,203,157,46,32854,16061,16793
5,58,292,0,0,0,SUB-DISTRICT,Jakholi*,Urban,0,0,0,0,0,0,0,0,0,0,0,0,0,0,0,0,0,0,0,0,0,0,0,0,0,0,0,0,0,0,0,0,0,0,0,0,0,0,0,0,0,0,0,0,0,0,0,0,0,0,0,0,0,0,0,0,0,0,0,0,0,0,0,0,0,0,0,0,0,0,0,0,0,0,0,0,0,0,0,0,0,0,0,0,0
5,59,0,0,0,0,DISTRICT,Tehri Garhwal,Total,132714,618931,297986,320945,84657,44634,40023,102130,50371,51759,875,459,416,407994,227406,180588,210937,70580,140357,280442,140821,139621,165912,98619,67293,97523,42409,55114,3582,2007,1575,2229,1680,549,62578,52523,10055,114530,42202,72328,89598,27987,61611,4547,2029,2518,1792,758,1034,18593,11428,7165,81725,31139,50586,64150,20282,43868,2953,1384,1569,1414,601,813,13208,8872,4336,32805,11063,21742,25448,7705,17743,1594,645,949,378,157,221,5385,2556,2829,338489,157165,181324
5,59,0,0,0,0,DISTRICT,Tehri Garhwal,Rural,115691,548792,259381,289411,76718,40333,36385,94628,46327,48301,630,312,318,352776,195356,157420,196016,64025,131991,257529,121365,136164,145082,80715,64367,97398,42313,55085,3505,1942,1563,1943,1460,483,42236,35000,7236,112447,40650,71797,89481,27943,61538,4473,1981,2492,1632,661,971,16861,10065,6796,79834,29710,50124,64050,20239,43811,2883,1340,1543,1280,519,761,11621,7612,4009,32613,10940,21673,25431,7704,17727,1590,641,949,352,142,210,5240,2453,2787,291263,138016,153247
5,59,0,0,0,0,DISTRICT,Tehri Garhwal,Urban,17023,70139,38605,31534,7939,4301,3638,7502,4044,3458,245,147,98,55218,32050,23168,14921,6555,8366,22913,19456,3457,20830,17904,2926,125,96,29,77,65,12,286,220,66,20342,17523,2819,2083,1552,531,117,44,73,74,48,26,160,97,63,1732,1363,369,1891,1429,462,100,43,57,70,44,26,134,82,52,1587,1260,327,192,123,69,17,1,16,4,4,0,26,15,11,145,103,42,47226,19149,28077
5,59,293,0,0,0,SUB-DISTRICT,Ghansali,Total,25127,120775,54496,66279,17934,9335,8599,24539,11681,12858,38,16,22,72666,39214,33452,48109,15282,32827,57371,24070,33301,23451,12494,10957,16013,6526,9487,418,201,217,390,305,85,6630,5462,1168,33920,11576,22344,29556,9450,20106,1115,477,638,509,188,321,2740,1461,1279,22838,8213,14625,19960,6646,13314,777,350,427,386,151,235,1715,1066,649,11082,3363,7719,9596,2804,6792,338,127,211,123,37,86,1025,395,630,63404,30426,32978
5,59,293,0,0,0,SUB-DISTRICT,Ghansali,Rural,25127,120775,54496,66279,17934,9335,8599,24539,11681,12858,38,16,22,72666,39214,33452,48109,15282,32827,57371,24070,33301,23451,12494,10957,16013,6526,9487,418,201,217,390,305,85,6630,5462,1168,33920,11576,22344,29556,9450,20106,1115,477,638,509,188,321,2740,1461,1279,22838,8213,14625,19960,6646,13314,777,350,427,386,151,235,1715,1066,649,11082,3363,7719,9596,2804,6792,338,127,211,123,37,86,1025,395,630,63404,30426,32978
5,59,293,0,0,0,SUB-DISTRICT,Ghansali,Urban,0,0,0,0,0,0,0,0,0,0,0,0,0,0,0,0,0,0,0,0,0,0,0,0,0,0,0,0,0,0,0,0,0,0,0,0,0,0,0,0,0,0,0,0,0,0,0,0,0,0,0,0,0,0,0,0,0,0,0,0,0,0,0,0,0,0,0,0,0,0,0,0,0,0,0,0,0,0,0,0,0,0,0,0,0
5,59,294,0,0,0,SUB-DISTRICT,Devprayag,Total,22310,94441,44782,49659,11981,6333,5648,17407,8550,8857,164,97,67,62440,34302,28138,32001,10480,21521,43707,21034,22673,29401,15407,13994,18783,6553,12230,397,200,197,316,243,73,9905,8411,1494,14306,5627,8679,9945,2950,6995,718,330,388,215,123,92,3428,2224,1204,10299,4206,6093,7317,2207,5110,527,261,266,143,83,60,2312,1655,657,4007,1421,2586,2628,743,1885,191,69,122,72,40,32,1116,569,547,50734,23748,26986
5,59,294,0,0,0,SUB-DISTRICT,Devprayag,Rural,21397,90772,42780,47992,11598,6142,5456,16754,8236,8518,162,97,65,59570,32686,26884,31202,10094,21108,42223,19859,22364,28136,14373,13763,18773,6545,12228,394,198,196,296,228,68,8673,7402,1271,14087,5486,8601,9939,2945,6994,710,325,385,123,65,58,3315,2151,1164,10107,4082,6025,7311,2202,5109,522,259,263,72,36,36,2202,1585,617,3980,1404,2576,2628,743,1885,188,66,122,51,29,22,1113,566,547,48549,22921,25628
5,59,294,0,0,0,SUB-DISTRICT,Devprayag,Urban,913,3669,2002,1667,383,191,192,653,314,339,2,0,2,2870,1616,1254,799,386,413,1484,1175,309,1265,1034,231,10,8,2,3,2,1,20,15,5,1232,1009,223,219,141,78,6,5,1,8,5,3,92,58,34,113,73,40,192,124,68,6,5,1,5,2,3,71,47,24,110,70,40,27,17,10,0,0,0,3,3,0,21,11,10,3,3,0,2185,827,1358
5,59,294,800298,0,0,TOWN,Kirtinagar (NP),Urban,351,1517,890,627,152,68,84,271,138,133,0,0,0,1109,650,459,408,240,168,618,561,57,601,544,57,3,3,0,1,0,1,8,6,2,589,535,54,17,17,0,1,1,0,0,0,0,0,0,0,16,16,0,14,14,0,1,1,0,0,0,0,0,0,0,13,13,0,3,3,0,0,0,0,0,0,0,0,0,0,3,3,0,899,329,570
5,59,294,800298,1,0,WARD,Kirtinagar (NP) WARD NO.-0001,Urban,80,349,190,159,33,15,18,44,23,21,0,0,0,280,157,123,69,33,36,116,104,12,115,103,12,2,2,0,0,0,0,0,0,0,113,101,12,1,1,0,0,0,0,0,0,0,0,0,0,1,1,0,1,1,0,0,0,0,0,0,0,0,0,0,1,1,0,0,0,0,0,0,0,0,0,0,0,0,0,0,0,0,233,86,147
5,59,294,800298,2,0,WARD,Kirtinagar (NP) WARD NO.-0002,Urban,100,346,212,134,32,13,19,50,26,24,0,0,0,263,164,99,83,48,35,143,125,18,141,123,18,1,1,0,0,0,0,2,2,0,138,120,18,2,2,0,1,1,0,0,0,0,0,0,0,1,1,0,2,2,0,1,1,0,0,0,0,0,0,0,1,1,0,0,0,0,0,0,0,0,0,0,0,0,0,0,0,0,203,87,116
5,59,294,800298,3,0,WARD,Kirtinagar (NP) WARD NO.-0003,Urban,92,421,261,160,41,21,20,76,41,35,0,0,0,310,192,118,111,69,42,188,175,13,187,174,13,0,0,0,0,0,0,4,2,2,183,172,11,1,1,0,0,0,0,0,0,0,0,0,0,1,1,0,1,1,0,0,0,0,0,0,0,0,0,0,1,1,0,0,0,0,0,0,0,0,0,0,0,0,0,0,0,0,233,86,147
5,59,294,800298,4,0,WARD,Kirtinagar (NP) WARD NO.-0004,Urban,79,401,227,174,46,19,27,101,48,53,0,0,0,256,137,119,145,90,55,171,157,14,158,144,14,0,0,0,1,0,1,2,2,0,155,142,13,13,13,0,0,0,0,0,0,0,0,0,0,13,13,0,10,10,0,0,0,0,0,0,0,0,0,0,10,10,0,3,3,0,0,0,0,0,0,0,0,0,0,3,3,0,230,70,160
5,59,294,800299,0,0,TOWN,Devaprayag (NP) (Part),Urban,562,2152,1112,1040,231,123,108,382,176,206,2,0,2,1761,966,795,391,146,245,866,614,252,664,490,174,7,5,2,2,2,0,12,9,3,643,474,169,202,124,78,5,4,1,8,5,3,92,58,34,97,57,40,178,110,68,5,4,1,5,2,3,71,47,24,97,57,40,24,14,10,0,0,0,3,3,0,21,11,10,0,0,0,1286,498,788
5,59,294,800299,1,0,WARD,Devaprayag (NP) (Part) WARD NO.-0001,Urban,212,798,405,393,82,45,37,362,165,197,0,0,0,635,350,285,163,55,108,264,198,66,157,128,29,1,1,0,2,2,0,7,6,1,147,119,28,107,70,37,1,1,0,7,5,2,91,57,34,8,7,1,84,57,27,1,1,0,4,2,2,71,47,24,8,7,1,23,13,10,0,0,0,3,3,0,20,10,10,0,0,0,534,207,327
5,59,294,800299,2,0,WARD,Devaprayag (NP) (Part) WARD NO.-0002,Urban,143,588,309,279,74,38,36,0,0,0,0,0,0,486,264,222,102,45,57,361,212,149,284,172,112,3,2,1,0,0,0,5,3,2,276,167,109,77,40,37,3,3,0,0,0,0,0,0,0,74,37,37,77,40,37,3,3,0,0,0,0,0,0,0,74,37,37,0,0,0,0,0,0,0,0,0,0,0,0,0,0,0,227,97,130
5,59,294,800299,3,0,WARD,Devaprayag (NP) (Part) WARD NO.-0003,Urban,207,766,398,368,75,40,35,20,11,9,2,0,2,640,352,288,126,46,80,241,204,37,223,190,33,3,2,1,0,0,0,0,0,0,220,188,32,18,14,4,1,0,1,1,0,1,1,1,0,15,13,2,17,13,4,1,0,1,1,0,1,0,0,0,15,13,2,1,1,0,0,0,0,0,0,0,1,1,0,0,0,0,525,194,331
5,59,295,0,0,0,SUB-DISTRICT,Pratapnagar,Total,14773,73592,34982,38610,10656,5660,4996,11863,5790,6073,31,17,14,47609,27012,20597,25983,7970,18013,34945,16545,18400,17986,10912,7074,12763,6705,6058,524,348,176,153,118,35,4546,3741,805,16959,5633,11326,13527,4055,9472,464,189,275,261,110,151,2707,1279,1428,13203,4702,8501,10756,3371,7385,287,160,127,243,101,142,1917,1070,847,3756,931,2825,2771,684,2087,177,29,148,18,9,9,790,209,581,38647,18437,20210
5,59,295,0,0,0,SUB-DISTRICT,Pratapnagar,Rural,14773,73592,34982,38610,10656,5660,4996,11863,5790,6073,31,17,14,47609,27012,20597,25983,7970,18013,34945,16545,18400,17986,10912,7074,12763,6705,6058,524,348,176,153,118,35,4546,3741,805,16959,5633,11326,13527,4055,9472,464,189,275,261,110,151,2707,1279,1428,13203,4702,8501,10756,3371,7385,287,160,127,243,101,142,1917,1070,847,3756,931,2825,2771,684,2087,177,29,148,18,9,9,790,209,581,38647,18437,20210
5,59,295,0,0,0,SUB-DISTRICT,Pratapnagar,Urban,0,0,0,0,0,0,0,0,0,0,0,0,0,0,0,0,0,0,0,0,0,0,0,0,0,0,0,0,0,0,0,0,0,0,0,0,0,0,0,0,0,0,0,0,0,0,0,0,0,0,0,0,0,0,0,0,0,0,0,0,0,0,0,0,0,0,0,0,0,0,0,0,0,0,0,0,0,0,0,0,0,0,0,0,0
5,59,296,0,0,0,SUB-DISTRICT,Jakhnidhar,Total,7955,32753,14992,17761,4085,2189,1896,5896,2914,2982,70,29,41,22188,11635,10553,10565,3357,7208,15562,6872,8690,7686,4029,3657,4852,1755,3097,105,47,58,189,156,33,2540,2071,469,7876,2843,5033,6691,2156,4535,175,80,95,187,63,124,823,544,279,6030,2159,3871,5167,1649,3518,123,61,62,154,53,101,586,396,190,1846,684,1162,1524,507,1017,52,19,33,33,10,23,237,148,89,17191,8120,9071
5,59,296,0,0,0,SUB-DISTRICT,Jakhnidhar,Rural,7955,32753,14992,17761,4085,2189,1896,5896,2914,2982,70,29,41,22188,11635,10553,10565,3357,7208,15562,6872,8690,7686,4029,3657,4852,1755,3097,105,47,58,189,156,33,2540,2071,469,7876,2843,5033,6691,2156,4535,175,80,95,187,63,124,823,544,279,6030,2159,3871,5167,1649,3518,123,61,62,154,53,101,586,396,190,1846,684,1162,1524,507,1017,52,19,33,33,10,23,237,148,89,17191,8120,9071
5,59,296,0,0,0,SUB-DISTRICT,Jakhnidhar,Urban,0,0,0,0,0,0,0,0,0,0,0,0,0,0,0,0,0,0,0,0,0,0,0,0,0,0,0,0,0,0,0,0,0,0,0,0,0,0,0,0,0,0,0,0,0,0,0,0,0,0,0,0,0,0,0,0,0,0,0,0,0,0,0,0,0,0,0,0,0,0,0,0,0,0,0,0,0,0,0,0,0,0,0,0,0
5,59,297,0,0,0,SUB-DISTRICT,Tehri   ,Total,26919,117607,57626,59981,14924,7983,6941,17030,8472,8558,226,144,82,83285,45709,37576,34322,11917,22405,51755,28115,23640,31937,20584,11353,12319,4685,7634,1293,682,611,411,326,85,17914,14891,3023,19818,7531,12287,14556,4578,9978,711,270,441,265,125,140,4286,2558,1728,13692,5313,8379,9909,3097,6812,532,186,346,211,95,116,3040,1935,1105,6126,2218,3908,4647,1481,3166,179,84,95,54,30,24,1246,623,623,65852,29511,36341
5,59,297,0,0,0,SUB-DISTRICT,Tehri   ,Rural,18773,85822,40305,45517,11431,6085,5346,13216,6415,6801,40,33,7,57769,31143,26626,28053,9162,18891,40995,19129,21866,22041,12241,9800,12246,4634,7612,1234,633,601,320,244,76,8241,6730,1511,18954,6888,12066,14466,4548,9918,651,231,420,217,98,119,3620,2011,1609,12892,4703,8189,9835,3068,6767,473,148,325,166,71,95,2418,1416,1002,6062,2185,3877,4631,1480,3151,178,83,95,51,27,24,1202,595,607,44827,21176,23651
5,59,297,0,0,0,SUB-DISTRICT,Tehri   ,Urban,8146,31785,17321,14464,3493,1898,1595,3814,2057,1757,186,111,75,25516,14566,10950,6269,2755,3514,10760,8986,1774,9896,8343,1553,73,51,22,59,49,10,91,82,9,9673,8161,1512,864,643,221,90,30,60,60,39,21,48,27,21,666,547,119,800,610,190,74,29,45,59,38,21,45,24,21,622,519,103,64,33,31,16,1,15,1,1,0,3,3,0,44,28,16,21025,8335,12690
5,59,297,800300,0,0,TOWN,Tehri (NPP),Urban,6175,24014,13172,10842,2483,1354,1129,3213,1749,1464,140,69,71,19496,11260,8236,4518,1912,2606,8243,6901,1342,7737,6557,1180,38,28,10,54,44,10,51,44,7,7594,6441,1153,506,344,162,63,20,43,53,33,20,13,6,7,377,285,92,458,320,138,50,19,31,53,33,20,12,5,7,343,263,80,48,24,24,13,1,12,0,0,0,1,1,0,34,22,12,15771,6271,9500
5,59,297,800300,1,0,WARD,Tehri (NPP) WARD NO.-0001,Urban,642,2361,1315,1046,193,110,83,460,250,210,6,3,3,1892,1116,776,469,199,270,771,688,83,745,673,72,7,6,1,34,27,7,3,2,1,701,638,63,26,15,11,2,2,0,0,0,0,1,0,1,23,13,10,26,15,11,2,2,0,0,0,0,1,0,1,23,13,10,0,0,0,0,0,0,0,0,0,0,0,0,0,0,0,1590,627,963
5,59,297,800300,2,0,WARD,Tehri (NPP) WARD NO.-0002,Urban,253,523,430,93,20,9,11,67,46,21,4,4,0,457,396,61,66,34,32,394,387,7,392,385,7,1,1,0,0,0,0,1,1,0,390,383,7,2,2,0,0,0,0,0,0,0,0,0,0,2,2,0,2,2,0,0,0,0,0,0,0,0,0,0,2,2,0,0,0,0,0,0,0,0,0,0,0,0,0,0,0,0,129,43,86
5,59,297,800300,3,0,WARD,Tehri (NPP) WARD NO.-0003,Urban,846,3219,1787,1432,275,159,116,265,146,119,6,4,2,2661,1530,1131,558,257,301,1162,980,182,1148,973,175,2,1,1,6,6,0,2,2,0,1138,964,174,14,7,7,0,0,0,0,0,0,0,0,0,14,7,7,14,7,7,0,0,0,0,0,0,0,0,0,14,7,7,0,0,0,0,0,0,0,0,0,0,0,0,0,0,0,2057,807,1250
5,59,297,800300,4,0,WARD,Tehri (NPP) WARD NO.-0004,Urban,349,1558,821,737,196,94,102,314,164,150,5,2,3,1165,653,512,393,168,225,504,425,79,435,371,64,0,0,0,0,0,0,7,7,0,428,364,64,69,54,15,0,0,0,0,0,0,5,2,3,64,52,12,57,43,14,0,0,0,0,0,0,5,2,3,52,41,11,12,11,1,0,0,0,0,0,0,0,0,0,12,11,1,1054,396,658
5,59,297,800300,5,0,WARD,Tehri (NPP) WARD NO.-0005,Urban,408,1972,1023,949,255,128,127,285,150,135,0,0,0,1504,837,667,468,186,282,615,495,120,420,345,75,6,2,4,3,2,1,11,9,2,400,332,68,195,150,45,26,12,14,31,22,9,3,2,1,135,114,21,187,149,38,21,12,9,31,22,9,3,2,1,132,113,19,8,1,7,5,0,5,0,0,0,0,0,0,3,1,2,1357,528,829
5,59,297,800300,6,0,WARD,Tehri (NPP) WARD NO.-0006,Urban,584,2409,1274,1135,304,160,144,127,72,55,2,2,0,1893,1066,827,516,208,308,785,662,123,772,652,120,3,2,1,2,1,1,3,2,1,764,647,117,13,10,3,1,1,0,0,0,0,0,0,0,12,9,3,10,7,3,1,1,0,0,0,0,0,0,0,9,6,3,3,3,0,0,0,0,0,0,0,0,0,0,3,3,0,1624,612,1012
5,59,297,800300,7,0,WARD,Tehri (NPP) WARD NO.-0007,Urban,421,1821,943,878,180,101,79,329,171,158,0,0,0,1480,801,679,341,142,199,514,431,83,486,406,80,3,2,1,0,0,0,3,1,2,480,403,77,28,25,3,0,0,0,0,0,0,1,0,1,27,25,2,26,24,2,0,0,0,0,0,0,1,0,1,25,24,1,2,1,1,0,0,0,0,0,0,0,0,0,2,1,1,1307,512,795
5,59,297,800300,8,0,WARD,Tehri (NPP) WARD NO.-0008,Urban,303,1284,677,607,135,79,56,353,179,174,20,9,11,1018,572,446,266,105,161,390,312,78,381,306,75,0,0,0,1,1,0,0,0,0,380,305,75,9,6,3,0,0,0,0,0,0,0,0,0,9,6,3,8,6,2,0,0,0,0,0,0,0,0,0,8,6,2,1,0,1,0,0,0,0,0,0,0,0,0,1,0,1,894,365,529
5,59,297,800300,9,0,WARD,Tehri (NPP) WARD NO.-0009,Urban,580,2164,1146,1018,247,136,111,157,87,70,13,7,6,1791,997,794,373,149,224,691,544,147,680,541,139,1,1,0,2,2,0,7,7,0,670,531,139,11,3,8,3,0,3,1,0,1,0,0,0,7,3,4,8,2,6,3,0,3,1,0,1,0,0,0,4,2,2,3,1,2,0,0,0,0,0,0,0,0,0,3,1,2,1473,602,871
5,59,297,800300,10,0,WARD,Tehri (NPP) WARD NO.-0010,Urban,170,620,350,270,74,41,33,162,93,69,10,7,3,506,295,211,114,55,59,224,189,35,219,187,32,1,0,1,0,0,0,0,0,0,218,187,31,5,2,3,0,0,0,0,0,0,1,1,0,4,1,3,5,2,3,0,0,0,0,0,0,1,1,0,4,1,3,0,0,0,0,0,0,0,0,0,0,0,0,0,0,0,396,161,235
5,59,297,800300,11,0,WARD,Tehri (NPP) WARD NO.-0011,Urban,717,2630,1512,1118,245,133,112,258,153,105,44,20,24,2215,1330,885,415,182,233,1074,860,214,993,810,183,11,10,1,5,5,0,9,9,0,968,786,182,81,50,31,13,4,9,21,11,10,2,1,1,45,34,11,73,45,28,13,4,9,21,11,10,1,0,1,38,30,8,8,5,3,0,0,0,0,0,0,1,1,0,7,4,3,1556,652,904
5,59,297,800300,12,0,WARD,Tehri (NPP) WARD NO.-0012,Urban,454,1708,942,766,157,89,68,140,80,60,16,5,11,1475,842,633,233,100,133,578,479,99,549,465,84,1,1,0,0,0,0,1,1,0,547,463,84,29,14,15,1,0,1,0,0,0,0,0,0,28,14,14,27,13,14,1,0,1,0,0,0,0,0,0,26,13,13,2,1,1,0,0,0,0,0,0,0,0,0,2,1,1,1130,463,667
5,59,297,800300,13,0,WARD,Tehri (NPP) WARD NO.-0013,Urban,448,1745,952,793,202,115,87,296,158,138,14,6,8,1439,825,614,306,127,179,541,449,92,517,443,74,2,2,0,1,0,1,4,3,1,510,438,72,24,6,18,17,1,16,0,0,0,0,0,0,7,5,2,15,5,10,9,0,9,0,0,0,0,0,0,6,5,1,9,1,8,8,1,7,0,0,0,0,0,0,1,0,1,1204,503,701
5,59,297,800301,0,0,TOWN,Chamba (NP)  ,Urban,1971,7771,4149,3622,1010,544,466,601,308,293,46,42,4,6020,3306,2714,1751,843,908,2517,2085,432,2159,1786,373,35,23,12,5,5,0,40,38,2,2079,1720,359,358,299,59,27,10,17,7,6,1,35,21,14,289,262,27,342,290,52,24,10,14,6,5,1,33,19,14,279,256,23,16,9,7,3,0,3,1,1,0,2,2,0,10,6,4,5254,2064,3190
5,59,297,800301,1,0,WARD,Chamba (NP)   WARD NO.-0001,Urban,271,1079,674,405,106,53,53,166,91,75,5,3,2,767,474,293,312,200,112,454,405,49,220,174,46,2,2,0,0,0,0,0,0,0,218,172,46,234,231,3,0,0,0,0,0,0,0,0,0,234,231,3,232,230,2,0,0,0,0,0,0,0,0,0,232,230,2,2,1,1,0,0,0,0,0,0,0,0,0,2,1,1,625,269,356
5,59,297,800301,2,0,WARD,Chamba (NP)   WARD NO.-0002,Urban,325,1197,599,598,149,87,62,68,39,29,0,0,0,965,493,472,232,106,126,337,255,82,328,251,77,2,2,0,0,0,0,10,10,0,316,239,77,9,4,5,2,0,2,0,0,0,0,0,0,7,4,3,9,4,5,2,0,2,0,0,0,0,0,0,7,4,3,0,0,0,0,0,0,0,0,0,0,0,0,0,0,0,860,344,516
5,59,297,800301,3,0,WARD,Chamba (NP)   WARD NO.-0003,Urban,249,992,518,474,127,69,58,37,21,16,1,1,0,795,435,360,197,83,114,312,261,51,300,253,47,2,1,1,2,2,0,9,8,1,287,242,45,12,8,4,2,2,0,0,0,0,0,0,0,10,6,4,11,7,4,2,2,0,0,0,0,0,0,0,9,5,4,1,1,0,0,0,0,0,0,0,0,0,0,1,1,0,680,257,423
5,59,297,800301,4,0,WARD,Chamba (NP)   WARD NO.-0004,Urban,203,805,435,370,112,62,50,15,6,9,5,3,2,629,355,274,176,80,96,267,234,33,262,230,32,11,8,3,0,0,0,1,1,0,250,221,29,5,4,1,0,0,0,0,0,0,0,0,0,5,4,1,3,3,0,0,0,0,0,0,0,0,0,0,3,3,0,2,1,1,0,0,0,0,0,0,0,0,0,2,1,1,538,201,337
5,59,297,800301,5,0,WARD,Chamba (NP)   WARD NO.-0005,Urban,274,923,460,463,118,71,47,21,9,12,0,0,0,747,377,370,176,83,93,296,212,84,229,176,53,8,4,4,3,3,0,15,15,0,203,154,49,67,36,31,19,7,12,6,6,0,32,18,14,10,5,5,61,33,28,17,7,10,5,5,0,30,16,14,9,5,4,6,3,3,2,0,2,1,1,0,2,2,0,1,0,1,627,248,379
5,59,297,800301,6,0,WARD,Chamba (NP)   WARD NO.-0006,Urban,424,1845,1013,832,242,134,108,220,102,118,34,34,0,1415,799,616,430,214,216,632,540,92,610,527,83,5,3,2,0,0,0,5,4,1,600,520,80,22,13,9,4,1,3,0,0,0,3,3,0,15,9,6,17,10,7,3,1,2,0,0,0,3,3,0,11,6,5,5,3,2,1,0,1,0,0,0,0,0,0,4,3,1,1213,473,740
5,59,297,800301,7,0,WARD,Chamba (NP)   WARD NO.-0007,Urban,225,930,450,480,156,68,88,74,40,34,1,1,0,702,373,329,228,77,151,219,178,41,210,175,35,5,3,2,0,0,0,0,0,0,205,172,33,9,3,6,0,0,0,1,0,1,0,0,0,8,3,5,9,3,6,0,0,0,1,0,1,0,0,0,8,3,5,0,0,0,0,0,0,0,0,0,0,0,0,0,0,0,711,272,439
5,59,298,0,0,0,SUB-DISTRICT,Dhanaulti,Total,12409,74083,37099,36984,11250,5797,5453,13669,6912,6757,268,107,161,47467,27548,19919,26616,9551,17065,34755,18237,16518,26844,15145,11699,21876,11418,10458,510,312,198,247,159,88,4211,3256,955,7911,3092,4819,6126,2127,3999,542,244,298,212,65,147,1031,656,375,6040,2195,3845,4654,1426,3228,449,208,241,182,57,125,755,504,251,1871,897,974,1472,701,771,93,36,57,30,8,22,276,152,124,39328,18862,20466
5,59,298,0,0,0,SUB-DISTRICT,Dhanaulti,Rural,12409,74083,37099,36984,11250,5797,5453,13669,6912,6757,268,107,161,47467,27548,19919,26616,9551,17065,34755,18237,16518,26844,15145,11699,21876,11418,10458,510,312,198,247,159,88,4211,3256,955,7911,3092,4819,6126,2127,3999,542,244,298,212,65,147,1031,656,375,6040,2195,3845,4654,1426,3228,449,208,241,182,57,125,755,504,251,1871,897,974,1472,701,771,93,36,57,30,8,22,276,152,124,39328,18862,20466
5,59,298,0,0,0,SUB-DISTRICT,Dhanaulti,Urban,0,0,0,0,0,0,0,0,0,0,0,0,0,0,0,0,0,0,0,0,0,0,0,0,0,0,0,0,0,0,0,0,0,0,0,0,0,0,0,0,0,0,0,0,0,0,0,0,0,0,0,0,0,0,0,0,0,0,0,0,0,0,0,0,0,0,0,0,0,0,0,0,0,0,0,0,0,0,0,0,0,0,0,0,0
5,59,299,0,0,0,SUB-DISTRICT,Narendranagar,Total,23221,105680,54009,51671,13827,7337,6490,11726,6052,5674,78,49,29,72339,41986,30353,33341,12023,21318,42347,25948,16399,28607,20048,8559,10917,4767,6150,335,217,118,523,373,150,16832,14691,2141,13740,5900,7840,9197,2671,6526,822,439,383,143,84,59,3578,2706,872,9623,4351,5272,6387,1886,4501,258,158,100,95,61,34,2883,2246,637,4117,1549,2568,2810,785,2025,564,281,283,48,23,25,695,460,235,63333,28061,35272
5,59,299,0,0,0,SUB-DISTRICT,Narendranagar,Rural,15257,70995,34727,36268,9764,5125,4639,8691,4379,4312,21,13,8,45507,26118,19389,25488,8609,16879,31678,16653,15025,18938,11521,7417,10875,4730,6145,320,203,117,348,250,98,7395,6338,1057,12740,5132,7608,9176,2662,6514,816,435,381,123,72,51,2625,1963,662,8724,3656,5068,6367,1877,4490,252,154,98,77,50,27,2028,1575,453,4016,1476,2540,2809,785,2024,564,281,283,46,22,24,597,388,209,39317,18074,21243
5,59,299,0,0,0,SUB-DISTRICT,Narendranagar,Urban,7964,34685,19282,15403,4063,2212,1851,3035,1673,1362,57,36,21,26832,15868,10964,7853,3414,4439,10669,9295,1374,9669,8527,1142,42,37,5,15,14,1,175,123,52,9437,8353,1084,1000,768,232,21,9,12,6,4,2,20,12,8,953,743,210,899,695,204,20,9,11,6,4,2,18,11,7,855,671,184,101,73,28,1,0,1,0,0,0,2,1,1,98,72,26,24016,9987,14029
5,59,299,44604,0,0,TOWN,Dhaluwala (CT),Urban,4173,18016,9468,8548,2322,1303,1019,367,206,161,30,15,15,13837,7839,5998,4179,1629,2550,4718,4186,532,4274,3849,425,13,11,2,8,8,0,87,63,24,4166,3767,399,444,337,107,12,4,8,4,3,1,3,2,1,425,328,97,401,307,94,11,4,7,4,3,1,2,1,1,384,299,85,43,30,13,1,0,1,0,0,0,1,1,0,41,29,12,13298,5282,8016
5,59,299,44604,1,0,WARD,Dhaluwala (CT) WARD NO.-0001,Urban,4173,18016,9468,8548,2322,1303,1019,367,206,161,30,15,15,13837,7839,5998,4179,1629,2550,4718,4186,532,4274,3849,425,13,11,2,8,8,0,87,63,24,4166,3767,399,444,337,107,12,4,8,4,3,1,3,2,1,425,328,97,401,307,94,11,4,7,4,3,1,2,1,1,384,299,85,43,30,13,1,0,1,0,0,0,1,1,0,41,29,12,13298,5282,8016
5,59,299,800302,0,0,TOWN,Narendranagar (NPP),Urban,1297,6049,3493,2556,518,277,241,1215,663,552,19,17,2,4956,2988,1968,1093,505,588,2160,1818,342,1850,1565,285,9,7,2,1,1,0,24,15,9,1816,1542,274,310,253,57,5,3,2,2,1,1,10,7,3,293,242,51,289,232,57,5,3,2,2,1,1,10,7,3,272,221,51,21,21,0,0,0,0,0,0,0,0,0,0,21,21,0,3889,1675,2214
5,59,299,800302,1,0,WARD,Narendranagar (NPP) WARD NO.-0001,Urban,291,1405,841,564,137,82,55,422,230,192,3,3,0,1032,640,392,373,201,172,583,487,96,349,293,56,1,1,0,1,1,0,1,1,0,346,290,56,234,194,40,1,1,0,2,1,1,7,4,3,224,188,36,222,182,40,1,1,0,2,1,1,7,4,3,212,176,36,12,12,0,0,0,0,0,0,0,0,0,0,12,12,0,822,354,468
5,59,299,800302,2,0,WARD,Narendranagar (NPP) WARD NO.-0002,Urban,498,2547,1491,1056,143,79,64,236,131,105,10,8,2,2217,1360,857,330,131,199,841,729,112,804,704,100,3,2,1,0,0,0,2,1,1,799,701,98,37,25,12,3,1,2,0,0,0,1,1,0,33,23,10,37,25,12,3,1,2,0,0,0,1,1,0,33,23,10,0,0,0,0,0,0,0,0,0,0,0,0,0,0,0,1706,762,944
5,59,299,800302,3,0,WARD,Narendranagar (NPP) WARD NO.-0003,Urban,270,1118,607,511,104,50,54,292,153,139,6,6,0,957,533,424,161,74,87,393,311,82,383,304,79,4,3,1,0,0,0,3,1,2,376,300,76,10,7,3,0,0,0,0,0,0,1,1,0,9,6,3,10,7,3,0,0,0,0,0,0,1,1,0,9,6,3,0,0,0,0,0,0,0,0,0,0,0,0,0,0,0,725,296,429
5,59,299,800302,4,0,WARD,Narendranagar (NPP) WARD NO.-0004,Urban,238,979,554,425,134,66,68,265,149,116,0,0,0,750,455,295,229,99,130,343,291,52,314,264,50,1,1,0,0,0,0,18,12,6,295,251,44,29,27,2,1,1,0,0,0,0,1,1,0,27,25,2,20,18,2,1,1,0,0,0,0,1,1,0,18,16,2,9,9,0,0,0,0,0,0,0,0,0,0,9,9,0,636,263,373
5,59,299,800303,0,0,TOWN,Muni Ki Reti (NP),Urban,2494,10620,6321,4299,1223,632,591,1453,804,649,8,4,4,8039,5041,2998,2581,1280,1301,3791,3291,500,3545,3113,432,20,19,1,6,5,1,64,45,19,3455,3044,411,246,178,68,4,2,2,0,0,0,7,3,4,235,173,62,209,156,53,4,2,2,0,0,0,6,3,3,199,151,48,37,22,15,0,0,0,0,0,0,1,0,1,36,22,14,6829,3030,3799
5,59,299,800303,1,0,WARD,Muni Ki Reti (NP) WARD NO.-0001,Urban,367,1497,992,505,154,80,74,600,321,279,0,0,0,1087,772,315,410,220,190,513,409,104,468,377,91,1,1,0,2,1,1,13,6,7,452,369,83,45,32,13,2,1,1,0,0,0,0,0,0,43,31,12,35,24,11,2,1,1,0,0,0,0,0,0,33,23,10,10,8,2,0,0,0,0,0,0,0,0,0,10,8,2,984,583,401
5,59,299,800303,2,0,WARD,Muni Ki Reti (NP) WARD NO.-0002,Urban,411,1770,1004,766,164,78,86,184,90,94,1,1,0,1477,889,588,293,115,178,522,446,76,458,388,70,8,7,1,2,2,0,5,4,1,443,375,68,64,58,6,2,1,1,0,0,0,1,1,0,61,56,5,64,58,6,2,1,1,0,0,0,1,1,0,61,56,5,0,0,0,0,0,0,0,0,0,0,0,0,0,0,0,1248,558,690
5,59,299,800303,3,0,WARD,Muni Ki Reti (NP) WARD NO.-0003,Urban,260,1055,617,438,100,47,53,100,52,48,0,0,0,857,536,321,198,81,117,368,316,52,348,299,49,5,5,0,0,0,0,0,0,0,343,294,49,20,17,3,0,0,0,0,0,0,0,0,0,20,17,3,17,14,3,0,0,0,0,0,0,0,0,0,17,14,3,3,3,0,0,0,0,0,0,0,0,0,0,3,3,0,687,301,386
5,59,299,800303,4,0,WARD,Muni Ki Reti (NP) WARD NO.-0004,Urban,270,1124,609,515,135,79,56,38,18,20,0,0,0,901,506,395,223,103,120,367,316,51,350,307,43,2,2,0,0,0,0,5,5,0,343,300,43,17,9,8,0,0,0,0,0,0,0,0,0,17,9,8,12,6,6,0,0,0,0,0,0,0,0,0,12,6,6,5,3,2,0,0,0,0,0,0,0,0,0,5,3,2,757,293,464
5,59,299,800303,5,0,WARD,Muni Ki Reti (NP) WARD NO.-0005,Urban,541,2376,1425,951,317,168,149,262,167,95,7,3,4,1622,1014,608,754,411,343,963,874,89,914,842,72,2,2,0,1,1,0,14,10,4,897,829,68,49,32,17,0,0,0,0,0,0,1,1,0,48,31,17,40,27,13,0,0,0,0,0,0,1,1,0,39,26,13,9,5,4,0,0,0,0,0,0,0,0,0,9,5,4,1413,551,862
5,59,299,800303,6,0,WARD,Muni Ki Reti (NP) WARD NO.-0006,Urban,252,1167,706,461,137,67,70,119,64,55,0,0,0,871,569,302,296,137,159,431,386,45,391,361,30,2,2,0,0,0,0,13,7,6,376,352,24,40,25,15,0,0,0,0,0,0,5,1,4,35,24,11,35,22,13,0,0,0,0,0,0,4,1,3,31,21,10,5,3,2,0,0,0,0,0,0,1,0,1,4,3,1,736,320,416
5,59,299,800303,7,0,WARD,Muni Ki Reti (NP) WARD NO.-0007,Urban,393,1631,968,663,216,113,103,150,92,58,0,0,0,1224,755,469,407,213,194,627,544,83,616,539,77,0,0,0,1,1,0,14,13,1,601,525,76,11,5,6,0,0,0,0,0,0,0,0,0,11,5,6,6,5,1,0,0,0,0,0,0,0,0,0,6,5,1,5,0,5,0,0,0,0,0,0,0,0,0,5,0,5,1004,424,580
5,60,0,0,0,0,DISTRICT,Dehradun,Total,347001,1696694,892199,804495,201652,106746,94906,228901,120430,108471,111663,58264,53399,1259506,702216,557290,437188,189983,247205,582768,458834,123934,488161,399695,88466,60373,41169,19204,20424,16847,3577,17960,13994,3966,389404,327685,61719,94607,59139,35468,16803,6633,10170,17771,12378,5393,5032,2413,2619,55001,37715,17286,78099,49427,28672,12584,4977,7607,13720,9796,3924,3853,1948,1905,47942,32706,15236,16508,9712,6796,4219,1656,2563,4051,2582,1469,1179,465,714,7059,5009,2050,1113926,433365,680561
5,60,0,0,0,0,DISTRICT,Dehradun,Rural,144112,754753,392891,361862,99957,52203,47754,119123,62548,56575,101475,52825,48650,517836,292382,225454,236917,100509,136408,265341,198393,66948,205986,162764,43222,57846,39281,18565,16803,13759,3044,7236,5346,1890,124101,104378,19723,59355,35629,23726,15992,6189,9803,15455,10542,4913,2963,1374,1589,24945,17524,7421,47568,29166,18402,11843,4577,7266,11960,8418,3542,2365,1145,1220,21400,15026,6374,11787,6463,5324,4149,1612,2537,3495,2124,1371,598,229,369,3545,2498,1047,489412,194498,294914
5,60,0,0,0,0,DISTRICT,Dehradun,Urban,202889,941941,499308,442633,101695,54543,47152,109778,57882,51896,10188,5439,4749,741670,409834,331836,200271,89474,110797,317427,260441,56986,282175,236931,45244,2527,1888,639,3621,3088,533,10724,8648,2076,265303,223307,41996,35252,23510,11742,811,444,367,2316,1836,480,2069,1039,1030,30056,20191,9865,30531,20261,10270,741,400,341,1760,1378,382,1488,803,685,26542,17680,8862,4721,3249,1472,70,44,26,556,458,98,581,236,345,3514,2511,1003,624514,238867,385647
5,60,300,0,0,0,SUB-DISTRICT,Chakrata ,Total,6158,49607,26536,23071,7766,3913,3853,19182,10013,9169,24909,12566,12343,26659,16489,10170,22948,10047,12901,24969,16046,8923,19867,13914,5953,13382,8675,4707,1020,685,335,366,184,182,5099,4370,729,5102,2132,2970,3848,1454,2394,521,277,244,157,50,107,576,351,225,4113,1776,2337,3028,1162,1866,467,266,201,115,41,74,503,307,196,989,356,633,820,292,528,54,11,43,42,9,33,73,44,29,24638,10490,14148
5,60,300,0,0,0,SUB-DISTRICT,Chakrata ,Rural,5399,44490,22819,21671,7399,3714,3685,18638,9705,8933,24052,12119,11933,22366,13171,9195,22124,9648,12476,21459,12934,8525,16615,10956,5659,13358,8654,4704,1010,679,331,298,132,166,1949,1491,458,4844,1978,2866,3847,1453,2394,518,275,243,144,40,104,335,210,125,3863,1626,2237,3027,1161,1866,464,264,200,103,32,71,269,169,100,981,352,629,820,292,528,54,11,43,41,8,33,66,41,25,23031,9885,13146
5,60,300,0,0,0,SUB-DISTRICT,Chakrata ,Urban,759,5117,3717,1400,367,199,168,544,308,236,857,447,410,4293,3318,975,824,399,425,3510,3112,398,3252,2958,294,24,21,3,10,6,4,68,52,16,3150,2879,271,258,154,104,1,1,0,3,2,1,13,10,3,241,141,100,250,150,100,1,1,0,3,2,1,12,9,3,234,138,96,8,4,4,0,0,0,0,0,0,1,1,0,7,3,4,1607,605,1002
5,60,300,800304,0,0,TOWN,Chakrata (CB),Urban,759,5117,3717,1400,367,199,168,544,308,236,857,447,410,4293,3318,975,824,399,425,3510,3112,398,3252,2958,294,24,21,3,10,6,4,68,52,16,3150,2879,271,258,154,104,1,1,0,3,2,1,13,10,3,241,141,100,250,150,100,1,1,0,3,2,1,12,9,3,234,138,96,8,4,4,0,0,0,0,0,0,1,1,0,7,3,4,1607,605,1002
5,60,300,800304,1,0,WARD,Chakrata (CB) WARD NO.-0001,Urban,101,711,448,263,47,24,23,64,41,23,132,71,61,600,400,200,111,48,63,484,357,127,476,354,122,7,6,1,0,0,0,9,7,2,460,341,119,8,3,5,0,0,0,0,0,0,0,0,0,8,3,5,8,3,5,0,0,0,0,0,0,0,0,0,8,3,5,0,0,0,0,0,0,0,0,0,0,0,0,0,0,0,227,91,136
5,60,300,800304,2,0,WARD,Chakrata (CB) WARD NO.-0002,Urban,140,1124,852,272,65,39,26,221,128,93,66,37,29,954,768,186,170,84,86,815,736,79,744,691,53,5,4,1,1,1,0,3,2,1,735,684,51,71,45,26,0,0,0,1,1,0,1,1,0,69,43,26,66,42,24,0,0,0,1,1,0,0,0,0,65,41,24,5,3,2,0,0,0,0,0,0,1,1,0,4,2,2,309,116,193
5,60,300,800304,3,0,WARD,Chakrata (CB) WARD NO.-0003,Urban,122,1372,1203,169,49,23,26,37,18,19,100,50,50,1204,1108,96,168,95,73,1210,1149,61,1122,1093,29,5,4,1,3,3,0,3,1,2,1111,1085,26,88,56,32,1,1,0,0,0,0,0,0,0,87,55,32,85,55,30,1,1,0,0,0,0,0,0,0,84,54,30,3,1,2,0,0,0,0,0,0,0,0,0,3,1,2,162,54,108
5,60,300,800304,4,0,WARD,Chakrata (CB) WARD NO.-0004,Urban,157,918,692,226,96,55,41,27,17,10,104,54,50,768,613,155,150,79,71,625,581,44,615,576,39,4,4,0,1,0,1,0,0,0,610,572,38,10,5,5,0,0,0,0,0,0,1,0,1,9,5,4,10,5,5,0,0,0,0,0,0,1,0,1,9,5,4,0,0,0,0,0,0,0,0,0,0,0,0,0,0,0,293,111,182
5,60,300,800304,5,0,WARD,Chakrata (CB) WARD NO.-0005,Urban,121,487,262,225,55,30,25,137,71,66,137,73,64,369,207,162,118,55,63,170,142,28,162,137,25,0,0,0,1,1,0,0,0,0,161,136,25,8,5,3,0,0,0,1,1,0,0,0,0,7,4,3,8,5,3,0,0,0,1,1,0,0,0,0,7,4,3,0,0,0,0,0,0,0,0,0,0,0,0,0,0,0,317,120,197
5,60,300,800304,6,0,WARD,Chakrata (CB) WARD NO.-0006,Urban,118,505,260,245,55,28,27,58,33,25,318,162,156,398,222,176,107,38,69,206,147,59,133,107,26,3,3,0,4,1,3,53,42,11,73,61,12,73,40,33,0,0,0,1,0,1,11,9,2,61,31,30,73,40,33,0,0,0,1,0,1,11,9,2,61,31,30,0,0,0,0,0,0,0,0,0,0,0,0,0,0,0,299,113,186
5,60,301,0,0,0,SUB-DISTRICT,Tyuni,Total,4715,33926,17716,16210,5613,2849,2764,8859,4672,4187,19568,10356,9212,18430,11090,7340,15496,6626,8870,14855,9086,5769,10514,7471,3043,7349,5259,2090,937,606,331,139,112,27,2089,1494,595,4341,1615,2726,2960,1029,1931,796,280,516,218,32,186,367,274,93,2933,1123,1810,1878,674,1204,558,196,362,194,23,171,303,230,73,1408,492,916,1082,355,727,238,84,154,24,9,15,64,44,20,19071,8630,10441
5,60,301,0,0,0,SUB-DISTRICT,Tyuni,Rural,4715,33926,17716,16210,5613,2849,2764,8859,4672,4187,19568,10356,9212,18430,11090,7340,15496,6626,8870,14855,9086,5769,10514,7471,3043,7349,5259,2090,937,606,331,139,112,27,2089,1494,595,4341,1615,2726,2960,1029,1931,796,280,516,218,32,186,367,274,93,2933,1123,1810,1878,674,1204,558,196,362,194,23,171,303,230,73,1408,492,916,1082,355,727,238,84,154,24,9,15,64,44,20,19071,8630,10441
5,60,301,0,0,0,SUB-DISTRICT,Tyuni,Urban,0,0,0,0,0,0,0,0,0,0,0,0,0,0,0,0,0,0,0,0,0,0,0,0,0,0,0,0,0,0,0,0,0,0,0,0,0,0,0,0,0,0,0,0,0,0,0,0,0,0,0,0,0,0,0,0,0,0,0,0,0,0,0,0,0,0,0,0,0,0,0,0,0,0,0,0,0,0,0,0,0,0,0,0,0
5,60,302,0,0,0,SUB-DISTRICT,Kalsi,Total,6421,47329,24840,22489,6742,3453,3289,15708,8261,7447,27463,14302,13161,27903,16703,11200,19426,8137,11289,23724,13983,9741,18338,11491,6847,13424,7850,5574,666,465,201,284,213,71,3964,2963,1001,5386,2492,2894,3348,1374,1974,813,451,362,124,69,55,1101,598,503,3903,1835,2068,2339,932,1407,600,349,251,84,47,37,880,507,373,1483,657,826,1009,442,567,213,102,111,40,22,18,221,91,130,23605,10857,12748
5,60,302,0,0,0,SUB-DISTRICT,Kalsi,Rural,6421,47329,24840,22489,6742,3453,3289,15708,8261,7447,27463,14302,13161,27903,16703,11200,19426,8137,11289,23724,13983,9741,18338,11491,6847,13424,7850,5574,666,465,201,284,213,71,3964,2963,1001,5386,2492,2894,3348,1374,1974,813,451,362,124,69,55,1101,598,503,3903,1835,2068,2339,932,1407,600,349,251,84,47,37,880,507,373,1483,657,826,1009,442,567,213,102,111,40,22,18,221,91,130,23605,10857,12748
5,60,302,0,0,0,SUB-DISTRICT,Kalsi,Urban,0,0,0,0,0,0,0,0,0,0,0,0,0,0,0,0,0,0,0,0,0,0,0,0,0,0,0,0,0,0,0,0,0,0,0,0,0,0,0,0,0,0,0,0,0,0,0,0,0,0,0,0,0,0,0,0,0,0,0,0,0,0,0,0,0,0,0,0,0,0,0,0,0,0,0,0,0,0,0,0,0,0,0,0,0
5,60,303,0,0,0,SUB-DISTRICT,Vikasnagar,Total,62160,317482,166452,151030,43489,22622,20867,39310,20687,18623,28533,15043,13490,213722,121438,92284,103760,45014,58746,99719,82773,16946,80364,68843,11521,11612,9236,2376,9843,8442,1401,2663,2102,561,56246,49063,7183,19355,13930,5425,2035,889,1146,7650,5673,1977,1202,608,594,8468,6760,1708,15210,11355,3855,1576,680,896,5972,4588,1384,741,452,289,6921,5635,1286,4145,2575,1570,459,209,250,1678,1085,593,461,156,305,1547,1125,422,217763,83679,134084
5,60,303,0,0,0,SUB-DISTRICT,Vikasnagar,Rural,51355,265023,138565,126458,36795,19073,17722,34066,17913,16153,26442,13936,12506,175011,99606,75405,90012,38959,51053,82449,68207,14242,65297,55818,9479,11168,8866,2302,9219,7871,1348,2233,1741,492,42677,37340,5337,17152,12389,4763,1952,848,1104,7144,5286,1858,826,468,358,7230,5787,1443,13651,10143,3508,1509,641,868,5591,4281,1310,637,390,247,5914,4831,1083,3501,2246,1255,443,207,236,1553,1005,548,189,78,111,1316,956,360,182574,70358,112216
5,60,303,0,0,0,SUB-DISTRICT,Vikasnagar,Urban,10805,52459,27887,24572,6694,3549,3145,5244,2774,2470,2091,1107,984,38711,21832,16879,13748,6055,7693,17270,14566,2704,15067,13025,2042,444,370,74,624,571,53,430,361,69,13569,11723,1846,2203,1541,662,83,41,42,506,387,119,376,140,236,1238,973,265,1559,1212,347,67,39,28,381,307,74,104,62,42,1007,804,203,644,329,315,16,2,14,125,80,45,272,78,194,231,169,62,35189,13321,21868
5,60,303,45110,0,0,TOWN,Jiwangarh (CT),Urban,2205,11870,6136,5734,1767,911,856,680,343,337,1151,630,521,7783,4367,3416,4087,1769,2318,3612,2983,629,2398,2163,235,126,117,9,118,103,15,126,101,25,2028,1842,186,1214,820,394,40,22,18,421,323,98,331,115,216,422,360,62,763,633,130,35,21,14,309,254,55,65,42,23,354,316,38,451,187,264,5,1,4,112,69,43,266,73,193,68,44,24,8258,3153,5105
5,60,303,45110,1,0,WARD,Jiwangarh (CT) WARD NO.-0001,Urban,2205,11870,6136,5734,1767,911,856,680,343,337,1151,630,521,7783,4367,3416,4087,1769,2318,3612,2983,629,2398,2163,235,126,117,9,118,103,15,126,101,25,2028,1842,186,1214,820,394,40,22,18,421,323,98,331,115,216,422,360,62,763,633,130,35,21,14,309,254,55,65,42,23,354,316,38,451,187,264,5,1,4,112,69,43,266,73,193,68,44,24,8258,3153,5105
5,60,303,45111,0,0,TOWN,Central Hope Town (CT),Urban,3763,16880,9388,7492,2271,1187,1084,1348,744,604,164,87,77,12357,7421,4936,4523,1967,2556,6207,5150,1057,5743,4832,911,171,131,40,280,269,11,131,108,23,5161,4324,837,464,318,146,19,2,17,48,33,15,7,3,4,390,280,110,315,202,113,8,1,7,38,24,14,5,2,3,264,175,89,149,116,33,11,1,10,10,9,1,2,1,1,126,105,21,10673,4238,6435
5,60,303,45111,1,0,WARD,Central Hope Town (CT) WARD NO.-0001,Urban,3763,16880,9388,7492,2271,1187,1084,1348,744,604,164,87,77,12357,7421,4936,4523,1967,2556,6207,5150,1057,5743,4832,911,171,131,40,280,269,11,131,108,23,5161,4324,837,464,318,146,19,2,17,48,33,15,7,3,4,390,280,110,315,202,113,8,1,7,38,24,14,5,2,3,264,175,89,149,116,33,11,1,10,10,9,1,2,1,1,126,105,21,10673,4238,6435
5,60,303,800305,0,0,TOWN,Vikasnagar (NPP),Urban,2789,13927,7218,6709,1552,845,707,1824,958,866,563,282,281,10921,5817,5104,3006,1401,1605,4471,3890,581,4227,3696,531,30,27,3,124,104,20,103,95,8,3970,3470,500,244,194,50,3,2,1,7,5,2,26,12,14,208,175,33,225,182,43,3,2,1,7,5,2,25,11,14,190,164,26,19,12,7,0,0,0,0,0,0,1,1,0,18,11,7,9456,3328,6128
5,60,303,800305,1,0,WARD,Vikasnagar (NPP) WARD NO.-0001,Urban,383,2066,1070,996,247,140,107,56,26,30,97,48,49,1538,827,711,528,243,285,629,559,70,608,540,68,6,5,1,3,3,0,10,10,0,589,522,67,21,19,2,1,1,0,1,1,0,2,2,0,17,15,2,21,19,2,1,1,0,1,1,0,2,2,0,17,15,2,0,0,0,0,0,0,0,0,0,0,0,0,0,0,0,1437,511,926
5,60,303,800305,2,0,WARD,Vikasnagar (NPP) WARD NO.-0002,Urban,252,1374,719,655,177,107,70,80,43,37,0,0,0,978,533,445,396,186,210,471,424,47,365,338,27,1,1,0,2,1,1,31,31,0,331,305,26,106,86,20,0,0,0,3,3,0,20,6,14,83,77,6,103,84,19,0,0,0,3,3,0,20,6,14,80,75,5,3,2,1,0,0,0,0,0,0,0,0,0,3,2,1,903,295,608
5,60,303,800305,3,0,WARD,Vikasnagar (NPP) WARD NO.-0003,Urban,393,1955,1021,934,196,108,88,267,141,126,64,37,27,1581,833,748,374,188,186,615,543,72,599,534,65,4,3,1,70,66,4,34,31,3,491,434,57,16,9,7,1,0,1,0,0,0,0,0,0,15,9,6,16,9,7,1,0,1,0,0,0,0,0,0,15,9,6,0,0,0,0,0,0,0,0,0,0,0,0,0,0,0,1340,478,862
5,60,303,800305,4,0,WARD,Vikasnagar (NPP) WARD NO.-0004,Urban,200,989,530,459,119,62,57,452,248,204,27,11,16,635,359,276,354,171,183,312,271,41,297,261,36,5,4,1,23,20,3,8,6,2,261,231,30,15,10,5,0,0,0,1,0,1,1,1,0,13,9,4,12,7,5,0,0,0,1,0,1,0,0,0,11,7,4,3,3,0,0,0,0,0,0,0,1,1,0,2,2,0,677,259,418
5,60,303,800305,5,0,WARD,Vikasnagar (NPP) WARD NO.-0005,Urban,444,2169,1127,1042,240,117,123,681,356,325,91,47,44,1683,918,765,486,209,277,707,615,92,664,577,87,3,3,0,10,5,5,8,7,1,643,562,81,43,38,5,0,0,0,2,1,1,2,2,0,39,35,4,41,36,5,0,0,0,2,1,1,2,2,0,37,33,4,2,2,0,0,0,0,0,0,0,0,0,0,2,2,0,1462,512,950
5,60,303,800305,6,0,WARD,Vikasnagar (NPP) WARD NO.-0006,Urban,152,749,378,371,56,22,34,0,0,0,0,0,0,683,354,329,66,24,42,223,201,22,211,190,21,0,0,0,0,0,0,0,0,0,211,190,21,12,11,1,1,1,0,0,0,0,0,0,0,11,10,1,12,11,1,1,1,0,0,0,0,0,0,0,11,10,1,0,0,0,0,0,0,0,0,0,0,0,0,0,0,0,526,177,349
5,60,303,800305,7,0,WARD,Vikasnagar (NPP) WARD NO.-0007,Urban,228,1016,544,472,88,47,41,27,15,12,3,1,2,898,487,411,118,57,61,357,309,48,341,298,43,5,5,0,0,0,0,3,2,1,333,291,42,16,11,5,0,0,0,0,0,0,0,0,0,16,11,5,10,8,2,0,0,0,0,0,0,0,0,0,10,8,2,6,3,3,0,0,0,0,0,0,0,0,0,6,3,3,659,235,424
5,60,303,800305,8,0,WARD,Vikasnagar (NPP) WARD NO.-0008,Urban,403,2055,1061,994,238,139,99,170,81,89,146,77,69,1663,876,787,392,185,207,670,584,86,662,578,84,3,3,0,16,9,7,1,1,0,642,565,77,8,6,2,0,0,0,0,0,0,0,0,0,8,6,2,6,5,1,0,0,0,0,0,0,0,0,0,6,5,1,2,1,1,0,0,0,0,0,0,0,0,0,2,1,1,1385,477,908
5,60,303,800305,9,0,WARD,Vikasnagar (NPP) WARD NO.-0009,Urban,334,1554,768,786,191,103,88,91,48,43,135,61,74,1262,630,632,292,138,154,487,384,103,480,380,100,3,3,0,0,0,0,8,7,1,469,370,99,7,4,3,0,0,0,0,0,0,1,1,0,6,3,3,4,3,1,0,0,0,0,0,0,1,1,0,3,2,1,3,1,2,0,0,0,0,0,0,0,0,0,3,1,2,1067,384,683
5,60,303,800306,0,0,TOWN,Herbertpur (NP),Urban,2048,9782,5145,4637,1104,606,498,1392,729,663,213,108,105,7650,4227,3423,2132,918,1214,2980,2543,437,2699,2334,365,117,95,22,102,95,7,70,57,13,2410,2087,323,281,209,72,21,15,6,30,26,4,12,10,2,218,158,60,256,195,61,21,15,6,27,24,3,9,7,2,199,149,50,25,14,11,0,0,0,3,2,1,3,3,0,19,9,10,6802,2602,4200
5,60,303,800306,1,0,WARD,Herbertpur (NP) WARD NO.-0001,Urban,262,1197,627,570,149,78,71,334,177,157,32,13,19,922,510,412,275,117,158,371,322,49,262,234,28,7,7,0,31,31,0,19,19,0,205,177,28,109,88,21,4,2,2,7,7,0,7,6,1,91,73,18,97,81,16,4,2,2,6,6,0,5,4,1,82,69,13,12,7,5,0,0,0,1,1,0,2,2,0,9,4,5,826,305,521
5,60,303,800306,2,0,WARD,Herbertpur (NP) WARD NO.-0002,Urban,306,1534,807,727,164,101,63,255,139,116,36,19,17,1214,653,561,320,154,166,406,361,45,385,345,40,9,9,0,29,27,2,2,2,0,345,307,38,21,16,5,1,1,0,2,0,2,0,0,0,18,15,3,18,13,5,1,1,0,2,0,2,0,0,0,15,12,3,3,3,0,0,0,0,0,0,0,0,0,0,3,3,0,1128,446,682
5,60,303,800306,3,0,WARD,Herbertpur (NP) WARD NO.-0003,Urban,317,1508,809,699,167,81,86,60,28,32,82,44,38,1227,695,532,281,114,167,421,373,48,412,365,47,1,0,1,1,0,1,6,6,0,404,359,45,9,8,1,0,0,0,2,2,0,1,1,0,6,5,1,8,7,1,0,0,0,2,2,0,0,0,0,6,5,1,1,1,0,0,0,0,0,0,0,1,1,0,0,0,0,1087,436,651
5,60,303,800306,4,0,WARD,Herbertpur (NP) WARD NO.-0004,Urban,305,1579,835,744,182,93,89,325,164,161,36,20,16,1106,654,452,473,181,292,500,443,57,486,431,55,39,37,2,8,8,0,8,7,1,431,379,52,14,12,2,0,0,0,0,0,0,0,0,0,14,12,2,13,11,2,0,0,0,0,0,0,0,0,0,13,11,2,1,1,0,0,0,0,0,0,0,0,0,0,1,1,0,1079,392,687
5,60,303,800306,5,0,WARD,Herbertpur (NP) WARD NO.-0005,Urban,287,1381,743,638,148,93,55,141,77,64,5,3,2,1039,587,452,342,156,186,443,374,69,395,333,62,15,13,2,31,27,4,14,11,3,335,282,53,48,41,7,4,4,0,15,13,2,2,2,0,27,22,5,43,39,4,4,4,0,13,12,1,2,2,0,24,21,3,5,2,3,0,0,0,2,1,1,0,0,0,3,1,2,938,369,569
5,60,303,800306,6,0,WARD,Herbertpur (NP) WARD NO.-0006,Urban,396,1811,915,896,211,110,101,136,69,67,21,9,12,1515,788,727,296,127,169,575,456,119,523,426,97,43,26,17,1,1,0,18,11,7,461,388,73,52,30,22,10,8,2,3,3,0,0,0,0,39,19,20,50,30,20,10,8,2,3,3,0,0,0,0,37,19,18,2,0,2,0,0,0,0,0,0,0,0,0,2,0,2,1236,459,777
5,60,303,800306,7,0,WARD,Herbertpur (NP) WARD NO.-0007,Urban,175,772,409,363,83,50,33,141,75,66,1,0,1,627,340,287,145,69,76,264,214,50,236,200,36,3,3,0,1,1,0,3,1,2,229,195,34,28,14,14,2,0,2,1,1,0,2,1,1,23,12,11,27,14,13,2,0,2,1,1,0,2,1,1,22,12,10,1,0,1,0,0,0,0,0,0,0,0,0,1,0,1,508,195,313
5,60,304,0,0,0,SUB-DISTRICT,"Dehradun 
",Total,213030,988007,519872,468135,106812,57060,49752,120297,63356,56941,7537,4070,3467,777430,426509,350921,210577,93363,117214,333047,268394,64653,288254,239227,49027,7275,5262,2013,5555,4655,900,11465,9144,2321,263959,220166,43793,44793,29167,15626,2251,962,1289,4672,3347,1325,2497,1268,1229,35373,23590,11783,38914,25108,13806,1987,821,1166,3676,2609,1067,1998,1052,946,31253,20626,10627,5879,4059,1820,264,141,123,996,738,258,499,216,283,4120,2964,1156,654960,251478,403482
5,60,304,0,0,0,SUB-DISTRICT,"Dehradun 
",Rural,47938,226042,117305,108737,26323,13925,12398,28945,15267,13678,1304,712,592,171993,94379,77614,54049,22926,31123,74535,58114,16421,58378,47728,10650,5876,4135,1741,3002,2499,503,2394,1898,496,47106,39196,7910,16157,10386,5771,1643,625,1018,3279,2233,1046,1023,517,506,10212,7011,3201,13814,8867,4947,1426,521,905,2661,1834,827,793,438,355,8934,6074,2860,2343,1519,824,217,104,113,618,399,219,230,79,151,1278,937,341,151507,59191,92316
5,60,304,0,0,0,SUB-DISTRICT,"Dehradun 
",Urban,165092,761965,402567,359398,80489,43135,37354,91352,48089,43263,6233,3358,2875,605437,332130,273307,156528,70437,86091,258512,210280,48232,229876,191499,38377,1399,1127,272,2553,2156,397,9071,7246,1825,216853,180970,35883,28636,18781,9855,608,337,271,1393,1114,279,1474,751,723,25161,16579,8582,25100,16241,8859,561,300,261,1015,775,240,1205,614,591,22319,14552,7767,3536,2540,996,47,37,10,378,339,39,269,137,132,2842,2027,815,503453,192287,311166
5,60,304,45267,0,0,TOWN,Raipur (CT),Urban,7471,32900,17021,15879,3280,1798,1482,4133,2189,1944,559,299,260,27125,14543,12582,5775,2478,3297,9995,8270,1725,8894,7494,1400,51,44,7,218,192,26,360,265,95,8265,6993,1272,1101,776,325,22,9,13,55,44,11,39,16,23,985,707,278,952,670,282,19,9,10,46,38,8,28,8,20,859,615,244,149,106,43,3,0,3,9,6,3,11,8,3,126,92,34,22905,8751,14154
5,60,304,45267,1,0,WARD,Raipur (CT) WARD NO.-0001,Urban,7471,32900,17021,15879,3280,1798,1482,4133,2189,1944,559,299,260,27125,14543,12582,5775,2478,3297,9995,8270,1725,8894,7494,1400,51,44,7,218,192,26,360,265,95,8265,6993,1272,1101,776,325,22,9,13,55,44,11,39,16,23,985,707,278,952,670,282,19,9,10,46,38,8,28,8,20,859,615,244,149,106,43,3,0,3,9,6,3,11,8,3,126,92,34,22905,8751,14154
5,60,304,45268,0,0,TOWN,Natthan Pur (CT),Urban,3221,13905,7114,6791,1396,730,666,1546,824,722,175,88,87,11524,6141,5383,2381,973,1408,4182,3355,827,3617,2957,660,26,23,3,77,64,13,115,91,24,3399,2779,620,565,398,167,15,8,7,147,129,18,22,16,6,381,245,136,412,264,148,15,8,7,44,33,11,19,13,6,334,210,124,153,134,19,0,0,0,103,96,7,3,3,0,47,35,12,9723,3759,5964
5,60,304,45268,1,0,WARD,Natthan Pur (CT) WARD NO.-0001,Urban,3221,13905,7114,6791,1396,730,666,1546,824,722,175,88,87,11524,6141,5383,2381,973,1408,4182,3355,827,3617,2957,660,26,23,3,77,64,13,115,91,24,3399,2779,620,565,398,167,15,8,7,147,129,18,22,16,6,381,245,136,412,264,148,15,8,7,44,33,11,19,13,6,334,210,124,153,134,19,0,0,0,103,96,7,3,3,0,47,35,12,9723,3759,5964
5,60,304,45269,0,0,TOWN,Mehu Wala Mafi (CT),Urban,2474,13475,6993,6482,2055,1059,996,1013,537,476,25,12,13,8879,4929,3950,4596,2064,2532,3733,3322,411,3187,2871,316,118,115,3,112,105,7,98,84,14,2859,2567,292,546,451,95,7,4,3,136,122,14,16,6,10,387,319,68,496,411,85,7,4,3,134,121,13,13,3,10,342,283,59,50,40,10,0,0,0,2,1,1,3,3,0,45,36,9,9742,3671,6071
5,60,304,45269,1,0,WARD,Mehu Wala Mafi (CT) WARD NO.-0001,Urban,2474,13475,6993,6482,2055,1059,996,1013,537,476,25,12,13,8879,4929,3950,4596,2064,2532,3733,3322,411,3187,2871,316,118,115,3,112,105,7,98,84,14,2859,2567,292,546,451,95,7,4,3,136,122,14,16,6,10,387,319,68,496,411,85,7,4,3,134,121,13,13,3,10,342,283,59,50,40,10,0,0,0,2,1,1,3,3,0,45,36,9,9742,3671,6071
5,60,304,45270,0,0,TOWN,Natthuwa Wala (CT),Urban,1903,9206,4615,4591,1043,560,483,540,280,260,22,12,10,7274,3891,3383,1932,724,1208,2564,2103,461,1925,1682,243,46,43,3,50,44,6,66,52,14,1763,1543,220,639,421,218,31,19,12,119,91,28,16,10,6,473,301,172,573,370,203,27,15,12,105,78,27,16,10,6,425,267,158,66,51,15,4,4,0,14,13,1,0,0,0,48,34,14,6642,2512,4130
5,60,304,45270,1,0,WARD,Natthuwa Wala (CT) WARD NO.-0001,Urban,1903,9206,4615,4591,1043,560,483,540,280,260,22,12,10,7274,3891,3383,1932,724,1208,2564,2103,461,1925,1682,243,46,43,3,50,44,6,66,52,14,1763,1543,220,639,421,218,31,19,12,119,91,28,16,10,6,473,301,172,573,370,203,27,15,12,105,78,27,16,10,6,425,267,158,66,51,15,4,4,0,14,13,1,0,0,0,48,34,14,6642,2512,4130
5,60,304,800307,0,0,TOWN,Mussoorie (NPP),Urban,6245,30118,16623,13495,2673,1394,1279,5578,2945,2633,256,147,109,24615,14378,10237,5503,2245,3258,10692,8764,1928,9665,7991,1674,122,68,54,80,70,10,266,198,68,9197,7655,1542,1027,773,254,57,50,7,22,21,1,33,15,18,915,687,228,897,681,216,34,27,7,20,19,1,29,14,15,814,621,193,130,92,38,23,23,0,2,2,0,4,1,3,101,66,35,19426,7859,11567
5,60,304,800307,1,0,WARD,Mussoorie (NPP) WARD NO.-0001,Urban,461,2621,1476,1145,157,82,75,507,263,244,136,72,64,2248,1314,934,373,162,211,659,558,101,547,455,92,0,0,0,6,6,0,1,1,0,540,448,92,112,103,9,0,0,0,0,0,0,1,1,0,111,102,9,108,100,8,0,0,0,0,0,0,1,1,0,107,99,8,4,3,1,0,0,0,0,0,0,0,0,0,4,3,1,1962,918,1044
5,60,304,800307,2,0,WARD,Mussoorie (NPP) WARD NO.-0002,Urban,658,2909,1571,1338,283,151,132,778,418,360,10,6,4,2361,1338,1023,548,233,315,943,763,180,833,679,154,5,5,0,4,3,1,61,47,14,763,624,139,110,84,26,2,2,0,7,7,0,4,0,4,97,75,22,106,80,26,2,2,0,7,7,0,4,0,4,93,71,22,4,4,0,0,0,0,0,0,0,0,0,0,4,4,0,1966,808,1158
5,60,304,800307,3,0,WARD,Mussoorie (NPP) WARD NO.-0003,Urban,660,3267,1708,1559,331,174,157,663,346,317,4,3,1,2599,1447,1152,668,261,407,958,725,233,918,699,219,10,7,3,31,29,2,36,28,8,841,635,206,40,26,14,2,1,1,1,1,0,5,2,3,32,22,10,37,25,12,2,1,1,1,1,0,5,2,3,29,21,8,3,1,2,0,0,0,0,0,0,0,0,0,3,1,2,2309,983,1326
5,60,304,800307,4,0,WARD,Mussoorie (NPP) WARD NO.-0004,Urban,393,1838,981,857,202,112,90,115,61,54,0,0,0,1467,802,665,371,179,192,695,598,97,653,565,88,6,6,0,0,0,0,23,22,1,624,537,87,42,33,9,7,4,3,0,0,0,1,1,0,34,28,6,37,28,9,7,4,3,0,0,0,1,1,0,29,23,6,5,5,0,0,0,0,0,0,0,0,0,0,5,5,0,1143,383,760
5,60,304,800307,5,0,WARD,Mussoorie (NPP) WARD NO.-0005,Urban,562,2389,1310,1079,233,128,105,260,145,115,6,4,2,1876,1087,789,513,223,290,869,738,131,821,702,119,0,0,0,1,1,0,9,8,1,811,693,118,48,36,12,0,0,0,1,1,0,1,1,0,46,34,12,30,21,9,0,0,0,1,1,0,1,1,0,28,19,9,18,15,3,0,0,0,0,0,0,0,0,0,18,15,3,1520,572,948
5,60,304,800307,6,0,WARD,Mussoorie (NPP) WARD NO.-0006,Urban,512,2289,1257,1032,202,103,99,392,204,188,11,7,4,1896,1095,801,393,162,231,936,773,163,870,726,144,0,0,0,4,4,0,40,36,4,826,686,140,66,47,19,1,1,0,4,3,1,6,4,2,55,39,16,64,45,19,1,1,0,3,2,1,6,4,2,54,38,16,2,2,0,0,0,0,1,1,0,0,0,0,1,1,0,1353,484,869
5,60,304,800307,7,0,WARD,Mussoorie (NPP) WARD NO.-0007,Urban,665,2847,1523,1324,266,136,130,418,225,193,22,9,13,2320,1324,996,527,199,328,956,788,168,855,715,140,0,0,0,2,2,0,34,26,8,819,687,132,101,73,28,1,1,0,1,1,0,2,1,1,97,70,27,88,64,24,1,1,0,1,1,0,2,1,1,84,61,23,13,9,4,0,0,0,0,0,0,0,0,0,13,9,4,1891,735,1156
5,60,304,800307,8,0,WARD,Mussoorie (NPP) WARD NO.-0008,Urban,793,4362,2819,1543,345,186,159,750,418,332,25,19,6,3588,2500,1088,774,319,455,2277,2000,277,1900,1715,185,3,2,1,10,10,0,14,9,5,1873,1694,179,377,285,92,44,41,3,3,3,0,6,2,4,324,239,85,313,243,70,21,18,3,3,3,0,3,1,2,286,221,65,64,42,22,23,23,0,0,0,0,3,1,2,38,18,20,2085,819,1266
5,60,304,800307,9,0,WARD,Mussoorie (NPP) WARD NO.-0009,Urban,578,2781,1475,1306,255,116,139,818,400,418,8,5,3,2246,1282,964,535,193,342,874,711,163,808,664,144,1,0,1,3,2,1,9,5,4,795,657,138,66,47,19,0,0,0,1,1,0,2,1,1,63,45,18,56,39,17,0,0,0,1,1,0,2,1,1,53,37,16,10,8,2,0,0,0,0,0,0,0,0,0,10,8,2,1907,764,1143
5,60,304,800307,10,0,WARD,Mussoorie (NPP) WARD NO.-0010,Urban,367,2193,1088,1105,117,62,55,141,81,60,16,13,3,1943,980,963,250,108,142,563,386,177,538,377,161,1,1,0,2,1,1,8,5,3,527,370,157,25,9,16,0,0,0,0,0,0,0,0,0,25,9,16,23,8,15,0,0,0,0,0,0,0,0,0,23,8,15,2,1,1,0,0,0,0,0,0,0,0,0,2,1,1,1630,702,928
5,60,304,800307,11,0,WARD,Mussoorie (NPP) WARD NO.-0011,Urban,596,2622,1415,1207,282,144,138,736,384,352,18,9,9,2071,1209,862,551,206,345,962,724,238,922,694,228,96,47,49,17,12,5,31,11,20,778,624,154,40,30,10,0,0,0,4,4,0,5,2,3,31,24,7,35,28,7,0,0,0,3,3,0,4,2,2,28,23,5,5,2,3,0,0,0,1,1,0,1,0,1,3,1,2,1660,691,969
5,60,304,800308,0,0,TOWN,Landaur (CB),Urban,797,3539,1930,1609,239,138,101,610,326,284,173,89,84,3030,1718,1312,509,212,297,1543,1174,369,1120,965,155,10,6,4,3,2,1,27,23,4,1080,934,146,423,209,214,3,2,1,5,2,3,1,1,0,414,204,210,419,206,213,3,2,1,5,2,3,1,1,0,410,201,209,4,3,1,0,0,0,0,0,0,0,0,0,4,3,1,1996,756,1240
5,60,304,800308,1,0,WARD,Landaur (CB) WARD NO.-0001,Urban,166,673,368,305,57,29,28,164,87,77,0,0,0,537,317,220,136,51,85,329,248,81,240,202,38,8,6,2,2,1,1,2,2,0,228,193,35,89,46,43,2,1,1,0,0,0,0,0,0,87,45,42,89,46,43,2,1,1,0,0,0,0,0,0,87,45,42,0,0,0,0,0,0,0,0,0,0,0,0,0,0,0,344,120,224
5,60,304,800308,2,0,WARD,Landaur (CB) WARD NO.-0002,Urban,74,300,164,136,21,12,9,139,76,63,3,1,2,214,127,87,86,37,49,143,109,34,95,84,11,0,0,0,0,0,0,0,0,0,95,84,11,48,25,23,1,1,0,0,0,0,0,0,0,47,24,23,48,25,23,1,1,0,0,0,0,0,0,0,47,24,23,0,0,0,0,0,0,0,0,0,0,0,0,0,0,0,157,55,102
5,60,304,800308,3,0,WARD,Landaur (CB) WARD NO.-0003,Urban,130,687,371,316,46,33,13,78,38,40,72,34,38,606,335,271,81,36,45,299,229,70,220,194,26,0,0,0,0,0,0,20,17,3,200,177,23,79,35,44,0,0,0,0,0,0,1,1,0,78,34,44,79,35,44,0,0,0,0,0,0,1,1,0,78,34,44,0,0,0,0,0,0,0,0,0,0,0,0,0,0,0,388,142,246
5,60,304,800308,4,0,WARD,Landaur (CB) WARD NO.-0004,Urban,229,1077,562,515,78,40,38,97,50,47,98,54,44,977,518,459,100,44,56,347,293,54,321,276,45,0,0,0,0,0,0,1,1,0,320,275,45,26,17,9,0,0,0,0,0,0,0,0,0,26,17,9,25,17,8,0,0,0,0,0,0,0,0,0,25,17,8,1,0,1,0,0,0,0,0,0,0,0,0,1,0,1,730,269,461
5,60,304,800308,5,0,WARD,Landaur (CB) WARD NO.-0005,Urban,169,660,385,275,21,14,7,5,3,2,0,0,0,602,361,241,58,24,34,369,251,118,201,173,28,2,0,2,0,0,0,0,0,0,199,173,26,168,78,90,0,0,0,0,0,0,0,0,0,168,78,90,165,75,90,0,0,0,0,0,0,0,0,0,165,75,90,3,3,0,0,0,0,0,0,0,0,0,0,3,3,0,291,134,157
5,60,304,800308,6,0,WARD,Landaur (CB) WARD NO.-0006,Urban,29,142,80,62,16,10,6,127,72,55,0,0,0,94,60,34,48,20,28,56,44,12,43,36,7,0,0,0,1,1,0,4,3,1,38,32,6,13,8,5,0,0,0,5,2,3,0,0,0,8,6,2,13,8,5,0,0,0,5,2,3,0,0,0,8,6,2,0,0,0,0,0,0,0,0,0,0,0,0,0,0,0,86,36,50
5,60,304,800309,0,0,TOWN,Dehradun (M.Corp + OG),Urban,125271,574840,301207,273633,60759,32456,28303,69714,36672,33042,4392,2340,2052,454528,246733,207795,120312,54474,65838,194003,156202,37801,173035,142621,30414,818,655,163,1915,1593,322,7454,6053,1401,162848,134320,28528,20968,13581,7387,395,203,192,829,651,178,1253,657,596,18491,12070,6421,18338,11716,6622,381,194,187,593,442,151,1023,536,487,16341,10544,5797,2630,1865,765,14,9,5,236,209,27,230,121,109,2150,1526,624,380837,145005,235832
5,60,304,800309,0,0,TOWN,Dehradun (M.Corp),Urban,124059,569578,298638,270940,60339,32220,28119,69239,36422,32817,4386,2336,2050,449950,244462,205488,119628,54176,65452,192518,155110,37408,171719,141629,30090,798,642,156,1911,1590,321,7442,6046,1396,161568,133351,28217,20799,13481,7318,388,198,190,822,650,172,1243,651,592,18346,11982,6364,18182,11624,6558,374,189,185,587,441,146,1020,535,485,16201,10459,5742,2617,1857,760,14,9,5,235,209,26,223,116,107,2145,1523,622,377060,143528,233532
5,60,304,800309,1,0,WARD,Dehradun (M.Corp) WARD NO.-0001,Urban,2392,10640,5541,5099,1026,562,464,566,287,279,30,19,11,8331,4514,3817,2309,1027,1282,3901,2966,935,3182,2460,722,23,19,4,26,19,7,72,55,17,3061,2367,694,719,506,213,12,5,7,6,3,3,32,16,16,669,482,187,686,487,199,12,5,7,5,3,2,23,12,11,646,467,179,33,19,14,0,0,0,1,0,1,9,4,5,23,15,8,6739,2575,4164
5,60,304,800309,2,0,WARD,Dehradun (M.Corp) WARD NO.-0002,Urban,3308,15038,8036,7002,1803,959,844,4480,2432,2048,184,97,87,11761,6594,5167,3277,1442,1835,4940,4014,926,4138,3514,624,16,13,3,36,33,3,74,62,12,4012,3406,606,802,500,302,33,10,23,22,16,6,16,13,3,731,461,270,730,444,286,32,9,23,20,15,5,11,9,2,667,411,256,72,56,16,1,1,0,2,1,1,5,4,1,64,50,14,10098,4022,6076
5,60,304,800309,3,0,WARD,Dehradun (M.Corp) WARD NO.-0003,Urban,2852,12435,6668,5767,1244,653,591,1633,855,778,118,62,56,9922,5541,4381,2513,1127,1386,4250,3219,1031,3865,2989,876,26,20,6,24,21,3,106,74,32,3709,2874,835,385,230,155,13,8,5,10,10,0,17,9,8,345,203,142,305,199,106,13,8,5,9,9,0,11,7,4,272,175,97,80,31,49,0,0,0,1,1,0,6,2,4,73,28,45,8185,3449,4736
5,60,304,800309,4,0,WARD,Dehradun (M.Corp) WARD NO.-0004,Urban,1704,7402,3850,3552,643,345,298,838,446,392,133,71,62,6225,3370,2855,1177,480,697,2578,2046,532,2088,1772,316,5,2,3,7,7,0,59,50,9,2017,1713,304,490,274,216,1,0,1,10,7,3,35,17,18,444,250,194,469,262,207,1,0,1,9,6,3,32,16,16,427,240,187,21,12,9,0,0,0,1,1,0,3,1,2,17,10,7,4824,1804,3020
5,60,304,800309,5,0,WARD,Dehradun (M.Corp) WARD NO.-0005,Urban,1785,7862,4007,3855,650,346,304,1769,925,844,51,30,21,6752,3524,3228,1110,483,627,2642,2066,576,2432,1907,525,3,2,1,24,19,5,91,82,9,2314,1804,510,210,159,51,3,3,0,5,4,1,7,5,2,195,147,48,193,145,48,3,3,0,5,4,1,7,5,2,178,133,45,17,14,3,0,0,0,0,0,0,0,0,0,17,14,3,5220,1941,3279
5,60,304,800309,6,0,WARD,Dehradun (M.Corp) WARD NO.-0006,Urban,1934,8635,4502,4133,791,444,347,1162,603,559,83,49,34,7196,3846,3350,1439,656,783,2961,2269,692,2705,2114,591,8,5,3,12,11,1,63,50,13,2622,2048,574,256,155,101,5,2,3,4,2,2,0,0,0,247,151,96,229,135,94,5,2,3,4,2,2,0,0,0,220,131,89,27,20,7,0,0,0,0,0,0,0,0,0,27,20,7,5674,2233,3441
5,60,304,800309,7,0,WARD,Dehradun (M.Corp) WARD NO.-0007,Urban,1868,8745,4427,4318,825,450,375,2305,1175,1130,55,25,30,7277,3841,3436,1468,586,882,2833,2165,668,2413,1938,475,4,4,0,6,6,0,67,49,18,2336,1879,457,420,227,193,2,0,2,14,12,2,28,18,10,376,197,179,401,212,189,2,0,2,13,11,2,23,16,7,363,185,178,19,15,4,0,0,0,1,1,0,5,2,3,13,12,1,5912,2262,3650
5,60,304,800309,8,0,WARD,Dehradun (M.Corp) WARD NO.-0008,Urban,2182,9136,4918,4218,818,453,365,789,411,378,50,28,22,7698,4258,3440,1438,660,778,3077,2400,677,2742,2167,575,9,7,2,13,7,6,119,102,17,2601,2051,550,335,233,102,15,8,7,9,8,1,11,9,2,300,208,92,310,215,95,15,8,7,8,7,1,10,8,2,277,192,85,25,18,7,0,0,0,1,1,0,1,1,0,23,16,7,6059,2518,3541
5,60,304,800309,9,0,WARD,Dehradun (M.Corp) WARD NO.-0009,Urban,1496,7265,3781,3484,849,445,404,4353,2299,2054,22,13,9,5612,3131,2481,1653,650,1003,2119,1812,307,1890,1629,261,7,5,2,75,67,8,133,117,16,1675,1440,235,229,183,46,5,4,1,25,21,4,10,7,3,189,151,38,198,158,40,5,4,1,24,20,4,10,7,3,159,127,32,31,25,6,0,0,0,1,1,0,0,0,0,30,24,6,5146,1969,3177
5,60,304,800309,10,0,WARD,Dehradun (M.Corp) WARD NO.-0010,Urban,1505,7273,3850,3423,721,414,307,3104,1661,1443,91,68,23,5688,3135,2553,1585,715,870,2670,2032,638,2219,1746,473,14,12,2,6,6,0,51,44,7,2148,1684,464,451,286,165,8,5,3,1,1,0,8,2,6,434,278,156,395,242,153,5,2,3,1,1,0,7,2,5,382,237,145,56,44,12,3,3,0,0,0,0,1,0,1,52,41,11,4603,1818,2785
5,60,304,800309,11,0,WARD,Dehradun (M.Corp) WARD NO.-0011,Urban,1571,7026,3535,3491,624,320,304,931,491,440,116,61,55,6075,3131,2944,951,404,547,2392,1871,521,2227,1772,455,10,10,0,9,9,0,118,94,24,2090,1659,431,165,99,66,0,0,0,0,0,0,9,5,4,156,94,62,144,86,58,0,0,0,0,0,0,7,5,2,137,81,56,21,13,8,0,0,0,0,0,0,2,0,2,19,13,6,4634,1664,2970
5,60,304,800309,12,0,WARD,Dehradun (M.Corp) WARD NO.-0012,Urban,1595,6994,3621,3373,549,285,264,418,224,194,49,31,18,6121,3243,2878,873,378,495,2471,1841,630,2379,1788,591,4,2,2,8,5,3,163,123,40,2204,1658,546,92,53,39,0,0,0,0,0,0,5,3,2,87,50,37,84,48,36,0,0,0,0,0,0,5,3,2,79,45,34,8,5,3,0,0,0,0,0,0,0,0,0,8,5,3,4523,1780,2743
5,60,304,800309,13,0,WARD,Dehradun (M.Corp) WARD NO.-0013,Urban,1354,6358,3290,3068,556,278,278,1550,788,762,43,24,19,5056,2667,2389,1302,623,679,2340,1838,502,2232,1758,474,4,3,1,3,2,1,55,49,6,2170,1704,466,108,80,28,2,1,1,0,0,0,7,4,3,99,75,24,92,66,26,2,1,1,0,0,0,5,4,1,85,61,24,16,14,2,0,0,0,0,0,0,2,0,2,14,14,0,4018,1452,2566
5,60,304,800309,14,0,WARD,Dehradun (M.Corp) WARD NO.-0014,Urban,1759,8814,4535,4279,894,490,404,2773,1402,1371,96,61,35,6839,3728,3111,1975,807,1168,2866,2317,549,2594,2122,472,1,1,0,6,4,2,59,48,11,2528,2069,459,272,195,77,6,4,2,1,1,0,12,6,6,253,184,69,253,186,67,5,4,1,1,1,0,8,6,2,239,175,64,19,9,10,1,0,1,0,0,0,4,0,4,14,9,5,5948,2218,3730
5,60,304,800309,15,0,WARD,Dehradun (M.Corp) WARD NO.-0015,Urban,1240,5341,2798,2543,475,253,222,418,225,193,29,20,9,4461,2352,2109,880,446,434,2041,1608,433,1856,1499,357,7,6,1,8,6,2,52,45,7,1789,1442,347,185,109,76,8,3,5,0,0,0,2,1,1,175,105,70,185,109,76,8,3,5,0,0,0,2,1,1,175,105,70,0,0,0,0,0,0,0,0,0,0,0,0,0,0,0,3300,1190,2110
5,60,304,800309,16,0,WARD,Dehradun (M.Corp) WARD NO.-0016,Urban,1417,6827,3507,3320,704,362,342,757,377,380,19,6,13,5378,2886,2492,1449,621,828,2290,1904,386,2134,1803,331,8,6,2,8,8,0,51,37,14,2067,1752,315,156,101,55,7,1,6,6,6,0,3,2,1,140,92,48,141,89,52,7,1,6,3,3,0,3,2,1,128,83,45,15,12,3,0,0,0,3,3,0,0,0,0,12,9,3,4537,1603,2934
5,60,304,800309,17,0,WARD,Dehradun (M.Corp) WARD NO.-0017,Urban,1370,6128,3125,3003,493,244,249,193,98,95,16,11,5,5300,2741,2559,828,384,444,2324,1767,557,2159,1676,483,5,3,2,3,3,0,85,72,13,2066,1598,468,165,91,74,3,0,3,2,1,1,11,4,7,149,86,63,153,84,69,3,0,3,2,1,1,10,4,6,138,79,59,12,7,5,0,0,0,0,0,0,1,0,1,11,7,4,3804,1358,2446
5,60,304,800309,18,0,WARD,Dehradun (M.Corp) WARD NO.-0018,Urban,1190,5326,2716,2610,441,242,199,317,162,155,42,25,17,4584,2377,2207,742,339,403,1882,1540,342,1829,1513,316,3,2,1,3,3,0,93,73,20,1730,1435,295,53,27,26,1,0,1,0,0,0,1,1,0,51,26,25,42,24,18,1,0,1,0,0,0,1,1,0,40,23,17,11,3,8,0,0,0,0,0,0,0,0,0,11,3,8,3444,1176,2268
5,60,304,800309,19,0,WARD,Dehradun (M.Corp) WARD NO.-0019,Urban,1926,8687,4465,4222,755,402,353,543,276,267,26,17,9,7233,3793,3440,1454,672,782,3128,2575,553,2973,2490,483,5,4,1,7,7,0,133,114,19,2828,2365,463,155,85,70,1,0,1,1,1,0,0,0,0,153,84,69,141,75,66,1,0,1,0,0,0,0,0,0,140,75,65,14,10,4,0,0,0,1,1,0,0,0,0,13,9,4,5559,1890,3669
5,60,304,800309,20,0,WARD,Dehradun (M.Corp) WARD NO.-0020,Urban,1612,7374,3941,3433,815,446,369,434,233,201,98,47,51,5314,2852,2462,2060,1089,971,2544,2170,374,2338,2012,326,3,2,1,34,30,4,49,45,4,2252,1935,317,206,158,48,4,2,2,5,5,0,6,5,1,191,146,45,183,140,43,4,2,2,5,5,0,6,5,1,168,128,40,23,18,5,0,0,0,0,0,0,0,0,0,23,18,5,4830,1771,3059
5,60,304,800309,21,0,WARD,Dehradun (M.Corp) WARD NO.-0021,Urban,2044,10237,5546,4691,1585,826,759,2496,1301,1195,8,3,5,5494,3219,2275,4743,2327,2416,3619,2987,632,3236,2721,515,3,3,0,268,252,16,63,51,12,2902,2415,487,383,266,117,1,1,0,17,13,4,7,4,3,358,248,110,368,255,113,1,1,0,16,12,4,7,4,3,344,238,106,15,11,4,0,0,0,1,1,0,0,0,0,14,10,4,6618,2559,4059
5,60,304,800309,22,0,WARD,Dehradun (M.Corp) WARD NO.-0022,Urban,1731,8241,4258,3983,893,463,430,2768,1437,1331,142,73,69,6453,3450,3003,1788,808,980,2978,2364,614,2737,2199,538,8,5,3,6,2,4,65,60,5,2658,2132,526,241,165,76,3,2,1,18,17,1,5,3,2,215,143,72,223,149,74,3,2,1,18,17,1,1,1,0,201,129,72,18,16,2,0,0,0,0,0,0,4,2,2,14,14,0,5263,1894,3369
5,60,304,800309,23,0,WARD,Dehradun (M.Corp) WARD NO.-0023,Urban,1111,5295,2704,2591,445,242,203,86,43,43,9,5,4,4410,2309,2101,885,395,490,1940,1615,325,1797,1542,255,3,1,2,3,3,0,151,135,16,1640,1403,237,143,73,70,7,3,4,0,0,0,5,2,3,131,68,63,142,73,69,7,3,4,0,0,0,5,2,3,130,68,62,1,0,1,0,0,0,0,0,0,0,0,0,1,0,1,3355,1089,2266
5,60,304,800309,24,0,WARD,Dehradun (M.Corp) WARD NO.-0024,Urban,1472,6727,3556,3171,567,328,239,371,221,150,1,1,0,5778,3077,2701,949,479,470,2518,2126,392,2323,1975,348,6,5,1,37,33,4,181,168,13,2099,1769,330,195,151,44,2,1,1,4,2,2,18,17,1,171,131,40,144,108,36,2,1,1,4,2,2,14,13,1,124,92,32,51,43,8,0,0,0,0,0,0,4,4,0,47,39,8,4209,1430,2779
5,60,304,800309,25,0,WARD,Dehradun (M.Corp) WARD NO.-0025,Urban,1895,10234,5572,4662,875,478,397,1131,580,551,30,19,11,8450,4766,3684,1784,806,978,2772,2187,585,2496,1999,497,7,5,2,19,18,1,83,73,10,2387,1903,484,276,188,88,2,1,1,0,0,0,16,6,10,258,181,77,170,104,66,2,1,1,0,0,0,5,2,3,163,101,62,106,84,22,0,0,0,0,0,0,11,4,7,95,80,15,7462,3385,4077
5,60,304,800309,26,0,WARD,Dehradun (M.Corp) WARD NO.-0026,Urban,1788,8523,4507,4016,1069,571,498,2019,1050,969,23,13,10,6065,3392,2673,2458,1115,1343,3264,2464,800,3023,2359,664,17,13,4,9,8,1,60,52,8,2937,2286,651,241,105,136,4,3,1,2,1,1,5,2,3,230,99,131,235,102,133,4,3,1,2,1,1,4,1,3,225,97,128,6,3,3,0,0,0,0,0,0,1,1,0,5,2,3,5259,2043,3216
5,60,304,800309,27,0,WARD,Dehradun (M.Corp) WARD NO.-0027,Urban,1776,7632,3977,3655,622,331,291,314,160,154,83,42,41,6566,3525,3041,1066,452,614,2728,2024,704,2344,1771,573,18,14,4,6,5,1,104,89,15,2216,1663,553,384,253,131,6,3,3,4,3,1,8,5,3,366,242,124,350,230,120,4,2,2,4,3,1,7,5,2,335,220,115,34,23,11,2,1,1,0,0,0,1,0,1,31,22,9,4904,1953,2951
5,60,304,800309,28,0,WARD,Dehradun (M.Corp) WARD NO.-0028,Urban,1692,7612,3858,3754,764,401,363,1608,828,780,58,31,27,6030,3163,2867,1582,695,887,2792,2009,783,2481,1851,630,4,2,2,15,13,2,145,69,76,2317,1767,550,311,158,153,6,3,3,9,8,1,10,4,6,286,143,143,282,135,147,6,3,3,7,6,1,9,3,6,260,123,137,29,23,6,0,0,0,2,2,0,1,1,0,26,20,6,4820,1849,2971
5,60,304,800309,29,0,WARD,Dehradun (M.Corp) WARD NO.-0029,Urban,2836,13928,7276,6652,1745,905,840,1877,986,891,112,64,48,10477,5685,4792,3451,1591,1860,4590,3771,819,4006,3316,690,17,12,5,56,45,11,511,362,149,3422,2897,525,584,455,129,4,4,0,8,6,2,60,16,44,512,429,83,326,210,116,4,4,0,8,6,2,59,15,44,255,185,70,258,245,13,0,0,0,0,0,0,1,1,0,257,244,13,9338,3505,5833
5,60,304,800309,30,0,WARD,Dehradun (M.Corp) WARD NO.-0030,Urban,2357,11385,6162,5223,1589,867,722,1747,927,820,84,45,39,7850,4533,3317,3535,1629,1906,3615,3132,483,3049,2694,355,11,9,2,56,48,8,120,104,16,2862,2533,329,566,438,128,10,6,4,25,23,2,16,10,6,515,399,116,537,414,123,10,6,4,22,20,2,12,8,4,493,380,113,29,24,5,0,0,0,3,3,0,4,2,2,22,19,3,7770,3030,4740
5,60,304,800309,31,0,WARD,Dehradun (M.Corp) WARD NO.-0031,Urban,3618,16301,8470,7831,1682,907,775,944,511,433,14,7,7,13207,7141,6066,3094,1329,1765,5036,4150,886,4683,3933,750,12,10,2,26,18,8,168,140,28,4477,3765,712,353,217,136,16,8,8,13,5,8,19,2,17,305,202,103,321,204,117,15,8,7,11,5,6,18,2,16,277,189,88,32,13,19,1,0,1,2,0,2,1,0,1,28,13,15,11265,4320,6945
5,60,304,800309,32,0,WARD,Dehradun (M.Corp) WARD NO.-0032,Urban,3032,12632,6570,6062,1413,770,643,754,396,358,51,26,25,10036,5426,4610,2596,1144,1452,3986,3145,841,3539,2840,699,11,10,1,3,3,0,109,87,22,3416,2740,676,447,305,142,5,2,3,5,2,3,32,23,9,405,278,127,409,276,133,5,2,3,4,2,2,28,20,8,372,252,120,38,29,9,0,0,0,1,0,1,4,3,1,33,26,7,8646,3425,5221
5,60,304,800309,33,0,WARD,Dehradun (M.Corp) WARD NO.-0033,Urban,1546,7141,3765,3376,702,370,332,444,241,203,39,21,18,5846,3136,2710,1295,629,666,2508,2087,421,2158,1817,341,4,4,0,4,4,0,96,83,13,2054,1726,328,350,270,80,2,2,0,6,2,4,12,5,7,330,261,69,327,257,70,2,2,0,6,2,4,10,5,5,309,248,61,23,13,10,0,0,0,0,0,0,2,0,2,21,13,8,4633,1678,2955
5,60,304,800309,34,0,WARD,Dehradun (M.Corp) WARD NO.-0034,Urban,1921,8384,4237,4147,787,413,374,357,193,164,21,8,13,7145,3721,3424,1239,516,723,2925,2261,664,2736,2174,562,9,7,2,6,5,1,66,52,14,2655,2110,545,189,87,102,3,2,1,2,1,1,10,9,1,174,75,99,177,81,96,3,2,1,2,1,1,8,7,1,164,71,93,12,6,6,0,0,0,0,0,0,2,2,0,10,4,6,5459,1976,3483
5,60,304,800309,35,0,WARD,Dehradun (M.Corp) WARD NO.-0035,Urban,3406,15439,8124,7315,1891,984,907,1406,775,631,119,57,62,11965,6622,5343,3474,1502,1972,4899,4058,841,3975,3420,555,34,31,3,47,42,5,233,193,40,3661,3154,507,924,638,286,18,7,11,51,43,8,185,76,109,670,512,158,851,581,270,18,7,11,49,42,7,181,73,108,603,459,144,73,57,16,0,0,0,2,1,1,4,3,1,67,53,14,10540,4066,6474
5,60,304,800309,36,0,WARD,Dehradun (M.Corp) WARD NO.-0036,Urban,2598,10782,5545,5237,1032,563,469,554,312,242,49,27,22,8924,4680,4244,1858,865,993,3644,2813,831,3316,2612,704,22,20,2,34,27,7,74,51,23,3186,2514,672,328,201,127,4,3,1,7,6,1,21,9,12,296,183,113,215,121,94,4,3,1,7,6,1,12,8,4,192,104,88,113,80,33,0,0,0,0,0,0,9,1,8,104,79,25,7138,2732,4406
5,60,304,800309,37,0,WARD,Dehradun (M.Corp) WARD NO.-0037,Urban,2862,13330,6910,6420,1295,696,599,662,351,311,413,208,205,11018,5982,5036,2312,928,1384,4203,3354,849,3627,3036,591,40,31,9,29,25,4,95,84,11,3463,2896,567,576,318,258,10,4,6,18,15,3,13,12,1,535,287,248,561,306,255,10,4,6,17,14,3,13,12,1,521,276,245,15,12,3,0,0,0,1,1,0,0,0,0,14,11,3,9127,3556,5571
5,60,304,800309,38,0,WARD,Dehradun (M.Corp) WARD NO.-0038,Urban,1609,7482,3899,3583,744,420,324,732,387,345,79,45,34,6240,3350,2890,1242,549,693,2481,1974,507,2065,1717,348,18,12,6,8,5,3,199,174,25,1840,1526,314,416,257,159,14,8,6,50,32,18,46,35,11,306,182,124,399,249,150,14,8,6,44,29,15,44,33,11,297,179,118,17,8,9,0,0,0,6,3,3,2,2,0,9,3,6,5001,1925,3076
5,60,304,800309,39,0,WARD,Dehradun (M.Corp) WARD NO.-0039,Urban,2316,11017,5745,5272,1176,616,560,1706,884,822,48,27,21,8387,4603,3784,2630,1142,1488,3591,2947,644,3290,2712,578,14,12,2,49,35,14,53,43,10,3174,2622,552,301,235,66,8,8,0,36,28,8,15,6,9,242,193,49,294,231,63,8,8,0,36,28,8,15,6,9,235,189,46,7,4,3,0,0,0,0,0,0,0,0,0,7,4,3,7426,2798,4628
5,60,304,800309,40,0,WARD,Dehradun (M.Corp) WARD NO.-0040,Urban,1351,7507,4029,3478,926,489,437,255,129,126,12,6,6,5489,3104,2385,2018,925,1093,2420,2270,150,2044,1944,100,14,13,1,18,18,0,10,10,0,2002,1903,99,376,326,50,5,3,2,188,180,8,17,13,4,166,130,36,108,84,24,4,2,2,20,17,3,10,9,1,74,56,18,268,242,26,1,1,0,168,163,5,7,4,3,92,74,18,5087,1759,3328
5,60,304,800309,41,0,WARD,Dehradun (M.Corp) WARD NO.-0041,Urban,1160,5607,2961,2646,612,318,294,282,151,131,22,9,13,4412,2414,1998,1195,547,648,1955,1696,259,1848,1624,224,2,1,1,3,1,2,80,66,14,1763,1556,207,107,72,35,4,1,3,3,3,0,14,10,4,86,58,28,98,65,33,4,1,3,1,1,0,13,10,3,80,53,27,9,7,2,0,0,0,2,2,0,1,0,1,6,5,1,3652,1265,2387
5,60,304,800309,42,0,WARD,Dehradun (M.Corp) WARD NO.-0042,Urban,3496,16412,8641,7771,2046,1088,958,910,475,435,15,8,7,12494,6892,5602,3918,1749,2169,5215,4425,790,4793,4110,683,94,81,13,180,127,53,492,434,58,4027,3468,559,422,315,107,18,13,5,38,21,17,27,20,7,339,261,78,373,288,85,17,12,5,33,21,12,25,19,6,298,236,62,49,27,22,1,1,0,5,0,5,2,1,1,41,25,16,11197,4216,6981
5,60,304,800309,43,0,WARD,Dehradun (M.Corp) WARD NO.-0043,Urban,1897,8985,4685,4300,923,486,437,714,371,343,18,11,7,7165,3865,3300,1820,820,1000,3117,2540,577,2971,2455,516,28,21,7,89,51,38,99,79,20,2755,2304,451,146,85,61,5,2,3,11,5,6,5,1,4,125,77,48,114,74,40,5,2,3,9,4,5,3,0,3,97,68,29,32,11,21,0,0,0,2,1,1,2,1,1,28,9,19,5868,2145,3723
5,60,304,800309,44,0,WARD,Dehradun (M.Corp) WARD NO.-0044,Urban,3005,15416,8337,7079,2396,1297,1099,1483,807,676,20,8,12,9316,5327,3989,6100,3010,3090,4714,4209,505,4080,3712,368,19,15,4,138,115,23,135,123,12,3788,3459,329,634,497,137,11,4,7,26,21,5,30,28,2,567,444,123,545,422,123,11,4,7,23,18,5,26,24,2,485,376,109,89,75,14,0,0,0,3,3,0,4,4,0,82,68,14,10702,4128,6574
5,60,304,800309,45,0,WARD,Dehradun (M.Corp) WARD NO.-0045,Urban,1483,6745,3869,2876,655,351,304,466,287,179,21,16,5,5281,3052,2229,1464,817,647,2640,2296,344,2549,2235,314,5,4,1,30,26,4,162,145,17,2352,2060,292,91,61,30,1,0,1,1,1,0,3,2,1,86,58,28,81,55,26,1,0,1,1,1,0,3,2,1,76,52,24,10,6,4,0,0,0,0,0,0,0,0,0,10,6,4,4105,1573,2532
5,60,304,800309,46,0,WARD,Dehradun (M.Corp) WARD NO.-0046,Urban,2344,11870,6167,5703,1563,791,772,1368,699,669,16,7,9,8654,4721,3933,3216,1446,1770,3528,3019,509,3049,2652,397,29,29,0,38,35,3,119,106,13,2863,2482,381,479,367,112,7,2,5,16,12,4,26,19,7,430,334,96,429,337,92,5,1,4,16,12,4,18,15,3,390,309,81,50,30,20,2,1,1,0,0,0,8,4,4,40,25,15,8342,3148,5194
5,60,304,800309,47,0,WARD,Dehradun (M.Corp) WARD NO.-0047,Urban,2458,11904,6286,5618,1539,792,747,1816,949,867,13,6,7,8913,4950,3963,2991,1336,1655,3766,3160,606,3248,2764,484,11,11,0,58,52,6,315,191,124,2864,2510,354,518,396,122,1,1,0,14,12,2,33,10,23,470,373,97,470,363,107,1,1,0,12,10,2,28,5,23,429,347,82,48,33,15,0,0,0,2,2,0,5,5,0,41,26,15,8138,3126,5012
5,60,304,800309,48,0,WARD,Dehradun (M.Corp) WARD NO.-0048,Urban,2315,9807,5115,4692,1031,542,489,648,331,317,72,40,32,7624,4148,3476,2183,967,1216,3711,2851,860,3130,2588,542,14,12,2,62,44,18,161,126,35,2893,2406,487,581,263,318,5,3,2,23,14,9,25,13,12,528,233,295,442,208,234,5,3,2,21,13,8,17,9,8,399,183,216,139,55,84,0,0,0,2,1,1,8,4,4,129,50,79,6096,2264,3832
5,60,304,800309,49,0,WARD,Dehradun (M.Corp) WARD NO.-0049,Urban,2140,10024,5342,4682,1203,636,567,1120,627,493,141,78,63,7557,4240,3317,2467,1102,1365,3229,2693,536,2904,2478,426,6,6,0,21,21,0,102,87,15,2775,2364,411,325,215,110,8,5,3,6,4,2,26,17,9,285,189,96,257,164,93,8,5,3,5,3,2,12,5,7,232,151,81,68,51,17,0,0,0,1,1,0,14,12,2,53,38,15,6795,2649,4146
5,60,304,800309,50,0,WARD,Dehradun (M.Corp) WARD NO.-0050,Urban,2124,10318,5506,4812,1275,712,563,1081,564,517,122,67,55,7649,4226,3423,2669,1280,1389,3504,2865,639,2989,2493,496,28,21,7,25,24,1,70,65,5,2866,2383,483,515,372,143,5,4,1,27,21,6,41,29,12,442,318,124,460,328,132,4,3,1,25,19,6,38,26,12,393,280,113,55,44,11,1,1,0,2,2,0,3,3,0,49,38,11,6814,2641,4173
5,60,304,800309,51,0,WARD,Dehradun (M.Corp) WARD NO.-0051,Urban,3128,13343,7079,6264,1234,691,543,895,476,419,387,196,191,11366,6150,5216,1977,929,1048,4532,3490,1042,3704,3077,627,23,16,7,17,14,3,77,62,15,3587,2985,602,828,413,415,7,4,3,8,6,2,11,7,4,802,396,406,808,400,408,6,4,2,6,5,1,10,6,4,786,385,401,20,13,7,1,0,1,2,1,1,1,1,0,16,11,5,8811,3589,5222
5,60,304,800309,52,0,WARD,Dehradun (M.Corp) WARD NO.-0052,Urban,3260,13735,7083,6652,1152,607,545,876,452,424,289,143,146,11731,6201,5530,2004,882,1122,5113,3774,1339,4223,3324,899,36,31,5,44,37,7,257,207,50,3886,3049,837,890,450,440,14,7,7,33,25,8,90,39,51,753,379,374,815,404,411,14,7,7,22,16,6,84,37,47,695,344,351,75,46,29,0,0,0,11,9,2,6,2,4,58,35,23,8622,3309,5313
5,60,304,800309,53,0,WARD,Dehradun (M.Corp) WARD NO.-0053,Urban,1989,7804,4044,3760,566,285,281,254,132,122,184,94,90,7040,3710,3330,764,334,430,2592,2027,565,2417,1934,483,7,6,1,11,8,3,73,61,12,2326,1859,467,175,93,82,1,0,1,4,2,2,8,3,5,162,88,74,163,88,75,1,0,1,3,2,1,8,3,5,151,83,68,12,5,7,0,0,0,1,0,1,0,0,0,11,5,6,5212,2017,3195
5,60,304,800309,54,0,WARD,Dehradun (M.Corp) WARD NO.-0054,Urban,2232,10313,5300,5013,1055,562,493,1094,564,530,9,6,3,8535,4526,4009,1778,774,1004,3563,2868,695,3445,2798,647,8,7,1,18,17,1,329,281,48,3090,2493,597,118,70,48,7,2,5,2,0,2,7,3,4,102,65,37,101,56,45,7,2,5,2,0,2,7,3,4,85,51,34,17,14,3,0,0,0,0,0,0,0,0,0,17,14,3,6750,2432,4318
5,60,304,800309,55,0,WARD,Dehradun (M.Corp) WARD NO.-0055,Urban,2122,10596,5570,5026,1405,722,683,806,438,368,23,9,14,7801,4376,3425,2795,1194,1601,3572,2987,585,3174,2739,435,6,4,2,32,29,3,138,92,46,2998,2614,384,398,248,150,4,1,3,9,9,0,61,11,50,324,227,97,259,164,95,4,1,3,7,7,0,25,2,23,223,154,69,139,84,55,0,0,0,2,2,0,36,9,27,101,73,28,7024,2583,4441
5,60,304,800309,56,0,WARD,Dehradun (M.Corp) WARD NO.-0056,Urban,1554,6751,3564,3187,567,279,288,571,287,284,46,23,23,5688,3153,2535,1063,411,652,2311,1886,425,2188,1809,379,5,5,0,1,0,1,55,43,12,2127,1761,366,123,77,46,5,4,1,0,0,0,5,2,3,113,71,42,108,70,38,5,4,1,0,0,0,3,1,2,100,65,35,15,7,8,0,0,0,0,0,0,2,1,1,13,6,7,4440,1678,2762
5,60,304,800309,57,0,WARD,Dehradun (M.Corp) WARD NO.-0057,Urban,2208,10140,5480,4660,1146,610,536,926,475,451,36,18,18,7763,4334,3429,2377,1146,1231,3924,3093,831,3622,2935,687,16,7,9,76,64,12,219,182,37,3311,2682,629,302,158,144,13,6,7,3,2,1,34,13,21,252,137,115,273,150,123,13,6,7,2,1,1,24,11,13,234,132,102,29,8,21,0,0,0,1,1,0,10,2,8,18,5,13,6216,2387,3829
5,60,304,800309,58,0,WARD,Dehradun (M.Corp) WARD NO.-0058,Urban,1854,8445,4495,3950,876,509,367,531,281,250,52,24,28,6728,3662,3066,1717,833,884,2879,2431,448,2705,2309,396,14,11,3,7,6,1,183,152,31,2501,2140,361,174,122,52,3,2,1,0,0,0,30,26,4,141,94,47,138,88,50,3,2,1,0,0,0,8,4,4,127,82,45,36,34,2,0,0,0,0,0,0,22,22,0,14,12,2,5566,2064,3502
5,60,304,800309,59,0,WARD,Dehradun (M.Corp) WARD NO.-0059,Urban,2119,8650,4435,4215,763,437,326,563,302,261,83,44,39,7420,3868,3552,1230,567,663,2908,2245,663,2672,2095,577,6,6,0,38,31,7,47,40,7,2581,2018,563,236,150,86,4,2,2,11,6,5,13,5,8,208,137,71,201,138,63,4,2,2,10,6,4,12,5,7,175,125,50,35,12,23,0,0,0,1,0,1,1,0,1,33,12,21,5742,2190,3552
5,60,304,800309,60,0,WARD,Dehradun (M.Corp) WARD NO.-0060,Urban,2150,9578,4856,4722,854,472,382,1271,672,599,71,36,35,8160,4239,3921,1418,617,801,2987,2397,590,2688,2197,491,4,1,3,6,6,0,50,39,11,2628,2151,477,299,200,99,6,5,1,3,1,2,14,7,7,276,187,89,274,186,88,6,5,1,3,1,2,13,6,7,252,174,78,25,14,11,0,0,0,0,0,0,1,1,0,24,13,11,6591,2459,4132
5,60,304,800309,61,0,WARD,Bharuwal Grant (OG) WARD NO.-0061 (Rural MDDS CODE:045271),Urban,1212,5262,2569,2693,420,236,184,475,250,225,6,4,2,4578,2271,2307,684,298,386,1485,1092,393,1316,992,324,20,13,7,4,3,1,12,7,5,1280,969,311,169,100,69,7,5,2,7,1,6,10,6,4,145,88,57,156,92,64,7,5,2,6,1,5,3,1,2,140,85,55,13,8,5,0,0,0,1,0,1,7,5,2,5,3,2,3777,1477,2300
5,60,304,800310,0,0,TOWN,Dehradun (CB),Urban,11230,52716,29608,23108,5288,2949,2339,5610,2951,2659,372,209,163,43618,25196,18422,9098,4412,4686,20545,17316,3229,18443,16025,2418,91,83,8,52,46,6,332,247,85,17968,15649,2319,2102,1291,811,59,33,26,20,18,2,50,10,40,1973,1230,743,1918,1177,741,57,32,25,16,14,2,34,10,24,1811,1121,690,184,114,70,2,1,1,4,4,0,16,0,16,162,109,53,32171,12292,19879
5,60,304,800310,1,0,WARD,Dehradun (CB) WARD NO.-0001,Urban,1825,8487,4398,4089,786,433,353,947,488,459,19,10,9,7017,3744,3273,1470,654,816,2714,2274,440,2588,2190,398,15,15,0,9,9,0,72,60,12,2492,2106,386,126,84,42,4,2,2,2,2,0,5,0,5,115,80,35,108,72,36,4,2,2,1,1,0,5,0,5,98,69,29,18,12,6,0,0,0,1,1,0,0,0,0,17,11,6,5773,2124,3649
5,60,304,800310,2,0,WARD,Dehradun (CB) WARD NO.-0002,Urban,1437,6754,3495,3259,652,369,283,692,358,334,33,18,15,5636,2987,2649,1118,508,610,2099,1715,384,1979,1640,339,3,2,1,12,10,2,81,70,11,1883,1558,325,120,75,45,3,1,2,3,1,2,4,2,2,110,71,39,106,63,43,3,1,2,3,1,2,3,2,1,97,59,38,14,12,2,0,0,0,0,0,0,1,0,1,13,12,1,4655,1780,2875
5,60,304,800310,3,0,WARD,Dehradun (CB) WARD NO.-0003,Urban,1018,6749,4781,1968,673,367,306,1308,681,627,20,17,3,5597,4239,1358,1152,542,610,3942,3639,303,3641,3410,231,30,28,2,15,13,2,31,23,8,3565,3346,219,301,229,72,4,4,0,12,12,0,6,1,5,279,212,67,277,213,64,4,4,0,9,9,0,4,1,3,260,199,61,24,16,8,0,0,0,3,3,0,2,0,2,19,13,6,2807,1142,1665
5,60,304,800310,4,0,WARD,Dehradun (CB) WARD NO.-0004,Urban,1191,5338,2722,2616,376,210,166,844,434,410,169,89,80,4596,2413,2183,742,309,433,1853,1364,489,1643,1250,393,1,1,0,1,1,0,33,9,24,1608,1239,369,210,114,96,8,7,1,0,0,0,5,2,3,197,105,92,182,100,82,8,7,1,0,0,0,5,2,3,169,91,78,28,14,14,0,0,0,0,0,0,0,0,0,28,14,14,3485,1358,2127
5,60,304,800310,5,0,WARD,Dehradun (CB) WARD NO.-0005,Urban,1588,7011,4122,2889,730,416,314,524,284,240,41,29,12,5927,3543,2384,1084,579,505,2651,2370,281,2568,2329,239,17,17,0,3,3,0,22,12,10,2526,2297,229,83,41,42,7,3,4,0,0,0,8,1,7,68,37,31,69,32,37,7,3,4,0,0,0,8,1,7,54,28,26,14,9,5,0,0,0,0,0,0,0,0,0,14,9,5,4360,1752,2608
5,60,304,800310,6,0,WARD,Dehradun (CB) WARD NO.-0006,Urban,1294,5786,3126,2660,613,358,255,301,147,154,26,17,9,4806,2626,2180,980,500,480,1882,1597,285,1736,1506,230,10,7,3,7,7,0,61,55,6,1658,1437,221,146,91,55,9,3,6,1,1,0,19,4,15,117,83,34,112,77,35,8,2,6,1,1,0,7,4,3,96,70,26,34,14,20,1,1,0,0,0,0,12,0,12,21,13,8,3904,1529,2375
5,60,304,800310,7,0,WARD,Dehradun (CB) WARD NO.-0007,Urban,1588,7192,4152,3040,844,465,379,697,408,289,50,23,27,5642,3294,2348,1550,858,692,3522,2801,721,2612,2273,339,7,7,0,3,2,1,24,12,12,2578,2252,326,910,528,382,17,9,8,1,1,0,2,0,2,890,518,372,883,512,371,16,9,7,1,1,0,1,0,1,865,502,363,27,16,11,1,0,1,0,0,0,1,0,1,25,16,9,3670,1351,2319
5,60,304,800310,8,0,WARD,Dehradun (CB) WARD NO.-0008,Urban,1289,5399,2812,2587,614,331,283,297,151,146,14,6,8,4397,2350,2047,1002,462,540,1882,1556,326,1676,1427,249,8,6,2,2,1,1,8,6,2,1658,1414,244,206,129,77,7,4,3,1,1,0,1,0,1,197,124,73,181,108,73,7,4,3,1,1,0,1,0,1,172,103,69,25,21,4,0,0,0,0,0,0,0,0,0,25,21,4,3517,1256,2261
5,60,304,800311,0,0,TOWN,Clement Town (CB),Urban,4689,22557,12797,9760,2818,1520,1298,1899,988,911,206,131,75,17844,10728,7116,4713,2069,2644,8333,7403,930,7480,6758,722,65,43,22,34,31,3,191,92,99,7190,6592,598,853,645,208,7,6,1,27,19,8,24,15,9,795,605,190,713,527,186,7,6,1,23,15,8,23,14,9,660,492,168,140,118,22,0,0,0,4,4,0,1,1,0,135,113,22,14224,5394,8830
5,60,304,800311,1,0,WARD,Clement Town (CB) WARD NO.-0001,Urban,511,2822,1483,1339,420,223,197,391,208,183,1,1,0,1971,1113,858,851,370,481,750,717,33,709,682,27,9,9,0,4,4,0,40,40,0,656,629,27,41,35,6,0,0,0,9,5,4,4,4,0,28,26,2,30,24,6,0,0,0,6,2,4,3,3,0,21,19,2,11,11,0,0,0,0,3,3,0,1,1,0,7,7,0,2072,766,1306
5,60,304,800311,2,0,WARD,Clement Town (CB) WARD NO.-0002,Urban,529,2399,1219,1180,225,110,115,697,347,350,0,0,0,1951,1050,901,448,169,279,665,544,121,635,520,115,2,0,2,11,9,2,7,6,1,615,505,110,30,24,6,0,0,0,1,1,0,0,0,0,29,23,6,21,16,5,0,0,0,1,1,0,0,0,0,20,15,5,9,8,1,0,0,0,0,0,0,0,0,0,9,8,1,1734,675,1059
5,60,304,800311,3,0,WARD,Clement Town (CB) WARD NO.-0003,Urban,733,3320,1727,1593,308,173,135,89,47,42,10,5,5,2841,1529,1312,479,198,281,793,636,157,714,582,132,1,1,0,1,1,0,9,7,2,703,573,130,79,54,25,0,0,0,1,1,0,2,2,0,76,51,25,69,48,21,0,0,0,1,1,0,2,2,0,66,45,21,10,6,4,0,0,0,0,0,0,0,0,0,10,6,4,2527,1091,1436
5,60,304,800311,4,0,WARD,Clement Town (CB) WARD NO.-0004,Urban,939,4392,2933,1459,690,408,282,113,74,39,160,107,53,3573,2483,1090,819,450,369,2339,2195,144,2282,2165,117,28,9,19,1,1,0,3,1,2,2250,2154,96,57,30,27,0,0,0,0,0,0,1,0,1,56,30,26,50,26,24,0,0,0,0,0,0,1,0,1,49,26,23,7,4,3,0,0,0,0,0,0,0,0,0,7,4,3,2053,738,1315
5,60,304,800311,5,0,WARD,Clement Town (CB) WARD NO.-0005,Urban,914,4032,2571,1461,497,261,236,176,92,84,18,10,8,3368,2260,1108,664,311,353,2263,1891,372,2085,1812,273,8,7,1,7,6,1,102,14,88,1968,1785,183,178,79,99,1,0,1,0,0,0,3,0,3,174,79,95,177,79,98,1,0,1,0,0,0,3,0,3,173,79,94,1,0,1,0,0,0,0,0,0,0,0,0,1,0,1,1769,680,1089
5,60,304,800311,6,0,WARD,Clement Town (CB) WARD NO.-0006,Urban,640,3248,1643,1605,392,210,182,199,101,98,17,8,9,2500,1359,1141,748,284,464,851,795,56,691,658,33,12,12,0,9,9,0,10,7,3,660,630,30,160,137,23,4,4,0,8,5,3,12,7,5,136,121,15,152,130,22,4,4,0,7,4,3,12,7,5,129,115,14,8,7,1,0,0,0,1,1,0,0,0,0,7,6,1,2397,848,1549
5,60,304,800311,7,0,WARD,Clement Town (CB) WARD NO.-0007,Urban,423,2344,1221,1123,286,135,151,234,119,115,0,0,0,1640,934,706,704,287,417,672,625,47,364,339,25,5,5,0,1,1,0,20,17,3,338,316,22,308,286,22,2,2,0,8,7,1,2,2,0,296,275,21,214,204,10,2,2,0,8,7,1,2,2,0,202,193,9,94,82,12,0,0,0,0,0,0,0,0,0,94,82,12,1672,596,1076
5,60,304,800312,0,0,TOWN,Doiwala (NP),Urban,1791,8709,4659,4050,938,531,407,709,377,332,53,31,22,7000,3873,3127,1709,786,923,2922,2371,551,2510,2135,375,52,47,5,12,9,3,162,141,21,2284,1938,346,412,236,176,12,3,9,33,17,16,20,5,15,347,211,136,382,219,163,11,3,8,29,13,16,19,5,14,323,198,125,30,17,13,1,0,1,4,4,0,1,0,1,24,13,11,5787,2288,3499
5,60,304,800312,1,0,WARD,Doiwala (NP) WARD NO.-0001,Urban,215,1025,551,474,97,59,38,118,62,56,31,18,13,856,476,380,169,75,94,310,255,55,250,211,39,4,4,0,2,1,1,36,32,4,208,174,34,60,44,16,1,1,0,1,0,1,1,0,1,57,43,14,55,41,14,1,1,0,1,0,1,0,0,0,53,40,13,5,3,2,0,0,0,0,0,0,1,0,1,4,3,1,715,296,419
5,60,304,800312,2,0,WARD,Doiwala (NP) WARD NO.-0002,Urban,308,1427,725,702,147,84,63,56,28,28,0,0,0,1199,619,580,228,106,122,559,372,187,410,319,91,22,17,5,2,1,1,6,6,0,380,295,85,149,53,96,9,1,8,18,9,9,6,1,5,116,42,74,142,52,90,8,1,7,18,9,9,6,1,5,110,41,69,7,1,6,1,0,1,0,0,0,0,0,0,6,1,5,868,353,515
5,60,304,800312,3,0,WARD,Doiwala (NP) WARD NO.-0003,Urban,285,1301,666,635,143,79,64,100,53,47,12,6,6,1059,554,505,242,112,130,475,374,101,415,346,69,5,5,0,2,1,1,24,22,2,384,318,66,60,28,32,0,0,0,6,0,6,5,1,4,49,27,22,53,25,28,0,0,0,6,0,6,5,1,4,42,24,18,7,3,4,0,0,0,0,0,0,0,0,0,7,3,4,826,292,534
5,60,304,800312,4,0,WARD,Doiwala (NP) WARD NO.-0004,Urban,245,1134,609,525,118,72,46,238,129,109,0,0,0,870,481,389,264,128,136,378,333,45,279,246,33,9,9,0,1,1,0,3,3,0,266,233,33,99,87,12,2,1,1,8,8,0,1,1,0,88,77,11,90,79,11,2,1,1,4,4,0,1,1,0,83,73,10,9,8,1,0,0,0,4,4,0,0,0,0,5,4,1,756,276,480
5,60,304,800312,5,0,WARD,Doiwala (NP) WARD NO.-0005,Urban,186,860,455,405,86,52,34,22,10,12,0,0,0,742,394,348,118,61,57,317,255,62,296,248,48,7,7,0,0,0,0,63,58,5,226,183,43,21,7,14,0,0,0,0,0,0,5,0,5,16,7,9,21,7,14,0,0,0,0,0,0,5,0,5,16,7,9,0,0,0,0,0,0,0,0,0,0,0,0,0,0,0,543,200,343
5,60,304,800312,6,0,WARD,Doiwala (NP) WARD NO.-0006,Urban,261,1522,871,651,181,88,93,107,57,50,2,2,0,1176,727,449,346,144,202,397,360,37,388,354,34,1,1,0,0,0,0,20,10,10,367,343,24,9,6,3,0,0,0,0,0,0,1,1,0,8,5,3,8,5,3,0,0,0,0,0,0,1,1,0,7,4,3,1,1,0,0,0,0,0,0,0,0,0,0,1,1,0,1125,511,614
5,60,304,800312,7,0,WARD,Doiwala (NP) WARD NO.-0007,Urban,291,1440,782,658,166,97,69,68,38,30,8,5,3,1098,622,476,342,160,182,486,422,64,472,411,61,4,4,0,5,5,0,10,10,0,453,392,61,14,11,3,0,0,0,0,0,0,1,1,0,13,10,3,13,10,3,0,0,0,0,0,0,1,1,0,12,9,3,1,1,0,0,0,0,0,0,0,0,0,0,1,1,0,954,360,594
5,60,305,0,0,0,SUB-DISTRICT,"Rishikesh
",Total,54517,260343,136783,123560,31230,16849,14381,25545,13441,12104,3653,1927,1726,195362,109987,85375,64981,26796,38185,86454,68552,17902,70824,58749,12075,7331,4887,2444,2403,1994,409,3043,2239,804,58047,49629,8418,15630,9803,5827,2361,925,1436,3319,2350,969,834,386,448,9116,6142,2974,13026,8230,4796,1776,708,1068,2447,1788,659,721,333,388,8082,5401,2681,2604,1573,1031,585,217,368,872,562,310,113,53,60,1034,741,293,173889,68231,105658
5,60,305,0,0,0,SUB-DISTRICT,"Rishikesh
",Rural,28284,137943,71646,66297,17085,9189,7896,12907,6730,6177,2646,1400,1246,102133,57433,44700,35810,14213,21597,48319,36069,12250,36844,29300,7544,6671,4517,2154,1969,1639,330,1888,1250,638,26316,21894,4422,11475,6769,4706,2242,860,1382,2905,2017,888,628,248,380,5700,3644,2056,9404,5572,3832,1664,648,1016,2086,1494,592,554,215,339,5100,3215,1885,2071,1197,874,578,212,366,819,523,296,74,33,41,600,429,171,89624,35577,54047
5,60,305,0,0,0,SUB-DISTRICT,"Rishikesh
",Urban,26233,122400,65137,57263,14145,7660,6485,12638,6711,5927,1007,527,480,93229,52554,40675,29171,12583,16588,38135,32483,5652,33980,29449,4531,660,370,290,434,355,79,1155,989,166,31731,27735,3996,4155,3034,1121,119,65,54,414,333,81,206,138,68,3416,2498,918,3622,2658,964,112,60,52,361,294,67,167,118,49,2982,2186,796,533,376,157,7,5,2,53,39,14,39,20,19,434,312,122,84265,32654,51611
5,60,305,45360,0,0,TOWN,Rishikesh (CT),Urban,1755,8033,4186,3847,800,423,377,769,415,354,15,11,4,6425,3547,2878,1608,639,969,2558,2142,416,2214,1924,290,4,4,0,36,32,4,97,81,16,2077,1807,270,344,218,126,12,9,3,20,15,5,58,29,29,254,165,89,281,180,101,11,8,3,18,15,3,48,24,24,204,133,71,63,38,25,1,1,0,2,0,2,10,5,5,50,32,18,5475,2044,3431
5,60,305,45360,1,0,WARD,Rishikesh (CT) WARD NO.-0001,Urban,1755,8033,4186,3847,800,423,377,769,415,354,15,11,4,6425,3547,2878,1608,639,969,2558,2142,416,2214,1924,290,4,4,0,36,32,4,97,81,16,2077,1807,270,344,218,126,12,9,3,20,15,5,58,29,29,254,165,89,281,180,101,11,8,3,18,15,3,48,24,24,204,133,71,63,38,25,1,1,0,2,0,2,10,5,5,50,32,18,5475,2044,3431
5,60,305,45361,0,0,TOWN,Gumaniwala (CT),Urban,1434,6953,3573,3380,805,440,365,348,181,167,276,138,138,5300,2917,2383,1653,656,997,2180,1765,415,1805,1548,257,40,34,6,27,25,2,52,43,9,1686,1446,240,375,217,158,8,5,3,36,27,9,21,18,3,310,167,143,353,200,153,7,4,3,33,26,7,19,17,2,294,153,141,22,17,5,1,1,0,3,1,2,2,1,1,16,14,2,4773,1808,2965
5,60,305,45361,1,0,WARD,Gumaniwala (CT) WARD NO.-0001,Urban,1434,6953,3573,3380,805,440,365,348,181,167,276,138,138,5300,2917,2383,1653,656,997,2180,1765,415,1805,1548,257,40,34,6,27,25,2,52,43,9,1686,1446,240,375,217,158,8,5,3,36,27,9,21,18,3,310,167,143,353,200,153,7,4,3,33,26,7,19,17,2,294,153,141,22,17,5,1,1,0,3,1,2,2,1,1,16,14,2,4773,1808,2965
5,60,305,45362,0,0,TOWN,Kharak mafi (CT),Urban,1699,8404,4273,4131,1017,534,483,385,200,185,343,180,163,6331,3522,2809,2073,751,1322,2295,1811,484,2083,1660,423,366,160,206,75,43,32,48,30,18,1594,1427,167,212,151,61,28,13,15,37,18,19,20,18,2,127,102,25,192,135,57,28,13,15,31,14,17,19,17,2,114,91,23,20,16,4,0,0,0,6,4,2,1,1,0,13,11,2,6109,2462,3647
5,60,305,45362,1,0,WARD,Kharak mafi (CT) WARD NO.-0001,Urban,1699,8404,4273,4131,1017,534,483,385,200,185,343,180,163,6331,3522,2809,2073,751,1322,2295,1811,484,2083,1660,423,366,160,206,75,43,32,48,30,18,1594,1427,167,212,151,61,28,13,15,37,18,19,20,18,2,127,102,25,192,135,57,28,13,15,31,14,17,19,17,2,114,91,23,20,16,4,0,0,0,6,4,2,1,1,0,13,11,2,6109,2462,3647
5,60,305,45363,0,0,TOWN,Pratitnagar (CT),Urban,2095,9564,4821,4743,1099,577,522,1101,562,539,273,145,128,7281,3908,3373,2283,913,1370,2452,2039,413,1839,1563,276,131,81,50,95,79,16,45,40,5,1568,1363,205,613,476,137,9,6,3,217,183,34,13,5,8,374,282,92,525,405,120,8,5,3,185,157,28,11,5,6,321,238,83,88,71,17,1,1,0,32,26,6,2,0,2,53,44,9,7112,2782,4330
5,60,305,45363,1,0,WARD,Pratitnagar (CT) WARD NO.-0001,Urban,2095,9564,4821,4743,1099,577,522,1101,562,539,273,145,128,7281,3908,3373,2283,913,1370,2452,2039,413,1839,1563,276,131,81,50,95,79,16,45,40,5,1568,1363,205,613,476,137,9,6,3,217,183,34,13,5,8,374,282,92,525,405,120,8,5,3,185,157,28,11,5,6,321,238,83,88,71,17,1,1,0,32,26,6,2,0,2,53,44,9,7112,2782,4330
5,60,305,45364,0,0,TOWN,Haripur Kalan (CT),Urban,2328,10367,5666,4701,1247,656,591,356,195,161,14,8,6,7774,4523,3251,2593,1143,1450,3211,2726,485,2825,2452,373,74,59,15,99,85,14,198,177,21,2454,2131,323,386,274,112,22,13,9,84,77,7,33,30,3,247,154,93,364,259,105,21,12,9,75,69,6,30,27,3,238,151,87,22,15,7,1,1,0,9,8,1,3,3,0,9,3,6,7156,2940,4216
5,60,305,45364,1,0,WARD,Haripur Kalan (CT) WARD NO.-0001,Urban,2328,10367,5666,4701,1247,656,591,356,195,161,14,8,6,7774,4523,3251,2593,1143,1450,3211,2726,485,2825,2452,373,74,59,15,99,85,14,198,177,21,2454,2131,323,386,274,112,22,13,9,84,77,7,33,30,3,247,154,93,364,259,105,21,12,9,75,69,6,30,27,3,238,151,87,22,15,7,1,1,0,9,8,1,3,3,0,9,3,6,7156,2940,4216
5,60,305,800313,0,0,TOWN,Rishikesh (NPP),Urban,14975,70499,38065,32434,8284,4526,3758,7809,4149,3660,82,43,39,53500,30393,23107,16999,7672,9327,23013,19949,3064,21256,18658,2598,42,29,13,99,90,9,682,588,94,20433,17951,2482,1757,1291,466,37,19,18,20,13,7,59,36,23,1641,1223,418,1501,1124,377,34,18,16,19,13,6,38,26,12,1410,1067,343,256,167,89,3,1,2,1,0,1,21,10,11,231,156,75,47486,18116,29370
5,60,305,800313,1,0,WARD,Rishikesh (NPP) WARD NO.-0001,Urban,1002,4957,2814,2143,687,386,301,331,178,153,4,2,2,3330,2037,1293,1627,777,850,1707,1580,127,1565,1467,98,1,1,0,4,4,0,11,11,0,1549,1451,98,142,113,29,2,1,1,0,0,0,1,0,1,139,112,27,128,105,23,2,1,1,0,0,0,1,0,1,125,104,21,14,8,6,0,0,0,0,0,0,0,0,0,14,8,6,3250,1234,2016
5,60,305,800313,2,0,WARD,Rishikesh (NPP) WARD NO.-0002,Urban,651,3502,1816,1686,424,229,195,2754,1425,1329,0,0,0,2456,1379,1077,1046,437,609,1290,997,293,1209,955,254,1,0,1,7,6,1,10,8,2,1191,941,250,81,42,39,1,0,1,0,0,0,0,0,0,80,42,38,52,31,21,1,0,1,0,0,0,0,0,0,51,31,20,29,11,18,0,0,0,0,0,0,0,0,0,29,11,18,2212,819,1393
5,60,305,800313,3,0,WARD,Rishikesh (NPP) WARD NO.-0003,Urban,1350,6583,3419,3164,807,428,379,478,253,225,0,0,0,4999,2766,2233,1584,653,931,1917,1692,225,1769,1584,185,1,1,0,6,5,1,32,25,7,1730,1553,177,148,108,40,5,1,4,2,1,1,2,0,2,139,106,33,122,90,32,5,1,4,2,1,1,1,0,1,114,88,26,26,18,8,0,0,0,0,0,0,1,0,1,25,18,7,4666,1727,2939
5,60,305,800313,4,0,WARD,Rishikesh (NPP) WARD NO.-0004,Urban,1121,5649,3041,2608,692,404,288,1132,623,509,5,2,3,4203,2380,1823,1446,661,785,1742,1529,213,1490,1336,154,3,1,2,29,29,0,232,207,25,1226,1099,127,252,193,59,3,1,2,9,6,3,13,9,4,227,177,50,232,176,56,3,1,2,9,6,3,12,8,4,208,161,47,20,17,3,0,0,0,0,0,0,1,1,0,19,16,3,3907,1512,2395
5,60,305,800313,5,0,WARD,Rishikesh (NPP) WARD NO.-0005,Urban,586,2965,1606,1359,367,191,176,109,47,62,0,0,0,2157,1276,881,808,330,478,1006,879,127,768,694,74,3,3,0,2,1,1,13,13,0,750,677,73,238,185,53,9,7,2,3,2,1,5,3,2,221,173,48,208,164,44,9,7,2,3,2,1,3,2,1,193,153,40,30,21,9,0,0,0,0,0,0,2,1,1,28,20,8,1959,727,1232
5,60,305,800313,6,0,WARD,Rishikesh (NPP) WARD NO.-0006,Urban,722,3255,1708,1547,362,205,157,25,14,11,4,3,1,2608,1444,1164,647,264,383,940,786,154,902,761,141,2,2,0,7,5,2,47,37,10,846,717,129,38,25,13,1,1,0,0,0,0,3,1,2,34,23,11,27,19,8,1,1,0,0,0,0,0,0,0,26,18,8,11,6,5,0,0,0,0,0,0,3,1,2,8,5,3,2315,922,1393
5,60,305,800313,7,0,WARD,Rishikesh (NPP) WARD NO.-0007,Urban,476,2356,1284,1072,294,175,119,314,167,147,10,6,4,1764,1007,757,592,277,315,835,703,132,751,651,100,1,1,0,2,2,0,32,27,5,716,621,95,84,52,32,2,2,0,0,0,0,3,2,1,79,48,31,81,52,29,2,2,0,0,0,0,3,2,1,76,48,28,3,0,3,0,0,0,0,0,0,0,0,0,3,0,3,1521,581,940
5,60,305,800313,8,0,WARD,Rishikesh (NPP) WARD NO.-0008,Urban,688,3264,1740,1524,428,233,195,271,143,128,4,3,1,2499,1408,1091,765,332,433,955,849,106,898,803,95,0,0,0,2,2,0,16,16,0,880,785,95,57,46,11,1,0,1,0,0,0,2,2,0,54,44,10,48,39,9,1,0,1,0,0,0,2,2,0,45,37,8,9,7,2,0,0,0,0,0,0,0,0,0,9,7,2,2309,891,1418
5,60,305,800313,9,0,WARD,Rishikesh (NPP) WARD NO.-0009,Urban,430,2016,1053,963,187,104,83,36,18,18,0,0,0,1751,926,825,265,127,138,702,592,110,691,583,108,1,1,0,3,3,0,25,20,5,662,559,103,11,9,2,0,0,0,0,0,0,0,0,0,11,9,2,9,8,1,0,0,0,0,0,0,0,0,0,9,8,1,2,1,1,0,0,0,0,0,0,0,0,0,2,1,1,1314,461,853
5,60,305,800313,10,0,WARD,Rishikesh (NPP) WARD NO.-0010,Urban,835,4071,2267,1804,641,359,282,823,438,385,3,1,2,2070,1259,811,2001,1008,993,1386,1200,186,1269,1120,149,1,1,0,3,3,0,0,0,0,1265,1116,149,117,80,37,0,0,0,0,0,0,1,0,1,116,80,36,103,68,35,0,0,0,0,0,0,1,0,1,102,68,34,14,12,2,0,0,0,0,0,0,0,0,0,14,12,2,2685,1067,1618
5,60,305,800313,11,0,WARD,Rishikesh (NPP) WARD NO.-0011,Urban,872,3813,2229,1584,525,273,252,285,169,116,4,2,2,2713,1700,1013,1100,529,571,1379,1289,90,1217,1145,72,4,3,1,6,5,1,27,23,4,1180,1114,66,162,144,18,3,3,0,2,1,1,6,4,2,151,136,15,142,127,15,2,2,0,1,1,0,6,4,2,133,120,13,20,17,3,1,1,0,1,0,1,0,0,0,18,16,2,2434,940,1494
5,60,305,800313,12,0,WARD,Rishikesh (NPP) WARD NO.-0012,Urban,815,3798,2191,1607,430,226,204,203,112,91,0,0,0,2879,1771,1108,919,420,499,1299,1067,232,1265,1044,221,3,3,0,2,2,0,48,42,6,1212,997,215,34,23,11,0,0,0,0,0,0,3,3,0,31,20,11,23,16,7,0,0,0,0,0,0,3,3,0,20,13,7,11,7,4,0,0,0,0,0,0,0,0,0,11,7,4,2499,1124,1375
5,60,305,800313,13,0,WARD,Rishikesh (NPP) WARD NO.-0013,Urban,889,4257,2218,2039,489,254,235,320,181,139,0,0,0,3376,1874,1502,881,344,537,1246,1085,161,1209,1060,149,2,2,0,9,8,1,10,8,2,1188,1042,146,37,25,12,0,0,0,0,0,0,2,1,1,35,24,11,26,17,9,0,0,0,0,0,0,2,1,1,24,16,8,11,8,3,0,0,0,0,0,0,0,0,0,11,8,3,3011,1133,1878
5,60,305,800313,14,0,WARD,Rishikesh (NPP) WARD NO.-0014,Urban,734,3181,1698,1483,307,167,140,20,9,11,13,6,7,2654,1474,1180,527,224,303,1023,896,127,930,828,102,10,5,5,4,4,0,2,0,2,914,819,95,93,68,25,2,1,1,4,3,1,1,1,0,86,63,23,91,66,25,2,1,1,4,3,1,1,1,0,84,61,23,2,2,0,0,0,0,0,0,0,0,0,0,2,2,0,2158,802,1356
5,60,305,800313,15,0,WARD,Rishikesh (NPP) WARD NO.-0015,Urban,532,2194,1186,1008,174,85,89,124,63,61,5,4,1,1821,1021,800,373,165,208,680,596,84,657,577,80,0,0,0,0,0,0,6,6,0,651,571,80,23,19,4,2,1,1,0,0,0,0,0,0,21,18,3,19,16,3,2,1,1,0,0,0,0,0,0,17,15,2,4,3,1,0,0,0,0,0,0,0,0,0,4,3,1,1514,590,924
5,60,305,800313,16,0,WARD,Rishikesh (NPP) WARD NO.-0016,Urban,778,3330,1810,1520,352,195,157,128,65,63,6,3,3,2711,1524,1187,619,286,333,1095,947,148,1004,882,122,2,1,1,0,0,0,4,1,3,998,880,118,91,65,26,0,0,0,0,0,0,14,7,7,77,58,19,74,56,18,0,0,0,0,0,0,0,0,0,74,56,18,17,9,8,0,0,0,0,0,0,14,7,7,3,2,1,2235,863,1372
5,60,305,800313,17,0,WARD,Rishikesh (NPP) WARD NO.-0017,Urban,604,2539,1342,1197,222,118,104,54,26,28,1,1,0,2176,1169,1007,363,173,190,888,740,148,868,728,140,1,1,0,3,3,0,130,116,14,734,608,126,20,12,8,1,0,1,0,0,0,1,1,0,18,11,7,15,10,5,0,0,0,0,0,0,1,1,0,14,9,5,5,2,3,1,0,1,0,0,0,0,0,0,4,2,2,1651,602,1049
5,60,305,800313,18,0,WARD,Rishikesh (NPP) WARD NO.-0018,Urban,643,2870,1536,1334,279,150,129,170,96,74,0,0,0,2359,1309,1050,511,227,284,994,853,141,963,837,126,0,0,0,3,3,0,10,9,1,950,825,125,31,16,15,2,1,1,0,0,0,0,0,0,29,15,14,24,12,12,2,1,1,0,0,0,0,0,0,22,11,11,7,4,3,0,0,0,0,0,0,0,0,0,7,4,3,1876,683,1193
5,60,305,800313,19,0,WARD,Rishikesh (NPP) WARD NO.-0019,Urban,683,3253,1706,1547,363,201,162,57,33,24,8,3,5,2713,1464,1249,540,242,298,1011,859,152,957,822,135,5,2,3,6,4,2,21,14,7,925,802,123,54,37,17,3,0,3,0,0,0,2,2,0,49,35,14,36,24,12,2,0,2,0,0,0,2,2,0,32,22,10,18,13,5,1,0,1,0,0,0,0,0,0,17,13,4,2242,847,1395
5,60,305,800313,20,0,WARD,Rishikesh (NPP) WARD NO.-0020,Urban,564,2646,1401,1245,254,143,111,175,89,86,15,7,8,2261,1205,1056,385,196,189,918,810,108,874,781,93,1,1,0,1,1,0,6,5,1,866,774,92,44,29,15,0,0,0,0,0,0,0,0,0,44,29,15,41,28,13,0,0,0,0,0,0,0,0,0,41,28,13,3,1,2,0,0,0,0,0,0,0,0,0,3,1,2,1728,591,1137
5,60,305,800314,0,0,TOWN,Virbhadra IDPL (ITS),Urban,1947,8580,4553,4027,893,504,389,1870,1009,861,4,2,2,6618,3744,2874,1962,809,1153,2426,2051,375,1958,1644,314,3,3,0,3,1,2,33,30,3,1919,1610,309,468,407,61,3,0,3,0,0,0,2,2,0,463,405,58,406,355,51,3,0,3,0,0,0,2,2,0,401,353,48,62,52,10,0,0,0,0,0,0,0,0,0,62,52,10,6154,2502,3652
5,60,305,800314,1,0,WARD,Virbhadra IDPL (ITS) WARD NO.-0001,Urban,1947,8580,4553,4027,893,504,389,1870,1009,861,4,2,2,6618,3744,2874,1962,809,1153,2426,2051,375,1958,1644,314,3,3,0,3,1,2,33,30,3,1919,1610,309,468,407,61,3,0,3,0,0,0,2,2,0,463,405,58,406,355,51,3,0,3,0,0,0,2,2,0,401,353,48,62,52,10,0,0,0,0,0,0,0,0,0,62,52,10,6154,2502,3652
5,61,0,0,0,0,DISTRICT,Garhwal,Total,161778,687271,326829,360442,83901,44055,39846,122361,59842,62519,2215,1174,1041,494889,262148,232741,192382,64681,127701,274152,147373,126779,164439,102045,62394,75253,29483,45770,4154,2596,1558,3425,2525,900,81607,67441,14166,109713,45328,64385,75354,24738,50616,9561,4713,4848,2210,986,1224,22588,14891,7697,76576,32554,44022,50571,16658,33913,7435,3715,3720,1695,764,931,16875,11417,5458,33137,12774,20363,24783,8080,16703,2126,998,1128,515,222,293,5713,3474,2239,413119,179456,233663
5,61,0,0,0,0,DISTRICT,Garhwal,Rural,136180,574568,268029,306539,71170,37212,33958,109576,53278,56298,1952,1018,934,404558,213355,191203,170010,54674,115336,240786,119739,121047,134797,76895,57902,74999,29355,45644,3903,2383,1520,2655,1869,786,53240,43288,9952,105989,42844,63145,75168,24667,50501,9324,4603,4721,1946,877,1069,19551,12697,6854,73292,30379,42913,50400,16595,33805,7223,3622,3601,1483,672,811,14186,9490,4696,32697,12465,20232,24768,8072,16696,2101,981,1120,463,205,258,5365,3207,2158,333782,148290,185492
5,61,0,0,0,0,DISTRICT,Garhwal,Urban,25598,112703,58800,53903,12731,6843,5888,12785,6564,6221,263,156,107,90331,48793,41538,22372,10007,12365,33366,27634,5732,29642,25150,4492,254,128,126,251,213,38,770,656,114,28367,24153,4214,3724,2484,1240,186,71,115,237,110,127,264,109,155,3037,2194,843,3284,2175,1109,171,63,108,212,93,119,212,92,120,2689,1927,762,440,309,131,15,8,7,25,17,8,52,17,35,348,267,81,79337,31166,48171
5,61,306,0,0,0,SUB-DISTRICT,Srinagar,Total,12828,53689,27185,26504,5896,3134,2762,9471,4773,4698,145,79,66,42345,22701,19644,11344,4484,6860,18963,12824,6139,13785,10433,3352,2441,949,1492,200,149,51,400,303,97,10744,9032,1712,5178,2391,2787,2648,868,1780,489,264,225,277,122,155,1764,1137,627,4183,1947,2236,2181,695,1486,356,211,145,207,98,109,1439,943,496,995,444,551,467,173,294,133,53,80,70,24,46,325,194,131,34726,14361,20365
5,61,306,0,0,0,SUB-DISTRICT,Srinagar,Rural,8159,33574,16434,17140,3754,1985,1769,6333,3178,3155,59,32,27,25805,13654,12151,7769,2780,4989,12375,7451,4924,7977,5532,2445,2412,924,1488,172,123,49,235,158,77,5158,4327,831,4398,1919,2479,2625,856,1769,474,255,219,191,88,103,1108,720,388,3457,1507,1950,2159,684,1475,344,203,141,136,70,66,818,550,268,941,412,529,466,172,294,130,52,78,55,18,37,290,170,120,21199,8983,12216
5,61,306,0,0,0,SUB-DISTRICT,Srinagar,Urban,4669,20115,10751,9364,2142,1149,993,3138,1595,1543,86,47,39,16540,9047,7493,3575,1704,1871,6588,5373,1215,5808,4901,907,29,25,4,28,26,2,165,145,20,5586,4705,881,780,472,308,23,12,11,15,9,6,86,34,52,656,417,239,726,440,286,22,11,11,12,8,4,71,28,43,621,393,228,54,32,22,1,1,0,3,1,2,15,6,9,35,24,11,13527,5378,8149
5,61,306,800315,0,0,TOWN,Srinagar (NPP),Urban,4669,20115,10751,9364,2142,1149,993,3138,1595,1543,86,47,39,16540,9047,7493,3575,1704,1871,6588,5373,1215,5808,4901,907,29,25,4,28,26,2,165,145,20,5586,4705,881,780,472,308,23,12,11,15,9,6,86,34,52,656,417,239,726,440,286,22,11,11,12,8,4,71,28,43,621,393,228,54,32,22,1,1,0,3,1,2,15,6,9,35,24,11,13527,5378,8149
5,61,306,800315,1,0,WARD,Srinagar (NPP) WARD NO.-0001,Urban,808,3397,1993,1404,313,159,154,125,72,53,17,12,5,2937,1769,1168,460,224,236,1243,1109,134,1146,1030,116,3,3,0,15,15,0,30,28,2,1098,984,114,97,79,18,2,1,1,2,1,1,5,4,1,88,73,15,96,79,17,2,1,1,2,1,1,4,4,0,88,73,15,1,0,1,0,0,0,0,0,0,1,0,1,0,0,0,2154,884,1270
5,61,306,800315,2,0,WARD,Srinagar (NPP) WARD NO.-0002,Urban,324,1498,866,632,171,96,75,338,179,159,8,5,3,1077,627,450,421,239,182,597,524,73,532,471,61,5,5,0,3,3,0,53,44,9,471,419,52,65,53,12,8,5,3,7,6,1,4,3,1,46,39,7,63,51,12,8,5,3,6,5,1,3,2,1,46,39,7,2,2,0,0,0,0,1,1,0,1,1,0,0,0,0,901,342,559
5,61,306,800315,3,0,WARD,Srinagar (NPP) WARD NO.-0003,Urban,1033,4523,2336,2187,509,268,241,901,433,468,32,17,15,3660,1942,1718,863,394,469,1310,1043,267,1240,992,248,1,1,0,6,4,2,7,4,3,1226,983,243,70,51,19,3,1,2,1,1,0,4,3,1,62,46,16,64,46,18,2,0,2,1,1,0,3,3,0,58,42,16,6,5,1,1,1,0,0,0,0,1,0,1,4,4,0,3213,1293,1920
5,61,306,800315,4,0,WARD,Srinagar (NPP) WARD NO.-0004,Urban,328,1580,836,744,179,87,92,652,322,330,0,0,0,1306,719,587,274,117,157,496,425,71,450,388,62,0,0,0,1,1,0,2,1,1,447,386,61,46,37,9,1,0,1,0,0,0,3,1,2,42,36,6,35,27,8,1,0,1,0,0,0,3,1,2,31,26,5,11,10,1,0,0,0,0,0,0,0,0,0,11,10,1,1084,411,673
5,61,306,800315,5,0,WARD,Srinagar (NPP) WARD NO.-0005,Urban,437,1797,970,827,197,113,84,103,57,46,5,2,3,1527,843,684,270,127,143,564,482,82,510,447,63,9,8,1,2,2,0,14,14,0,485,423,62,54,35,19,2,1,1,0,0,0,3,3,0,49,31,18,49,30,19,2,1,1,0,0,0,0,0,0,47,29,18,5,5,0,0,0,0,0,0,0,3,3,0,2,2,0,1233,488,745
5,61,306,800315,6,0,WARD,Srinagar (NPP) WARD NO.-0006,Urban,433,1978,1011,967,215,113,102,766,396,370,0,0,0,1595,827,768,383,184,199,734,546,188,538,448,90,1,1,0,1,1,0,11,9,2,525,437,88,196,98,98,2,0,2,0,0,0,0,0,0,194,98,96,195,98,97,2,0,2,0,0,0,0,0,0,193,98,95,1,0,1,0,0,0,0,0,0,0,0,0,1,0,1,1244,465,779
5,61,306,800315,7,0,WARD,Srinagar (NPP) WARD NO.-0007,Urban,651,2613,1344,1269,247,142,105,56,36,20,6,3,3,2197,1135,1062,416,209,207,804,619,185,690,559,131,4,2,2,0,0,0,27,26,1,659,531,128,114,60,54,4,4,0,0,0,0,1,1,0,109,55,54,113,59,54,4,4,0,0,0,0,0,0,0,109,55,54,1,1,0,0,0,0,0,0,0,1,1,0,0,0,0,1809,725,1084
5,61,306,800315,8,0,WARD,Srinagar (NPP) WARD NO.-0008,Urban,145,601,302,299,70,46,24,49,23,26,2,0,2,487,248,239,114,54,60,131,102,29,121,92,29,0,0,0,0,0,0,1,0,1,120,92,28,10,10,0,0,0,0,0,0,0,0,0,0,10,10,0,9,9,0,0,0,0,0,0,0,0,0,0,9,9,0,1,1,0,0,0,0,0,0,0,0,0,0,1,1,0,470,200,270
5,61,306,800315,9,0,WARD,Srinagar (NPP) WARD NO.-0009,Urban,510,2128,1093,1035,241,125,116,148,77,71,16,8,8,1754,937,817,374,156,218,709,523,186,581,474,107,6,5,1,0,0,0,20,19,1,555,450,105,128,49,79,1,0,1,5,1,4,66,19,47,56,29,27,102,41,61,1,0,1,3,1,2,58,18,40,40,22,18,26,8,18,0,0,0,2,0,2,8,1,7,16,7,9,1419,570,849
5,61,307,0,0,0,SUB-DISTRICT,Pauri,Total,34134,135718,63578,72140,15757,8327,7430,31925,15449,16476,289,159,130,97811,51624,46187,37907,11954,25953,59962,29113,30849,33352,18717,14635,16677,5383,11294,649,428,221,335,286,49,15691,12620,3071,26610,10396,16214,19990,6244,13746,1167,476,691,240,137,103,5213,3539,1674,17786,7159,10627,12979,3995,8984,923,388,535,175,111,64,3709,2665,1044,8824,3237,5587,7011,2249,4762,244,88,156,65,26,39,1504,874,630,75756,34465,41291
5,61,307,0,0,0,SUB-DISTRICT,Pauri,Rural,27830,109562,50111,59451,12908,6810,6098,27603,13228,14375,173,91,82,76325,40179,36146,33237,9932,23305,51884,22893,28991,26532,13347,13185,16556,5337,11219,613,396,217,229,203,26,9134,7411,1723,25352,9546,15806,19910,6224,13686,1133,458,675,183,109,74,4126,2755,1371,16685,6432,10253,12904,3977,8927,890,371,519,125,85,40,2766,1999,767,8667,3114,5553,7006,2247,4759,243,87,156,58,24,34,1360,756,604,57678,27218,30460
5,61,307,0,0,0,SUB-DISTRICT,Pauri,Urban,6304,26156,13467,12689,2849,1517,1332,4322,2221,2101,116,68,48,21486,11445,10041,4670,2022,2648,8078,6220,1858,6820,5370,1450,121,46,75,36,32,4,106,83,23,6557,5209,1348,1258,850,408,80,20,60,34,18,16,57,28,29,1087,784,303,1101,727,374,75,18,57,33,17,16,50,26,24,943,666,277,157,123,34,5,2,3,1,1,0,7,2,5,144,118,26,18078,7247,10831
5,61,307,800299,0,0,TOWN,Devaprayag (NP) (Part),Urban,177,716,377,339,83,43,40,96,48,48,2,2,0,585,324,261,131,53,78,256,214,42,147,130,17,0,0,0,0,0,0,4,3,1,143,127,16,109,84,25,0,0,0,0,0,0,3,3,0,106,81,25,105,81,24,0,0,0,0,0,0,3,3,0,102,78,24,4,3,1,0,0,0,0,0,0,0,0,0,4,3,1,460,163,297
5,61,307,800299,4,0,WARD,Devaprayag (NP) (Part) WARD NO.-0004,Urban,177,716,377,339,83,43,40,96,48,48,2,2,0,585,324,261,131,53,78,256,214,42,147,130,17,0,0,0,0,0,0,4,3,1,143,127,16,109,84,25,0,0,0,0,0,0,3,3,0,106,81,25,105,81,24,0,0,0,0,0,0,3,3,0,102,78,24,4,3,1,0,0,0,0,0,0,0,0,0,4,3,1,460,163,297
5,61,307,800316,0,0,TOWN,Pauri (NPP),Urban,6127,25440,13090,12350,2766,1474,1292,4226,2173,2053,114,66,48,20901,11121,9780,4539,1969,2570,7822,6006,1816,6673,5240,1433,121,46,75,36,32,4,102,80,22,6414,5082,1332,1149,766,383,80,20,60,34,18,16,54,25,29,981,703,278,996,646,350,75,18,57,33,17,16,47,23,24,841,588,253,153,120,33,5,2,3,1,1,0,7,2,5,140,115,25,17618,7084,10534
5,61,307,800316,1,0,WARD,Pauri (NPP) WARD NO.-0001,Urban,871,3603,1820,1783,424,216,208,325,162,163,16,10,6,2935,1549,1386,668,271,397,1032,785,247,973,748,225,67,12,55,1,1,0,20,14,6,885,721,164,59,37,22,3,2,1,7,3,4,1,0,1,48,32,16,55,35,20,3,2,1,7,3,4,0,0,0,45,30,15,4,2,2,0,0,0,0,0,0,1,0,1,3,2,1,2571,1035,1536
5,61,307,800316,2,0,WARD,Pauri (NPP) WARD NO.-0002,Urban,523,1994,1064,930,177,92,85,354,185,169,4,3,1,1716,939,777,278,125,153,710,540,170,662,516,146,3,1,2,4,3,1,14,11,3,641,501,140,48,24,24,1,1,0,1,0,1,4,0,4,42,23,19,34,13,21,0,0,0,1,0,1,4,0,4,29,13,16,14,11,3,1,1,0,0,0,0,0,0,0,13,10,3,1284,524,760
5,61,307,800316,3,0,WARD,Pauri (NPP) WARD NO.-0003,Urban,563,2519,1322,1197,278,157,121,533,278,255,8,4,4,2009,1078,931,510,244,266,816,611,205,658,485,173,3,2,1,1,1,0,4,4,0,650,478,172,158,126,32,1,1,0,2,1,1,9,4,5,146,120,26,126,96,30,1,1,0,2,1,1,9,4,5,114,90,24,32,30,2,0,0,0,0,0,0,0,0,0,32,30,2,1703,711,992
5,61,307,800316,4,0,WARD,Pauri (NPP) WARD NO.-0004,Urban,465,2032,1095,937,236,129,107,382,201,181,15,9,6,1666,911,755,366,184,182,745,614,131,719,594,125,16,16,0,10,10,0,24,19,5,669,549,120,26,20,6,2,1,1,0,0,0,0,0,0,24,19,5,16,10,6,2,1,1,0,0,0,0,0,0,14,9,5,10,10,0,0,0,0,0,0,0,0,0,0,10,10,0,1287,481,806
5,61,307,800316,5,0,WARD,Pauri (NPP) WARD NO.-0005,Urban,517,2402,1220,1182,287,161,126,484,239,245,9,5,4,1900,1004,896,502,216,286,674,544,130,562,471,91,0,0,0,2,2,0,6,6,0,554,463,91,112,73,39,2,1,1,4,2,2,13,3,10,93,67,26,104,67,37,2,1,1,4,2,2,12,3,9,86,61,25,8,6,2,0,0,0,0,0,0,1,0,1,7,6,1,1728,676,1052
5,61,307,800316,6,0,WARD,Pauri (NPP) WARD NO.-0006,Urban,393,1477,787,690,126,68,58,246,126,120,31,15,16,1280,699,581,197,88,109,518,402,116,492,385,107,0,0,0,1,1,0,1,1,0,490,383,107,26,17,9,1,1,0,0,0,0,0,0,0,25,16,9,25,16,9,1,1,0,0,0,0,0,0,0,24,15,9,1,1,0,0,0,0,0,0,0,0,0,0,1,1,0,959,385,574
5,61,307,800316,7,0,WARD,Pauri (NPP) WARD NO.-0007,Urban,429,1705,854,851,151,79,72,97,48,49,17,12,5,1496,767,729,209,87,122,522,389,133,494,369,125,0,0,0,1,1,0,1,1,0,492,367,125,28,20,8,0,0,0,0,0,0,2,1,1,26,19,7,27,19,8,0,0,0,0,0,0,2,1,1,25,18,7,1,1,0,0,0,0,0,0,0,0,0,0,1,1,0,1183,465,718
5,61,307,800316,8,0,WARD,Pauri (NPP) WARD NO.-0008,Urban,627,2471,1257,1214,286,165,121,477,255,222,5,4,1,2044,1054,990,427,203,224,626,491,135,517,410,107,1,1,0,1,1,0,14,11,3,501,397,104,109,81,28,3,2,1,3,2,1,16,13,3,87,64,23,68,49,19,2,1,1,3,2,1,11,11,0,52,35,17,41,32,9,1,1,0,0,0,0,5,2,3,35,29,6,1845,766,1079
5,61,307,800316,9,0,WARD,Pauri (NPP) WARD NO.-0009,Urban,615,2454,1260,1194,262,141,121,403,206,197,1,1,0,2021,1073,948,433,187,246,672,526,146,589,464,125,17,5,12,3,3,0,5,3,2,564,453,111,83,62,21,3,1,2,3,3,0,3,2,1,74,56,18,52,41,11,1,1,0,2,2,0,3,2,1,46,36,10,31,21,10,2,0,2,1,1,0,0,0,0,28,20,8,1782,734,1048
5,61,307,800316,10,0,WARD,Pauri (NPP) WARD NO.-0010,Urban,500,1976,1050,926,196,110,86,297,156,141,2,1,1,1632,897,735,344,153,191,601,493,108,535,445,90,3,2,1,1,1,0,2,1,1,529,441,88,66,48,18,3,1,2,2,2,0,3,1,2,58,44,14,66,48,18,3,1,2,2,2,0,3,1,2,58,44,14,0,0,0,0,0,0,0,0,0,0,0,0,0,0,0,1375,557,818
5,61,307,800316,11,0,WARD,Pauri (NPP) WARD NO.-0011,Urban,624,2807,1361,1446,343,156,187,628,317,311,6,2,4,2202,1150,1052,605,211,394,906,611,295,472,353,119,11,7,4,11,8,3,11,9,2,439,329,110,434,258,176,61,9,52,12,5,7,3,1,2,358,243,115,423,252,171,60,9,51,12,5,7,3,1,2,348,237,111,11,6,5,1,0,1,0,0,0,0,0,0,10,6,4,1901,750,1151
5,61,308,0,0,0,SUB-DISTRICT,THALISAIN,Total,19679,92286,41776,50510,13729,7075,6654,13864,6531,7333,42,27,15,58128,30967,27161,34158,10809,23349,44251,18823,25428,29105,13700,15405,23087,9091,13996,378,152,226,448,274,174,5192,4183,1009,15146,5123,10023,13122,4131,8991,802,338,464,92,47,45,1130,607,523,11232,3663,7569,9612,2895,6717,695,304,391,67,36,31,858,428,430,3914,1460,2454,3510,1236,2274,107,34,73,25,11,14,272,179,93,48035,22953,25082
5,61,308,0,0,0,SUB-DISTRICT,THALISAIN,Rural,19679,92286,41776,50510,13729,7075,6654,13864,6531,7333,42,27,15,58128,30967,27161,34158,10809,23349,44251,18823,25428,29105,13700,15405,23087,9091,13996,378,152,226,448,274,174,5192,4183,1009,15146,5123,10023,13122,4131,8991,802,338,464,92,47,45,1130,607,523,11232,3663,7569,9612,2895,6717,695,304,391,67,36,31,858,428,430,3914,1460,2454,3510,1236,2274,107,34,73,25,11,14,272,179,93,48035,22953,25082
5,61,308,0,0,0,SUB-DISTRICT,THALISAIN,Urban,0,0,0,0,0,0,0,0,0,0,0,0,0,0,0,0,0,0,0,0,0,0,0,0,0,0,0,0,0,0,0,0,0,0,0,0,0,0,0,0,0,0,0,0,0,0,0,0,0,0,0,0,0,0,0,0,0,0,0,0,0,0,0,0,0,0,0,0,0,0,0,0,0,0,0,0,0,0,0,0,0,0,0,0,0
5,61,309,0,0,0,SUB-DISTRICT,Dhoomakot,Total,9600,39230,17661,21569,4828,2464,2364,7114,3470,3644,12,6,6,26458,13838,12620,12772,3823,8949,17687,7892,9795,8025,4373,3652,5296,2282,3014,189,111,78,228,160,68,2312,1820,492,9662,3519,6143,7271,2445,4826,1022,363,659,152,83,69,1217,628,589,6145,2331,3814,4605,1597,3008,747,259,488,89,51,38,704,424,280,3517,1188,2329,2666,848,1818,275,104,171,63,32,31,513,204,309,21543,9769,11774
5,61,309,0,0,0,SUB-DISTRICT,Dhoomakot,Rural,9600,39230,17661,21569,4828,2464,2364,7114,3470,3644,12,6,6,26458,13838,12620,12772,3823,8949,17687,7892,9795,8025,4373,3652,5296,2282,3014,189,111,78,228,160,68,2312,1820,492,9662,3519,6143,7271,2445,4826,1022,363,659,152,83,69,1217,628,589,6145,2331,3814,4605,1597,3008,747,259,488,89,51,38,704,424,280,3517,1188,2329,2666,848,1818,275,104,171,63,32,31,513,204,309,21543,9769,11774
5,61,309,0,0,0,SUB-DISTRICT,Dhoomakot,Urban,0,0,0,0,0,0,0,0,0,0,0,0,0,0,0,0,0,0,0,0,0,0,0,0,0,0,0,0,0,0,0,0,0,0,0,0,0,0,0,0,0,0,0,0,0,0,0,0,0,0,0,0,0,0,0,0,0,0,0,0,0,0,0,0,0,0,0,0,0,0,0,0,0,0,0,0,0,0,0,0,0,0,0,0,0
5,61,310,0,0,0,SUB-DISTRICT,Lansdowne,Total,18832,77621,36674,40947,9176,4697,4479,15708,7677,8031,75,47,28,54868,29648,25220,22753,7026,15727,32626,16667,15959,17616,10313,7303,9044,3464,5580,391,212,179,437,284,153,7744,6353,1391,15010,6354,8656,10114,3466,6648,955,528,427,341,135,206,3600,2225,1375,9194,4099,5095,5777,2057,3720,628,362,266,236,89,147,2553,1591,962,5816,2255,3561,4337,1409,2928,327,166,161,105,46,59,1047,634,413,44995,20007,24988
5,61,310,0,0,0,SUB-DISTRICT,Lansdowne,Rural,17632,71954,33141,38813,8660,4427,4233,15084,7344,7740,51,29,22,49928,26445,23483,22026,6696,15330,30035,14333,15702,15226,8113,7113,9044,3464,5580,387,208,179,358,232,126,5437,4209,1228,14809,6220,8589,10114,3466,6648,953,526,427,326,127,199,3416,2101,1315,9017,3986,5031,5777,2057,3720,627,361,266,225,84,141,2388,1484,904,5792,2234,3558,4337,1409,2928,326,165,161,101,43,58,1028,617,411,41919,18808,23111
5,61,310,0,0,0,SUB-DISTRICT,Lansdowne,Urban,1200,5667,3533,2134,516,270,246,624,333,291,24,18,6,4940,3203,1737,727,330,397,2591,2334,257,2390,2200,190,0,0,0,4,4,0,79,52,27,2307,2144,163,201,134,67,0,0,0,2,2,0,15,8,7,184,124,60,177,113,64,0,0,0,1,1,0,11,5,6,165,107,58,24,21,3,0,0,0,1,1,0,4,3,1,19,17,2,3076,1199,1877
5,61,310,800317,0,0,TOWN,Lansdowne (CB),Urban,1200,5667,3533,2134,516,270,246,624,333,291,24,18,6,4940,3203,1737,727,330,397,2591,2334,257,2390,2200,190,0,0,0,4,4,0,79,52,27,2307,2144,163,201,134,67,0,0,0,2,2,0,15,8,7,184,124,60,177,113,64,0,0,0,1,1,0,11,5,6,165,107,58,24,21,3,0,0,0,1,1,0,4,3,1,19,17,2,3076,1199,1877
5,61,310,800317,1,0,WARD,Lansdowne (CB) WARD NO.-0001,Urban,95,556,422,134,34,18,16,123,68,55,0,0,0,495,396,99,61,26,35,275,260,15,265,252,13,0,0,0,0,0,0,1,1,0,264,251,13,10,8,2,0,0,0,0,0,0,0,0,0,10,8,2,10,8,2,0,0,0,0,0,0,0,0,0,10,8,2,0,0,0,0,0,0,0,0,0,0,0,0,0,0,0,281,162,119
5,61,310,800317,2,0,WARD,Lansdowne (CB) WARD NO.-0002,Urban,304,1267,796,471,107,53,54,99,56,43,15,12,3,1134,738,396,133,58,75,576,533,43,570,530,40,0,0,0,2,2,0,1,1,0,567,527,40,6,3,3,0,0,0,0,0,0,0,0,0,6,3,3,5,2,3,0,0,0,0,0,0,0,0,0,5,2,3,1,1,0,0,0,0,0,0,0,0,0,0,1,1,0,691,263,428
5,61,310,800317,3,0,WARD,Lansdowne (CB) WARD NO.-0003,Urban,225,911,461,450,102,54,48,109,54,55,5,4,1,760,393,367,151,68,83,271,210,61,224,177,47,0,0,0,0,0,0,4,4,0,220,173,47,47,33,14,0,0,0,0,0,0,4,1,3,43,32,11,43,29,14,0,0,0,0,0,0,4,1,3,39,28,11,4,4,0,0,0,0,0,0,0,0,0,0,4,4,0,640,251,389
5,61,310,800317,4,0,WARD,Lansdowne (CB) WARD NO.-0004,Urban,202,863,456,407,78,43,35,150,76,74,3,1,2,736,397,339,127,59,68,363,286,77,239,208,31,0,0,0,1,1,0,51,46,5,187,161,26,124,78,46,0,0,0,1,1,0,11,7,4,112,70,42,106,63,43,0,0,0,0,0,0,7,4,3,99,59,40,18,15,3,0,0,0,1,1,0,4,3,1,13,11,2,500,170,330
5,61,310,800317,5,0,WARD,Lansdowne (CB) WARD NO.-0005,Urban,212,996,603,393,122,63,59,50,28,22,0,0,0,840,531,309,156,72,84,434,405,29,426,398,28,0,0,0,0,0,0,0,0,0,426,398,28,8,7,1,0,0,0,1,1,0,0,0,0,7,6,1,7,6,1,0,0,0,1,1,0,0,0,0,6,5,1,1,1,0,0,0,0,0,0,0,0,0,0,1,1,0,562,198,364
5,61,310,800317,6,0,WARD,Lansdowne (CB) WARD NO.-0006,Urban,162,1074,795,279,73,39,34,93,51,42,1,1,0,975,748,227,99,47,52,672,640,32,666,635,31,0,0,0,1,1,0,22,0,22,643,634,9,6,5,1,0,0,0,0,0,0,0,0,0,6,5,1,6,5,1,0,0,0,0,0,0,0,0,0,6,5,1,0,0,0,0,0,0,0,0,0,0,0,0,0,0,0,402,155,247
5,61,311,0,0,0,SUB-DISTRICT,Satpuli,Total,8106,31494,14893,16601,3625,1913,1712,6644,3193,3451,41,20,21,22736,11967,10769,8758,2926,5832,13570,7048,6522,6908,4228,2680,2934,1173,1761,156,86,70,190,120,70,3628,2849,779,6662,2820,3842,4397,1478,2919,409,158,251,408,162,246,1448,1022,426,4677,2019,2658,3027,1099,1928,311,119,192,390,152,238,949,649,300,1985,801,1184,1370,379,991,98,39,59,18,10,8,499,373,126,17924,7845,10079
5,61,311,0,0,0,SUB-DISTRICT,Satpuli,Rural,8106,31494,14893,16601,3625,1913,1712,6644,3193,3451,41,20,21,22736,11967,10769,8758,2926,5832,13570,7048,6522,6908,4228,2680,2934,1173,1761,156,86,70,190,120,70,3628,2849,779,6662,2820,3842,4397,1478,2919,409,158,251,408,162,246,1448,1022,426,4677,2019,2658,3027,1099,1928,311,119,192,390,152,238,949,649,300,1985,801,1184,1370,379,991,98,39,59,18,10,8,499,373,126,17924,7845,10079
5,61,311,0,0,0,SUB-DISTRICT,Satpuli,Urban,0,0,0,0,0,0,0,0,0,0,0,0,0,0,0,0,0,0,0,0,0,0,0,0,0,0,0,0,0,0,0,0,0,0,0,0,0,0,0,0,0,0,0,0,0,0,0,0,0,0,0,0,0,0,0,0,0,0,0,0,0,0,0,0,0,0,0,0,0,0,0,0,0,0,0,0,0,0,0,0,0,0,0,0,0
5,61,312,0,0,0,SUB-DISTRICT,Chaubattakhal,Total,9539,38436,17190,21246,4495,2326,2169,6824,3195,3629,5,4,1,26862,13889,12973,11574,3301,8273,18129,7713,10416,8217,4343,3874,5045,1885,3160,213,119,94,148,93,55,2811,2246,565,9912,3370,6542,8498,2573,5925,448,165,283,59,33,26,907,599,308,6590,2237,4353,5671,1689,3982,362,141,221,38,20,18,519,387,132,3322,1133,2189,2827,884,1943,86,24,62,21,13,8,388,212,176,20307,9477,10830
5,61,312,0,0,0,SUB-DISTRICT,Chaubattakhal,Rural,9539,38436,17190,21246,4495,2326,2169,6824,3195,3629,5,4,1,26862,13889,12973,11574,3301,8273,18129,7713,10416,8217,4343,3874,5045,1885,3160,213,119,94,148,93,55,2811,2246,565,9912,3370,6542,8498,2573,5925,448,165,283,59,33,26,907,599,308,6590,2237,4353,5671,1689,3982,362,141,221,38,20,18,519,387,132,3322,1133,2189,2827,884,1943,86,24,62,21,13,8,388,212,176,20307,9477,10830
5,61,312,0,0,0,SUB-DISTRICT,Chaubattakhal,Urban,0,0,0,0,0,0,0,0,0,0,0,0,0,0,0,0,0,0,0,0,0,0,0,0,0,0,0,0,0,0,0,0,0,0,0,0,0,0,0,0,0,0,0,0,0,0,0,0,0,0,0,0,0,0,0,0,0,0,0,0,0,0,0,0,0,0,0,0,0,0,0,0,0,0,0,0,0,0,0,0,0,0,0,0,0
5,61,313,0,0,0,SUB-DISTRICT,Kotdwara,Total,39216,175232,86530,88702,21289,11411,9878,24514,12422,12092,1515,791,724,134107,70219,63888,41125,16311,24814,50675,37134,13541,35768,28738,7030,4660,2577,2083,1411,1010,401,985,799,186,28712,24352,4360,14907,8396,6511,6071,2396,3675,2908,1772,1136,547,227,320,5381,4001,1380,11777,6819,4958,4578,1907,2671,2276,1363,913,418,180,238,4505,3369,1136,3130,1577,1553,1493,489,1004,632,409,223,129,47,82,876,632,244,124557,49396,75161
5,61,313,0,0,0,SUB-DISTRICT,Kotdwara,Rural,26876,119136,58172,60964,14528,7758,6770,20139,10181,9958,1478,768,710,90467,47360,43107,28669,10812,17857,35957,24697,11260,22466,17285,5181,4556,2520,2036,1239,869,370,595,451,144,16076,13445,2631,13491,7412,6079,5988,2357,3631,2726,1694,1032,441,188,253,4336,3173,1163,10556,5964,4592,4504,1873,2631,2114,1299,815,338,147,191,3600,2645,955,2935,1448,1487,1484,484,1000,612,395,217,103,41,62,736,528,208,83179,33475,49704
5,61,313,0,0,0,SUB-DISTRICT,Kotdwara,Urban,12340,56096,28358,27738,6761,3653,3108,4375,2241,2134,37,23,14,43640,22859,20781,12456,5499,6957,14718,12437,2281,13302,11453,1849,104,57,47,172,141,31,390,348,42,12636,10907,1729,1416,984,432,83,39,44,182,78,104,106,39,67,1045,828,217,1221,855,366,74,34,40,162,64,98,80,33,47,905,724,181,195,129,66,9,5,4,20,14,6,26,6,20,140,104,36,41378,15921,25457
5,61,313,48597,0,0,TOWN,Padampur Sukhran (CT),Urban,2406,9802,4533,5269,1200,673,527,510,253,257,0,0,0,8047,3798,4249,1755,735,1020,1681,1312,369,1433,1120,313,59,18,41,19,18,1,41,37,4,1314,1047,267,248,192,56,37,21,16,30,28,2,11,9,2,170,134,36,222,173,49,33,19,14,27,25,2,9,7,2,153,122,31,26,19,7,4,2,2,3,3,0,2,2,0,17,12,5,8121,3221,4900
5,61,313,48597,1,0,WARD,Padampur Sukhran (CT) WARD NO.-0001,Urban,2406,9802,4533,5269,1200,673,527,510,253,257,0,0,0,8047,3798,4249,1755,735,1020,1681,1312,369,1433,1120,313,59,18,41,19,18,1,41,37,4,1314,1047,267,248,192,56,37,21,16,30,28,2,11,9,2,170,134,36,222,173,49,33,19,14,27,25,2,9,7,2,153,122,31,26,19,7,4,2,2,3,3,0,2,2,0,17,12,5,8121,3221,4900
5,61,313,48598,0,0,TOWN,Kashirampur (CT),Urban,2346,10837,5453,5384,1273,671,602,1353,729,624,15,9,6,8614,4504,4110,2223,949,1274,2830,2321,509,2287,1981,306,21,19,2,123,100,23,83,69,14,2060,1793,267,543,340,203,13,8,5,124,26,98,56,19,37,350,287,63,489,307,182,10,6,4,115,22,93,47,15,32,317,264,53,54,33,21,3,2,1,9,4,5,9,4,5,33,23,10,8007,3132,4875
5,61,313,48598,1,0,WARD,Kashirampur (CT) WARD NO.-0001,Urban,2346,10837,5453,5384,1273,671,602,1353,729,624,15,9,6,8614,4504,4110,2223,949,1274,2830,2321,509,2287,1981,306,21,19,2,123,100,23,83,69,14,2060,1793,267,543,340,203,13,8,5,124,26,98,56,19,37,350,287,63,489,307,182,10,6,4,115,22,93,47,15,32,317,264,53,54,33,21,3,2,1,9,4,5,9,4,5,33,23,10,8007,3132,4875
5,61,313,800318,0,0,TOWN,Dogadda (NPP),Urban,583,2422,1215,1207,254,122,132,755,380,375,1,1,0,1955,1049,906,467,166,301,679,553,126,638,522,116,1,1,0,4,3,1,7,5,2,626,513,113,41,31,10,0,0,0,0,0,0,0,0,0,41,31,10,34,24,10,0,0,0,0,0,0,0,0,0,34,24,10,7,7,0,0,0,0,0,0,0,0,0,0,7,7,0,1743,662,1081
5,61,313,800318,1,0,WARD,Dogadda (NPP) WARD NO.-0001,Urban,121,543,252,291,59,26,33,206,99,107,1,1,0,420,208,212,123,44,79,138,117,21,132,111,21,0,0,0,0,0,0,2,1,1,130,110,20,6,6,0,0,0,0,0,0,0,0,0,0,6,6,0,6,6,0,0,0,0,0,0,0,0,0,0,6,6,0,0,0,0,0,0,0,0,0,0,0,0,0,0,0,0,405,135,270
5,61,313,800318,2,0,WARD,Dogadda (NPP) WARD NO.-0002,Urban,204,762,382,380,62,31,31,276,139,137,0,0,0,623,341,282,139,41,98,218,184,34,207,177,30,1,1,0,0,0,0,0,0,0,206,176,30,11,7,4,0,0,0,0,0,0,0,0,0,11,7,4,10,6,4,0,0,0,0,0,0,0,0,0,10,6,4,1,1,0,0,0,0,0,0,0,0,0,0,1,1,0,544,198,346
5,61,313,800318,3,0,WARD,Dogadda (NPP) WARD NO.-0003,Urban,93,399,206,193,38,22,16,51,27,24,0,0,0,331,178,153,68,28,40,121,90,31,121,90,31,0,0,0,0,0,0,0,0,0,121,90,31,0,0,0,0,0,0,0,0,0,0,0,0,0,0,0,0,0,0,0,0,0,0,0,0,0,0,0,0,0,0,0,0,0,0,0,0,0,0,0,0,0,0,0,0,0,278,116,162
5,61,313,800318,4,0,WARD,Dogadda (NPP) WARD NO.-0004,Urban,165,718,375,343,95,43,52,222,115,107,0,0,0,581,322,259,137,53,84,202,162,40,178,144,34,0,0,0,4,3,1,5,4,1,169,137,32,24,18,6,0,0,0,0,0,0,0,0,0,24,18,6,18,12,6,0,0,0,0,0,0,0,0,0,18,12,6,6,6,0,0,0,0,0,0,0,0,0,0,6,6,0,516,213,303
5,61,313,800319,0,0,TOWN,Kotdwara (NPP + OG),Urban,7005,33035,17157,15878,4034,2187,1847,1757,879,878,21,13,8,25024,13508,11516,8011,3649,4362,9528,8251,1277,8944,7830,1114,23,19,4,26,20,6,259,237,22,8636,7554,1082,584,421,163,33,10,23,28,24,4,39,11,28,484,376,108,476,351,125,31,9,22,20,17,3,24,11,13,401,314,87,108,70,38,2,1,1,8,7,1,15,0,15,83,62,21,23507,8906,14601
5,61,313,800319,0,0,TOWN,Kotdwara (NPP),Urban,5981,28859,15117,13742,3539,1917,1622,1693,843,850,21,13,8,21635,11783,9852,7224,3334,3890,8596,7504,1092,8165,7169,996,18,15,3,18,13,5,218,200,18,7911,6941,970,431,335,96,14,4,10,25,22,3,10,5,5,382,304,78,368,283,85,14,4,10,19,16,3,10,5,5,325,258,67,63,52,11,0,0,0,6,6,0,0,0,0,57,46,11,20263,7613,12650
5,61,313,800319,1,0,WARD,Kotdwara (NPP) WARD NO.-0001,Urban,527,2080,1017,1063,176,97,79,148,74,74,7,4,3,1809,903,906,271,114,157,592,436,156,548,399,149,1,1,0,0,0,0,6,6,0,541,392,149,44,37,7,0,0,0,0,0,0,1,1,0,43,36,7,44,37,7,0,0,0,0,0,0,1,1,0,43,36,7,0,0,0,0,0,0,0,0,0,0,0,0,0,0,0,1488,581,907
5,61,313,800319,2,0,WARD,Kotdwara (NPP) WARD NO.-0002,Urban,571,2465,1261,1204,344,201,143,103,52,51,4,1,3,1887,988,899,578,273,305,632,550,82,537,462,75,2,2,0,6,3,3,9,9,0,520,448,72,95,88,7,0,0,0,2,2,0,0,0,0,93,86,7,82,77,5,0,0,0,1,1,0,0,0,0,81,76,5,13,11,2,0,0,0,1,1,0,0,0,0,12,10,2,1833,711,1122
5,61,313,800319,3,0,WARD,Kotdwara (NPP) WARD NO.-0003,Urban,461,2001,1038,963,202,103,99,25,14,11,0,0,0,1678,884,794,323,154,169,610,523,87,586,503,83,0,0,0,0,0,0,22,22,0,564,481,83,24,20,4,0,0,0,1,1,0,0,0,0,23,19,4,24,20,4,0,0,0,1,1,0,0,0,0,23,19,4,0,0,0,0,0,0,0,0,0,0,0,0,0,0,0,1391,515,876
5,61,313,800319,4,0,WARD,Kotdwara (NPP) WARD NO.-0004,Urban,850,4945,2670,2275,765,417,348,30,17,13,0,0,0,2994,1751,1243,1951,919,1032,1377,1296,81,1274,1201,73,2,1,1,1,1,0,36,34,2,1235,1165,70,103,95,8,3,2,1,15,15,0,2,2,0,83,76,7,81,74,7,3,2,1,11,11,0,2,2,0,65,59,6,22,21,1,0,0,0,4,4,0,0,0,0,18,17,1,3568,1374,2194
5,61,313,800319,5,0,WARD,Kotdwara (NPP) WARD NO.-0005,Urban,839,4403,2385,2018,662,373,289,86,44,42,0,0,0,2912,1645,1267,1491,740,751,1324,1190,134,1299,1179,120,4,4,0,3,3,0,60,55,5,1232,1117,115,25,11,14,3,0,3,0,0,0,1,0,1,21,11,10,15,6,9,3,0,3,0,0,0,1,0,1,11,6,5,10,5,5,0,0,0,0,0,0,0,0,0,10,5,5,3079,1195,1884
5,61,313,800319,6,0,WARD,Kotdwara (NPP) WARD NO.-0006,Urban,248,1231,644,587,108,53,55,13,6,7,0,0,0,1054,575,479,177,69,108,401,345,56,399,345,54,2,1,1,0,0,0,5,5,0,392,339,53,2,0,2,0,0,0,0,0,0,0,0,0,2,0,2,2,0,2,0,0,0,0,0,0,0,0,0,2,0,2,0,0,0,0,0,0,0,0,0,0,0,0,0,0,0,830,299,531
5,61,313,800319,7,0,WARD,Kotdwara (NPP) WARD NO.-0007,Urban,412,1792,946,846,179,99,80,131,65,66,1,1,0,1518,812,706,274,134,140,630,528,102,595,507,88,4,3,1,6,4,2,3,3,0,582,497,85,35,21,14,4,1,3,6,3,3,2,0,2,23,17,6,30,16,14,4,1,3,6,3,3,2,0,2,18,12,6,5,5,0,0,0,0,0,0,0,0,0,0,5,5,0,1162,418,744
5,61,313,800319,8,0,WARD,Kotdwara (NPP) WARD NO.-0008,Urban,408,2341,1367,974,266,142,124,148,72,76,9,7,2,1780,1097,683,561,270,291,919,852,67,872,828,44,0,0,0,0,0,0,16,11,5,856,817,39,47,24,23,0,0,0,0,0,0,2,1,1,45,23,22,38,17,21,0,0,0,0,0,0,2,1,1,36,16,20,9,7,2,0,0,0,0,0,0,0,0,0,9,7,2,1422,515,907
5,61,313,800319,9,0,WARD,Kotdwara (NPP) WARD NO.-0009,Urban,303,1280,636,644,101,47,54,20,9,11,0,0,0,1098,569,529,182,67,115,394,350,44,377,336,41,1,1,0,0,0,0,37,36,1,339,299,40,17,14,3,1,0,1,0,0,0,0,0,0,16,14,2,17,14,3,1,0,1,0,0,0,0,0,0,16,14,2,0,0,0,0,0,0,0,0,0,0,0,0,0,0,0,886,286,600
5,61,313,800319,10,0,WARD,Kotdwara (NPP) WARD NO.-0010,Urban,760,3910,1993,1917,476,242,234,950,471,479,0,0,0,2870,1560,1310,1040,433,607,1126,983,143,1096,963,133,2,2,0,1,1,0,18,15,3,1075,945,130,30,20,10,1,1,0,1,1,0,2,1,1,26,17,9,28,18,10,1,1,0,0,0,0,2,1,1,25,16,9,2,2,0,0,0,0,1,1,0,0,0,0,1,1,0,2784,1010,1774
5,61,313,800319,11,0,WARD,Kotdwara (NPP) WARD NO.-0011,Urban,602,2411,1160,1251,260,143,117,39,19,20,0,0,0,2035,999,1036,376,161,215,591,451,140,582,446,136,0,0,0,1,1,0,6,4,2,575,441,134,9,5,4,2,0,2,0,0,0,0,0,0,7,5,2,7,4,3,2,0,2,0,0,0,0,0,0,5,4,1,2,1,1,0,0,0,0,0,0,0,0,0,2,1,1,1820,709,1111
5,61,313,800319,12,0,WARD,Manpur (OG) WARD NO.-0012 (Rural MDDS CODE:048599),Urban,1024,4176,2040,2136,495,270,225,64,36,28,0,0,0,3389,1725,1664,787,315,472,932,747,185,779,661,118,5,4,1,8,7,1,41,37,4,725,613,112,153,86,67,19,6,13,3,2,1,29,6,23,102,72,30,108,68,40,17,5,12,1,1,0,14,6,8,76,56,20,45,18,27,2,1,1,2,1,1,15,0,15,26,16,10,3244,1293,1951
5,61,314,0,0,0,SUB-DISTRICT,Yamkeshwar,Total,9844,43565,21342,22223,5106,2708,2398,6297,3132,3165,91,41,50,31574,17295,14279,11991,4047,7944,18289,10159,8130,11663,7200,4463,6069,2679,3390,567,329,238,254,206,48,4773,3986,787,6626,2959,3667,3243,1137,2106,1361,649,712,94,40,54,1928,1133,795,4992,2280,2712,2141,724,1417,1137,568,569,75,27,48,1639,961,678,1634,679,955,1102,413,689,224,81,143,19,13,6,289,172,117,25276,11183,14093
5,61,314,0,0,0,SUB-DISTRICT,Yamkeshwar,Rural,8759,38896,18651,20245,4643,2454,2189,5971,2958,3013,91,41,50,27849,15056,12793,11047,3595,7452,16898,8889,8009,10341,5974,4367,6069,2679,3390,556,319,237,224,178,46,3492,2798,694,6557,2915,3642,3243,1137,2106,1357,646,711,94,40,54,1863,1092,771,4933,2240,2693,2141,724,1417,1133,565,568,75,27,48,1584,924,660,1624,675,949,1102,413,689,224,81,143,19,13,6,279,168,111,21998,9762,12236
5,61,314,0,0,0,SUB-DISTRICT,Yamkeshwar,Urban,1085,4669,2691,1978,463,254,209,326,174,152,0,0,0,3725,2239,1486,944,452,492,1391,1270,121,1322,1226,96,0,0,0,11,10,1,30,28,2,1281,1188,93,69,44,25,0,0,0,4,3,1,0,0,0,65,41,24,59,40,19,0,0,0,4,3,1,0,0,0,55,37,18,10,4,6,0,0,0,0,0,0,0,0,0,10,4,6,3278,1421,1857
5,61,314,48841,0,0,TOWN,Jonk (CT),Urban,1085,4669,2691,1978,463,254,209,326,174,152,0,0,0,3725,2239,1486,944,452,492,1391,1270,121,1322,1226,96,0,0,0,11,10,1,30,28,2,1281,1188,93,69,44,25,0,0,0,4,3,1,0,0,0,65,41,24,59,40,19,0,0,0,4,3,1,0,0,0,55,37,18,10,4,6,0,0,0,0,0,0,0,0,0,10,4,6,3278,1421,1857
5,61,314,48841,1,0,WARD,Jonk (CT) WARD NO.-0001,Urban,1085,4669,2691,1978,463,254,209,326,174,152,0,0,0,3725,2239,1486,944,452,492,1391,1270,121,1322,1226,96,0,0,0,11,10,1,30,28,2,1281,1188,93,69,44,25,0,0,0,4,3,1,0,0,0,65,41,24,59,40,19,0,0,0,4,3,1,0,0,0,55,37,18,10,4,6,0,0,0,0,0,0,0,0,0,10,4,6,3278,1421,1857
5,62,0,0,0,0,DISTRICT,Pithoragarh,Total,114730,483439,239306,244133,63293,34853,28440,120378,60111,60267,19535,9558,9977,345550,189623,155927,137889,49683,88206,216490,113539,102951,145481,80385,65096,87189,33777,53412,2204,1218,986,3299,1789,1510,52789,43601,9188,71009,33154,37855,50143,19193,30950,3228,1865,1363,2756,1070,1686,14882,11026,3856,53341,24888,28453,37151,13793,23358,2375,1439,936,2088,871,1217,11727,8785,2942,17668,8266,9402,12992,5400,7592,853,426,427,668,199,469,3155,2241,914,266949,125767,141182
5,62,0,0,0,0,DISTRICT,Pithoragarh,Rural,96971,413834,202930,210904,54900,29986,24914,109541,54528,55013,15915,7822,8093,289256,159729,129527,124578,43201,81377,196459,98024,98435,128711,66919,61792,86652,33530,53122,2125,1153,972,2882,1481,1401,37052,30755,6297,67748,31105,36643,49925,19128,30797,3128,1786,1342,2559,929,1630,12136,9262,2874,50609,23195,27414,36942,13729,23213,2298,1379,919,1911,739,1172,9458,7348,2110,17139,7910,9229,12983,5399,7584,830,407,423,648,190,458,2678,1914,764,217375,104906,112469
5,62,0,0,0,0,DISTRICT,Pithoragarh,Urban,17759,69605,36376,33229,8393,4867,3526,10837,5583,5254,3620,1736,1884,56294,29894,26400,13311,6482,6829,20031,15515,4516,16770,13466,3304,537,247,290,79,65,14,417,308,109,15737,12846,2891,3261,2049,1212,218,65,153,100,79,21,197,141,56,2746,1764,982,2732,1693,1039,209,64,145,77,60,17,177,132,45,2269,1437,832,529,356,173,9,1,8,23,19,4,20,9,11,477,327,150,49574,20861,28713
5,62,315,0,0,0,SUB-DISTRICT,Munsiari,Total,11285,46523,22889,23634,6090,3233,2857,10008,5003,5005,6998,3362,3636,30424,17405,13019,16099,5484,10615,23488,12064,11424,15233,8242,6991,9839,4287,5552,106,69,37,824,269,555,4464,3617,847,8255,3822,4433,5448,2211,3237,154,69,85,613,143,470,2040,1399,641,5907,2785,3122,3886,1530,2356,111,56,55,473,133,340,1437,1066,371,2348,1037,1311,1562,681,881,43,13,30,140,10,130,603,333,270,23035,10825,12210
5,62,315,0,0,0,SUB-DISTRICT,Munsiari,Rural,11285,46523,22889,23634,6090,3233,2857,10008,5003,5005,6998,3362,3636,30424,17405,13019,16099,5484,10615,23488,12064,11424,15233,8242,6991,9839,4287,5552,106,69,37,824,269,555,4464,3617,847,8255,3822,4433,5448,2211,3237,154,69,85,613,143,470,2040,1399,641,5907,2785,3122,3886,1530,2356,111,56,55,473,133,340,1437,1066,371,2348,1037,1311,1562,681,881,43,13,30,140,10,130,603,333,270,23035,10825,12210
5,62,315,0,0,0,SUB-DISTRICT,Munsiari,Urban,0,0,0,0,0,0,0,0,0,0,0,0,0,0,0,0,0,0,0,0,0,0,0,0,0,0,0,0,0,0,0,0,0,0,0,0,0,0,0,0,0,0,0,0,0,0,0,0,0,0,0,0,0,0,0,0,0,0,0,0,0,0,0,0,0,0,0,0,0,0,0,0,0,0,0,0,0,0,0,0,0,0,0,0,0
5,62,316,0,0,0,SUB-DISTRICT,Dharchula,Total,14714,65689,33240,32449,9325,4901,4424,13002,6419,6583,9433,4644,4789,44585,25894,18691,21104,7346,13758,34980,18138,16842,19669,11446,8223,10609,4369,6240,587,308,279,949,419,530,7524,6350,1174,15311,6692,8619,10636,4249,6387,499,250,249,1025,312,713,3151,1881,1270,11682,5085,6597,8149,3188,4961,373,180,193,649,207,442,2511,1510,1001,3629,1607,2022,2487,1061,1426,126,70,56,376,105,271,640,371,269,30709,15102,15607
5,62,316,0,0,0,SUB-DISTRICT,Dharchula,Rural,13002,58650,29443,29207,8435,4413,4022,11572,5705,5867,7513,3735,3778,39132,22747,16385,19518,6696,12822,32060,16185,15875,17719,9786,7933,10580,4342,6238,583,304,279,924,399,525,5632,4741,891,14341,6399,7942,10627,4244,6383,495,249,246,989,295,694,2230,1611,619,10902,4851,6051,8141,3183,4958,370,180,190,621,195,426,1770,1293,477,3439,1548,1891,2486,1061,1425,125,69,56,368,100,268,460,318,142,26590,13258,13332
5,62,316,0,0,0,SUB-DISTRICT,Dharchula,Urban,1712,7039,3797,3242,890,488,402,1430,714,716,1920,909,1011,5453,3147,2306,1586,650,936,2920,1953,967,1950,1660,290,29,27,2,4,4,0,25,20,5,1892,1609,283,970,293,677,9,5,4,4,1,3,36,17,19,921,270,651,780,234,546,8,5,3,3,0,3,28,12,16,741,217,524,190,59,131,1,0,1,1,1,0,8,5,3,180,53,127,4119,1844,2275
5,62,316,800320,0,0,TOWN,Dharchula (NP),Urban,1712,7039,3797,3242,890,488,402,1430,714,716,1920,909,1011,5453,3147,2306,1586,650,936,2920,1953,967,1950,1660,290,29,27,2,4,4,0,25,20,5,1892,1609,283,970,293,677,9,5,4,4,1,3,36,17,19,921,270,651,780,234,546,8,5,3,3,0,3,28,12,16,741,217,524,190,59,131,1,0,1,1,1,0,8,5,3,180,53,127,4119,1844,2275
5,62,316,800320,1,0,WARD,Dharchula (NP) WARD NO.-0001,Urban,400,1953,1199,754,241,125,116,325,158,167,194,97,97,1502,1024,478,451,175,276,978,766,212,768,696,72,4,4,0,0,0,0,7,6,1,757,686,71,210,70,140,1,0,1,1,0,1,7,3,4,201,67,134,168,52,116,0,0,0,1,0,1,4,1,3,163,51,112,42,18,24,1,0,1,0,0,0,3,2,1,38,16,22,975,433,542
5,62,316,800320,2,0,WARD,Dharchula (NP) WARD NO.-0002,Urban,189,759,379,380,115,62,53,289,143,146,196,97,99,567,304,263,192,75,117,263,166,97,132,108,24,0,0,0,1,1,0,0,0,0,131,107,24,131,58,73,0,0,0,1,1,0,4,2,2,126,55,71,102,52,50,0,0,0,0,0,0,3,2,1,99,50,49,29,6,23,0,0,0,1,1,0,1,0,1,27,5,22,496,213,283
5,62,316,800320,3,0,WARD,Dharchula (NP) WARD NO.-0003,Urban,207,847,443,404,108,61,47,251,122,129,162,81,81,671,363,308,176,80,96,370,204,166,189,152,37,0,0,0,0,0,0,1,0,1,188,152,36,181,52,129,0,0,0,0,0,0,3,0,3,178,52,126,165,46,119,0,0,0,0,0,0,3,0,3,162,46,116,16,6,10,0,0,0,0,0,0,0,0,0,16,6,10,477,239,238
5,62,316,800320,4,0,WARD,Dharchula (NP) WARD NO.-0004,Urban,251,878,439,439,109,65,44,151,70,81,422,199,223,697,364,333,181,75,106,464,205,259,219,174,45,0,0,0,0,0,0,1,1,0,218,173,45,245,31,214,0,0,0,2,0,2,2,1,1,241,30,211,235,24,211,0,0,0,2,0,2,1,0,1,232,24,208,10,7,3,0,0,0,0,0,0,1,1,0,9,6,3,414,234,180
5,62,316,800320,5,0,WARD,Dharchula (NP) WARD NO.-0005,Urban,323,1202,605,597,146,77,69,173,85,88,532,244,288,908,490,418,294,115,179,358,270,88,277,220,57,18,16,2,3,3,0,9,9,0,247,192,55,81,50,31,7,5,2,0,0,0,17,9,8,57,36,21,76,47,29,7,5,2,0,0,0,15,8,7,54,34,20,5,3,2,0,0,0,0,0,0,2,1,1,3,2,1,844,335,509
5,62,316,800320,6,0,WARD,Dharchula (NP) WARD NO.-0006,Urban,135,602,323,279,71,38,33,109,62,47,112,49,63,473,266,207,129,57,72,287,180,107,168,150,18,1,1,0,0,0,0,3,3,0,164,146,18,119,30,89,0,0,0,0,0,0,3,2,1,116,28,88,32,12,20,0,0,0,0,0,0,2,1,1,30,11,19,87,18,69,0,0,0,0,0,0,1,1,0,86,17,69,315,143,172
5,62,316,800320,7,0,WARD,Dharchula (NP) WARD NO.-0007,Urban,207,798,409,389,100,60,40,132,74,58,302,142,160,635,336,299,163,73,90,200,162,38,197,160,37,6,6,0,0,0,0,4,1,3,187,153,34,3,2,1,1,0,1,0,0,0,0,0,0,2,2,0,2,1,1,1,0,1,0,0,0,0,0,0,1,1,0,1,1,0,0,0,0,0,0,0,0,0,0,1,1,0,598,247,351
5,62,317,0,0,0,SUB-DISTRICT,Didihat,Total,19624,80411,39725,40686,9799,5467,4332,21507,10694,10813,1094,538,556,58479,32147,26332,21932,7578,14354,36378,18998,17380,23562,13132,10430,14692,5821,8871,179,123,56,347,269,78,8344,6919,1425,12816,5866,6950,9462,3293,6169,659,425,234,196,140,56,2499,2008,491,9748,4406,5342,7162,2360,4802,432,301,131,156,125,31,1998,1620,378,3068,1460,1608,2300,933,1367,227,124,103,40,15,25,501,388,113,44033,20727,23306
5,62,317,0,0,0,SUB-DISTRICT,Didihat,Rural,17613,73889,36273,37616,8920,4974,3946,20167,10013,10154,445,233,212,53342,29330,24012,20547,6943,13604,34539,17449,17090,21952,11765,10187,14689,5818,8871,178,122,56,338,263,75,6747,5562,1185,12587,5684,6903,9458,3292,6166,654,422,232,172,126,46,2303,1844,459,9589,4276,5313,7159,2359,4800,427,298,129,138,111,27,1865,1508,357,2998,1408,1590,2299,933,1366,227,124,103,34,15,19,438,336,102,39350,18824,20526
5,62,317,0,0,0,SUB-DISTRICT,Didihat,Urban,2011,6522,3452,3070,879,493,386,1340,681,659,649,305,344,5137,2817,2320,1385,635,750,1839,1549,290,1610,1367,243,3,3,0,1,1,0,9,6,3,1597,1357,240,229,182,47,4,1,3,5,3,2,24,14,10,196,164,32,159,130,29,3,1,2,5,3,2,18,14,4,133,112,21,70,52,18,1,0,1,0,0,0,6,0,6,63,52,11,4683,1903,2780
5,62,317,800321,0,0,TOWN,Didihat (NP),Urban,2011,6522,3452,3070,879,493,386,1340,681,659,649,305,344,5137,2817,2320,1385,635,750,1839,1549,290,1610,1367,243,3,3,0,1,1,0,9,6,3,1597,1357,240,229,182,47,4,1,3,5,3,2,24,14,10,196,164,32,159,130,29,3,1,2,5,3,2,18,14,4,133,112,21,70,52,18,1,0,1,0,0,0,6,0,6,63,52,11,4683,1903,2780
5,62,317,800321,1,0,WARD,Didihat (NP) WARD NO.-0001,Urban,668,1610,922,688,191,105,86,202,100,102,203,93,110,1343,804,539,267,118,149,600,515,85,590,511,79,0,0,0,1,1,0,3,1,2,586,509,77,10,4,6,0,0,0,1,0,1,3,0,3,6,4,2,8,4,4,0,0,0,1,0,1,2,0,2,5,4,1,2,0,2,0,0,0,0,0,0,1,0,1,1,0,1,1010,407,603
5,62,317,800321,2,0,WARD,Didihat (NP) WARD NO.-0002,Urban,417,1463,748,715,194,110,84,454,230,224,244,118,126,1144,616,528,319,132,187,388,323,65,368,312,56,3,3,0,0,0,0,2,1,1,363,308,55,20,11,9,0,0,0,3,2,1,1,0,1,16,9,7,18,10,8,0,0,0,3,2,1,0,0,0,15,8,7,2,1,1,0,0,0,0,0,0,1,0,1,1,1,0,1075,425,650
5,62,317,800321,3,0,WARD,Didihat (NP) WARD NO.-0003,Urban,441,1618,889,729,215,122,93,209,107,102,71,32,39,1285,703,582,333,186,147,496,428,68,442,381,61,0,0,0,0,0,0,1,1,0,441,380,61,54,47,7,1,0,1,1,1,0,0,0,0,52,46,6,50,45,5,1,0,1,1,1,0,0,0,0,48,44,4,4,2,2,0,0,0,0,0,0,0,0,0,4,2,2,1122,461,661
5,62,317,800321,4,0,WARD,Didihat (NP) WARD NO.-0004,Urban,485,1831,893,938,279,156,123,475,244,231,131,62,69,1365,694,671,466,199,267,355,283,72,210,163,47,0,0,0,0,0,0,3,3,0,207,160,47,145,120,25,3,1,2,0,0,0,20,14,6,122,105,17,83,71,12,2,1,1,0,0,0,16,14,2,65,56,9,62,49,13,1,0,1,0,0,0,4,0,4,57,49,8,1476,610,866
5,62,318,0,0,0,SUB-DISTRICT,Berinag,Total,12386,52069,25121,26948,6773,3750,3023,17005,8433,8572,407,194,213,37036,19801,17235,15033,5320,9713,20970,10538,10432,15955,8283,7672,10823,4383,6440,480,152,328,117,82,35,4535,3666,869,5015,2255,2760,3630,1150,2480,144,115,29,45,26,19,1196,964,232,4156,1862,2294,3097,1000,2097,115,90,25,27,20,7,917,752,165,859,393,466,533,150,383,29,25,4,18,6,12,279,212,67,31099,14583,16516
5,62,318,0,0,0,SUB-DISTRICT,Berinag,Rural,12386,52069,25121,26948,6773,3750,3023,17005,8433,8572,407,194,213,37036,19801,17235,15033,5320,9713,20970,10538,10432,15955,8283,7672,10823,4383,6440,480,152,328,117,82,35,4535,3666,869,5015,2255,2760,3630,1150,2480,144,115,29,45,26,19,1196,964,232,4156,1862,2294,3097,1000,2097,115,90,25,27,20,7,917,752,165,859,393,466,533,150,383,29,25,4,18,6,12,279,212,67,31099,14583,16516
5,62,318,0,0,0,SUB-DISTRICT,Berinag,Urban,0,0,0,0,0,0,0,0,0,0,0,0,0,0,0,0,0,0,0,0,0,0,0,0,0,0,0,0,0,0,0,0,0,0,0,0,0,0,0,0,0,0,0,0,0,0,0,0,0,0,0,0,0,0,0,0,0,0,0,0,0,0,0,0,0,0,0,0,0,0,0,0,0,0,0,0,0,0,0,0,0,0,0,0,0
5,62,319,0,0,0,SUB-DISTRICT,Gangolihat,Total,16412,71946,34419,37527,10154,5429,4725,22489,11243,11246,25,12,13,48097,26345,21752,23849,8074,15775,33549,15606,17943,20196,9756,10440,14859,5587,9272,412,284,128,437,267,170,4488,3618,870,13353,5850,7503,10590,4164,6426,938,484,454,632,267,365,1193,935,258,9600,4250,5350,7273,2797,4476,702,399,303,589,239,350,1036,815,221,3753,1600,2153,3317,1367,1950,236,85,151,43,28,15,157,120,37,38397,18813,19584
5,62,319,0,0,0,SUB-DISTRICT,Gangolihat,Rural,16412,71946,34419,37527,10154,5429,4725,22489,11243,11246,25,12,13,48097,26345,21752,23849,8074,15775,33549,15606,17943,20196,9756,10440,14859,5587,9272,412,284,128,437,267,170,4488,3618,870,13353,5850,7503,10590,4164,6426,938,484,454,632,267,365,1193,935,258,9600,4250,5350,7273,2797,4476,702,399,303,589,239,350,1036,815,221,3753,1600,2153,3317,1367,1950,236,85,151,43,28,15,157,120,37,38397,18813,19584
5,62,319,0,0,0,SUB-DISTRICT,Gangolihat,Urban,0,0,0,0,0,0,0,0,0,0,0,0,0,0,0,0,0,0,0,0,0,0,0,0,0,0,0,0,0,0,0,0,0,0,0,0,0,0,0,0,0,0,0,0,0,0,0,0,0,0,0,0,0,0,0,0,0,0,0,0,0,0,0,0,0,0,0,0,0,0,0,0,0,0,0,0,0,0,0,0,0,0,0,0,0
5,62,320,0,0,0,SUB-DISTRICT,Pithoragarh,Total,40309,166801,83912,82889,21152,12073,9079,36367,18319,18048,1578,808,770,126929,68031,58898,39872,15881,23991,67125,38195,28930,50866,29526,21340,26367,9330,17037,440,282,158,625,483,142,23434,19431,4003,16259,8669,7590,10377,4126,6251,834,522,312,245,182,63,4803,3839,964,12248,6500,5748,7584,2918,4666,642,413,229,194,147,47,3828,3022,806,4011,2169,1842,2793,1208,1585,192,109,83,51,35,16,975,817,158,99676,45717,53959
5,62,320,0,0,0,SUB-DISTRICT,Pithoragarh,Rural,26273,110757,54785,55972,14528,8187,6341,28300,14131,14169,527,286,241,81225,44101,37124,29532,10684,18848,51853,26182,25671,37656,19087,18569,25862,9113,16749,366,222,144,242,201,41,11186,9551,1635,14197,7095,7102,10172,4067,6105,743,447,296,108,72,36,3174,2509,665,10455,5171,5284,7386,2860,4526,573,356,217,63,41,22,2433,1914,519,3742,1924,1818,2786,1207,1579,170,91,79,45,31,14,741,595,146,58904,28603,30301
5,62,320,0,0,0,SUB-DISTRICT,Pithoragarh,Urban,14036,56044,29127,26917,6624,3886,2738,8067,4188,3879,1051,522,529,45704,23930,21774,10340,5197,5143,15272,12013,3259,13210,10439,2771,505,217,288,74,60,14,383,282,101,12248,9880,2368,2062,1574,488,205,59,146,91,75,16,137,110,27,1629,1330,299,1793,1329,464,198,58,140,69,57,12,131,106,25,1395,1108,287,269,245,24,7,1,6,22,18,4,6,4,2,234,222,12,40772,17114,23658
5,62,320,800322,0,0,TOWN,Pithoragarh (NPP),Urban,14036,56044,29127,26917,6624,3886,2738,8067,4188,3879,1051,522,529,45704,23930,21774,10340,5197,5143,15272,12013,3259,13210,10439,2771,505,217,288,74,60,14,383,282,101,12248,9880,2368,2062,1574,488,205,59,146,91,75,16,137,110,27,1629,1330,299,1793,1329,464,198,58,140,69,57,12,131,106,25,1395,1108,287,269,245,24,7,1,6,22,18,4,6,4,2,234,222,12,40772,17114,23658
5,62,320,800322,1,0,WARD,Pithoragarh (NPP) WARD NO.-0001,Urban,1028,4207,2202,2005,404,249,155,1322,678,644,73,38,35,3576,1907,1669,631,295,336,1112,745,367,1034,699,335,252,89,163,5,3,2,21,17,4,756,590,166,78,46,32,2,0,2,8,7,1,9,4,5,59,35,24,71,40,31,2,0,2,4,3,1,9,4,5,56,33,23,7,6,1,0,0,0,4,4,0,0,0,0,3,2,1,3095,1457,1638
5,62,320,800322,2,0,WARD,Pithoragarh (NPP) WARD NO.-0002,Urban,945,3775,1960,1815,502,281,221,1107,572,535,107,55,52,3064,1609,1455,711,351,360,983,807,176,929,771,158,0,0,0,1,1,0,6,6,0,922,764,158,54,36,18,11,5,6,1,1,0,5,2,3,37,28,9,52,35,17,9,4,5,1,1,0,5,2,3,37,28,9,2,1,1,2,1,1,0,0,0,0,0,0,0,0,0,2792,1153,1639
5,62,320,800322,3,0,WARD,Pithoragarh (NPP) WARD NO.-0003,Urban,1016,3817,1835,1982,518,307,211,935,462,473,95,47,48,3104,1475,1629,713,360,353,771,545,226,711,508,203,81,21,60,1,1,0,8,3,5,621,483,138,60,37,23,8,3,5,11,10,1,9,7,2,32,17,15,57,35,22,8,3,5,9,8,1,8,7,1,32,17,15,3,2,1,0,0,0,2,2,0,1,0,1,0,0,0,3046,1290,1756
5,62,320,800322,4,0,WARD,Pithoragarh (NPP) WARD NO.-0004,Urban,591,2581,1345,1236,317,173,144,548,274,274,53,23,30,2085,1126,959,496,219,277,734,599,135,691,572,119,2,2,0,2,1,1,127,115,12,560,454,106,43,27,16,1,0,1,0,0,0,1,0,1,41,27,14,43,27,16,1,0,1,0,0,0,1,0,1,41,27,14,0,0,0,0,0,0,0,0,0,0,0,0,0,0,0,1847,746,1101
5,62,320,800322,5,0,WARD,Pithoragarh (NPP) WARD NO.-0005,Urban,831,3435,1984,1451,415,229,186,553,306,247,36,19,17,2614,1516,1098,821,468,353,1345,1185,160,906,776,130,1,0,1,1,1,0,9,7,2,895,768,127,439,409,30,3,1,2,0,0,0,0,0,0,436,408,28,435,405,30,3,1,2,0,0,0,0,0,0,432,404,28,4,4,0,0,0,0,0,0,0,0,0,0,4,4,0,2090,799,1291
5,62,320,800322,6,0,WARD,Pithoragarh (NPP) WARD NO.-0006,Urban,1193,4801,2450,2351,624,384,240,704,368,336,65,34,31,3834,1988,1846,967,462,505,996,776,220,685,564,121,13,7,6,10,9,1,44,37,7,618,511,107,311,212,99,72,25,47,37,33,4,89,81,8,113,73,40,285,193,92,70,25,45,26,25,1,87,80,7,102,63,39,26,19,7,2,0,2,11,8,3,2,1,1,11,10,1,3805,1674,2131
5,62,320,800322,7,0,WARD,Pithoragarh (NPP) WARD NO.-0007,Urban,998,4031,2042,1989,520,294,226,471,239,232,149,70,79,3167,1649,1518,864,393,471,1022,840,182,953,795,158,46,29,17,5,3,2,8,6,2,894,757,137,69,45,24,12,6,6,0,0,0,2,1,1,55,38,17,64,43,21,10,6,4,0,0,0,1,0,1,53,37,16,5,2,3,2,0,2,0,0,0,1,1,0,2,1,1,3009,1202,1807
5,62,320,800322,8,0,WARD,Pithoragarh (NPP) WARD NO.-0008,Urban,996,3939,2067,1872,463,285,178,539,279,260,72,41,31,3260,1728,1532,679,339,340,1326,959,367,1219,885,334,8,6,2,9,5,4,36,28,8,1166,846,320,107,74,33,2,1,1,1,0,1,6,5,1,98,68,30,84,53,31,2,1,1,1,0,1,4,3,1,77,49,28,23,21,2,0,0,0,0,0,0,2,2,0,21,19,2,2613,1108,1505
5,62,320,800322,9,0,WARD,Pithoragarh (NPP) WARD NO.-0009,Urban,397,1772,915,857,198,124,74,335,153,182,15,7,8,1416,751,665,356,164,192,592,408,184,493,377,116,60,45,15,27,25,2,65,23,42,341,284,57,99,31,68,69,6,63,10,9,1,5,4,1,15,12,3,98,30,68,69,6,63,10,9,1,5,4,1,14,11,3,1,1,0,0,0,0,0,0,0,0,0,0,1,1,0,1180,507,673
5,62,320,800322,10,0,WARD,Pithoragarh (NPP) WARD NO.-0010,Urban,449,1981,1052,929,200,116,84,289,152,137,18,7,11,1653,896,757,328,156,172,700,572,128,685,558,127,1,1,0,2,1,1,5,4,1,677,552,125,15,14,1,2,1,1,0,0,0,0,0,0,13,13,0,12,12,0,1,1,0,0,0,0,0,0,0,11,11,0,3,2,1,1,0,1,0,0,0,0,0,0,2,2,0,1281,480,801
5,62,320,800322,11,0,WARD,Pithoragarh (NPP) WARD NO.-0011,Urban,909,3509,1846,1663,409,239,170,299,166,133,54,30,24,2928,1553,1375,581,293,288,1064,859,205,1024,835,189,3,3,0,0,0,0,1,1,0,1020,831,189,40,24,16,3,1,2,5,5,0,0,0,0,32,18,14,40,24,16,3,1,2,5,5,0,0,0,0,32,18,14,0,0,0,0,0,0,0,0,0,0,0,0,0,0,0,2445,987,1458
5,62,320,800322,12,0,WARD,Pithoragarh (NPP) WARD NO.-0012,Urban,1303,4985,2513,2472,528,314,214,210,108,102,73,33,40,4218,2152,2066,767,361,406,990,788,202,919,730,189,1,1,0,1,1,0,3,2,1,914,726,188,71,58,13,4,3,1,2,2,0,0,0,0,65,53,12,66,54,12,4,3,1,2,2,0,0,0,0,60,49,11,5,4,1,0,0,0,0,0,0,0,0,0,5,4,1,3995,1725,2270
5,62,320,800322,13,0,WARD,Pithoragarh (NPP) WARD NO.-0013,Urban,975,3895,1953,1942,466,260,206,434,229,205,137,72,65,3251,1656,1595,644,297,347,931,696,235,773,608,165,7,6,1,4,3,1,2,1,1,760,598,162,158,88,70,6,4,2,8,1,7,1,1,0,143,82,61,149,83,66,6,4,2,7,1,6,1,1,0,135,77,58,9,5,4,0,0,0,1,0,1,0,0,0,8,5,3,2964,1257,1707
5,62,320,800322,14,0,WARD,Pithoragarh (NPP) WARD NO.-0014,Urban,1142,4592,2641,1951,561,351,210,188,136,52,15,8,7,3531,1938,1593,1061,703,358,1495,1328,167,1016,872,144,26,4,22,2,2,0,27,15,12,961,851,110,479,456,23,10,3,7,5,5,0,10,5,5,454,443,11,302,280,22,10,3,7,1,1,0,10,5,5,281,271,10,177,176,1,0,0,0,4,4,0,0,0,0,173,172,1,3097,1313,1784
5,62,320,800322,15,0,WARD,Pithoragarh (NPP) WARD NO.-0015,Urban,1263,4724,2322,2402,499,280,219,133,66,67,89,38,51,4003,1986,2017,721,336,385,1211,906,305,1172,889,283,4,3,1,4,4,0,21,17,4,1143,865,278,39,17,22,0,0,0,3,2,1,0,0,0,36,15,21,35,15,20,0,0,0,3,2,1,0,0,0,32,13,19,4,2,2,0,0,0,0,0,0,0,0,0,4,2,2,3513,1416,2097
5,63,0,0,0,0,DISTRICT,Bageshwar,Total,58046,259898,124326,135572,35560,18679,16881,72061,35623,36438,1982,971,1011,179483,97546,81937,80415,26780,53635,123638,58708,64930,78085,38834,39251,54056,20161,33895,2733,1509,1224,1648,1096,552,19648,16068,3580,45553,19874,25679,31069,10928,20141,6252,3233,3019,1343,593,750,6889,5120,1769,35581,15532,20049,24420,8425,15995,4917,2637,2280,1115,496,619,5129,3974,1155,9972,4342,5630,6649,2503,4146,1335,596,739,228,97,131,1760,1146,614,136260,65618,70642
5,63,0,0,0,0,DISTRICT,Bageshwar,Rural,55992,250819,119615,131204,34545,18129,16416,69842,34489,35353,1874,916,958,172166,93588,78578,78653,26027,52626,120867,56472,64395,75922,37093,38829,53960,20098,33862,2699,1492,1207,1616,1069,547,17647,14434,3213,44945,19379,25566,31060,10926,20134,6236,3224,3012,1318,580,738,6331,4649,1682,35049,15088,19961,24411,8423,15988,4902,2629,2273,1093,484,609,4643,3552,1091,9896,4291,5605,6649,2503,4146,1334,595,739,225,96,129,1688,1097,591,129952,63143,66809
5,63,0,0,0,0,DISTRICT,Bageshwar,Urban,2054,9079,4711,4368,1015,550,465,2219,1134,1085,108,55,53,7317,3958,3359,1762,753,1009,2771,2236,535,2163,1741,422,96,63,33,34,17,17,32,27,5,2001,1634,367,608,495,113,9,2,7,16,9,7,25,13,12,558,471,87,532,444,88,9,2,7,15,8,7,22,12,10,486,422,64,76,51,25,0,0,0,1,1,0,3,1,2,72,49,23,6308,2475,3833
5,63,321,0,0,0,SUB-DISTRICT,Kapkot,Total,13909,64894,31064,33830,9599,4896,4703,14707,7215,7492,950,451,499,41654,23366,18288,23240,7698,15542,31460,14883,16577,20684,10207,10477,16168,6949,9219,944,408,536,359,247,112,3213,2603,610,10776,4676,6100,8287,3306,4981,1138,599,539,640,237,403,711,534,177,9016,3885,5131,7053,2787,4266,744,394,350,598,226,372,621,478,143,1760,791,969,1234,519,715,394,205,189,42,11,31,90,56,34,33434,16181,17253
5,63,321,0,0,0,SUB-DISTRICT,Kapkot,Rural,13909,64894,31064,33830,9599,4896,4703,14707,7215,7492,950,451,499,41654,23366,18288,23240,7698,15542,31460,14883,16577,20684,10207,10477,16168,6949,9219,944,408,536,359,247,112,3213,2603,610,10776,4676,6100,8287,3306,4981,1138,599,539,640,237,403,711,534,177,9016,3885,5131,7053,2787,4266,744,394,350,598,226,372,621,478,143,1760,791,969,1234,519,715,394,205,189,42,11,31,90,56,34,33434,16181,17253
5,63,321,0,0,0,SUB-DISTRICT,Kapkot,Urban,0,0,0,0,0,0,0,0,0,0,0,0,0,0,0,0,0,0,0,0,0,0,0,0,0,0,0,0,0,0,0,0,0,0,0,0,0,0,0,0,0,0,0,0,0,0,0,0,0,0,0,0,0,0,0,0,0,0,0,0,0,0,0,0,0,0,0,0,0,0,0,0,0,0,0,0,0,0,0,0,0,0,0,0,0
5,63,322,0,0,0,SUB-DISTRICT,Kanda,Total,6342,26272,12354,13918,3560,1844,1716,8278,4129,4149,256,119,137,17970,9571,8399,8302,2783,5519,14023,6200,7823,9344,3994,5350,7036,2245,4791,207,152,55,283,147,136,1818,1450,368,4679,2206,2473,3611,1445,2166,396,302,94,171,43,128,501,416,85,3491,1497,1994,2766,1011,1755,358,278,80,151,32,119,216,176,40,1188,709,479,845,434,411,38,24,14,20,11,9,285,240,45,12249,6154,6095
5,63,322,0,0,0,SUB-DISTRICT,Kanda,Rural,6342,26272,12354,13918,3560,1844,1716,8278,4129,4149,256,119,137,17970,9571,8399,8302,2783,5519,14023,6200,7823,9344,3994,5350,7036,2245,4791,207,152,55,283,147,136,1818,1450,368,4679,2206,2473,3611,1445,2166,396,302,94,171,43,128,501,416,85,3491,1497,1994,2766,1011,1755,358,278,80,151,32,119,216,176,40,1188,709,479,845,434,411,38,24,14,20,11,9,285,240,45,12249,6154,6095
5,63,322,0,0,0,SUB-DISTRICT,Kanda,Urban,0,0,0,0,0,0,0,0,0,0,0,0,0,0,0,0,0,0,0,0,0,0,0,0,0,0,0,0,0,0,0,0,0,0,0,0,0,0,0,0,0,0,0,0,0,0,0,0,0,0,0,0,0,0,0,0,0,0,0,0,0,0,0,0,0,0,0,0,0,0,0,0,0,0,0,0,0,0,0,0,0,0,0,0,0
5,63,323,0,0,0,SUB-DISTRICT,Bageshwar,Total,22603,100103,49096,51007,12769,6873,5896,29592,15028,14564,491,263,228,71947,39455,32492,28156,9641,18515,46971,23652,23319,34446,17227,17219,24193,8879,15314,943,558,385,557,466,91,8753,7324,1429,12525,6425,6100,7033,2708,4325,2201,1178,1023,392,244,148,2899,2295,604,9720,4966,4754,5256,1921,3335,1922,1050,872,272,181,91,2270,1814,456,2805,1459,1346,1777,787,990,279,128,151,120,63,57,629,481,148,53132,25444,27688
5,63,323,0,0,0,SUB-DISTRICT,Bageshwar,Rural,20549,91024,44385,46639,11754,6323,5431,27373,13894,13479,383,208,175,64630,35497,29133,26394,8888,17506,44200,21416,22784,32283,15486,16797,24097,8816,15281,909,541,368,525,439,86,6752,5690,1062,11917,5930,5987,7024,2706,4318,2185,1169,1016,367,231,136,2341,1824,517,9188,4522,4666,5247,1919,3328,1907,1042,865,250,169,81,1784,1392,392,2729,1408,1321,1777,787,990,278,127,151,117,62,55,557,432,125,46824,22969,23855
5,63,323,0,0,0,SUB-DISTRICT,Bageshwar,Urban,2054,9079,4711,4368,1015,550,465,2219,1134,1085,108,55,53,7317,3958,3359,1762,753,1009,2771,2236,535,2163,1741,422,96,63,33,34,17,17,32,27,5,2001,1634,367,608,495,113,9,2,7,16,9,7,25,13,12,558,471,87,532,444,88,9,2,7,15,8,7,22,12,10,486,422,64,76,51,25,0,0,0,1,1,0,3,1,2,72,49,23,6308,2475,3833
5,63,323,800323,0,0,TOWN,Bageshwar (NPP),Urban,2054,9079,4711,4368,1015,550,465,2219,1134,1085,108,55,53,7317,3958,3359,1762,753,1009,2771,2236,535,2163,1741,422,96,63,33,34,17,17,32,27,5,2001,1634,367,608,495,113,9,2,7,16,9,7,25,13,12,558,471,87,532,444,88,9,2,7,15,8,7,22,12,10,486,422,64,76,51,25,0,0,0,1,1,0,3,1,2,72,49,23,6308,2475,3833
5,63,323,800323,1,0,WARD,Bageshwar (NPP) WARD NO.-0001,Urban,430,1886,965,921,232,129,103,687,353,334,7,5,2,1461,794,667,425,171,254,491,387,104,352,282,70,6,4,2,4,3,1,6,5,1,336,270,66,139,105,34,0,0,0,1,0,1,13,7,6,125,98,27,122,92,30,0,0,0,1,0,1,12,7,5,109,85,24,17,13,4,0,0,0,0,0,0,1,0,1,16,13,3,1395,578,817
5,63,323,800323,2,0,WARD,Bageshwar (NPP) WARD NO.-0002,Urban,162,675,353,322,67,36,31,106,56,50,0,0,0,572,310,262,103,43,60,213,169,44,183,151,32,4,2,2,0,0,0,3,3,0,176,146,30,30,18,12,4,0,4,1,1,0,0,0,0,25,17,8,30,18,12,4,0,4,1,1,0,0,0,0,25,17,8,0,0,0,0,0,0,0,0,0,0,0,0,0,0,0,462,184,278
5,63,323,800323,3,0,WARD,Bageshwar (NPP) WARD NO.-0003,Urban,281,1271,649,622,117,58,59,321,150,171,63,31,32,1051,556,495,220,93,127,417,329,88,311,246,65,0,0,0,2,0,2,4,2,2,305,244,61,106,83,23,2,1,1,9,3,6,2,0,2,93,79,14,101,82,19,2,1,1,8,2,6,1,0,1,90,79,11,5,1,4,0,0,0,1,1,0,1,0,1,3,0,3,854,320,534
5,63,323,800323,4,0,WARD,Bageshwar (NPP) WARD NO.-0004,Urban,256,1166,609,557,120,61,59,186,100,86,12,6,6,982,533,449,184,76,108,388,304,84,340,264,76,86,57,29,28,14,14,15,13,2,211,180,31,48,40,8,2,1,1,5,5,0,10,6,4,31,28,3,45,37,8,2,1,1,5,5,0,9,5,4,29,26,3,3,3,0,0,0,0,0,0,0,1,1,0,2,2,0,778,305,473
5,63,323,800323,5,0,WARD,Bageshwar (NPP) WARD NO.-0005,Urban,144,731,406,325,74,41,33,43,28,15,7,3,4,619,349,270,112,57,55,250,200,50,191,151,40,0,0,0,0,0,0,3,3,0,188,148,40,59,49,10,0,0,0,0,0,0,0,0,0,59,49,10,59,49,10,0,0,0,0,0,0,0,0,0,59,49,10,0,0,0,0,0,0,0,0,0,0,0,0,0,0,0,481,206,275
5,63,323,800323,6,0,WARD,Bageshwar (NPP) WARD NO.-0006,Urban,199,999,527,472,128,68,60,633,325,308,1,1,0,700,406,294,299,121,178,295,266,29,161,135,26,0,0,0,0,0,0,0,0,0,161,135,26,134,131,3,0,0,0,0,0,0,0,0,0,134,131,3,134,131,3,0,0,0,0,0,0,0,0,0,134,131,3,0,0,0,0,0,0,0,0,0,0,0,0,0,0,0,704,261,443
5,63,323,800323,7,0,WARD,Bageshwar (NPP) WARD NO.-0007,Urban,582,2351,1202,1149,277,157,120,243,122,121,18,9,9,1932,1010,922,419,192,227,717,581,136,625,512,113,0,0,0,0,0,0,1,1,0,624,511,113,92,69,23,1,0,1,0,0,0,0,0,0,91,69,22,41,35,6,1,0,1,0,0,0,0,0,0,40,35,5,51,34,17,0,0,0,0,0,0,0,0,0,51,34,17,1634,621,1013
5,63,324,0,0,0,SUB-DISTRICT,Garud,Total,15192,68629,31812,36817,9632,5066,4566,19484,9251,10233,285,138,147,47912,25154,22758,20717,6658,14059,31184,13973,17211,13611,7406,6205,6659,2088,4571,639,391,248,449,236,213,5864,4691,1173,17573,6567,11006,12138,3469,8669,2517,1154,1363,140,69,71,2778,1875,903,13354,5184,8170,9345,2706,6639,1893,915,978,94,57,37,2022,1506,516,4219,1383,2836,2793,763,2030,624,239,385,46,12,34,756,369,387,37445,17839,19606
5,63,324,0,0,0,SUB-DISTRICT,Garud,Rural,15192,68629,31812,36817,9632,5066,4566,19484,9251,10233,285,138,147,47912,25154,22758,20717,6658,14059,31184,13973,17211,13611,7406,6205,6659,2088,4571,639,391,248,449,236,213,5864,4691,1173,17573,6567,11006,12138,3469,8669,2517,1154,1363,140,69,71,2778,1875,903,13354,5184,8170,9345,2706,6639,1893,915,978,94,57,37,2022,1506,516,4219,1383,2836,2793,763,2030,624,239,385,46,12,34,756,369,387,37445,17839,19606
5,63,324,0,0,0,SUB-DISTRICT,Garud,Urban,0,0,0,0,0,0,0,0,0,0,0,0,0,0,0,0,0,0,0,0,0,0,0,0,0,0,0,0,0,0,0,0,0,0,0,0,0,0,0,0,0,0,0,0,0,0,0,0,0,0,0,0,0,0,0,0,0,0,0,0,0,0,0,0,0,0,0,0,0,0,0,0,0,0,0,0,0,0,0,0,0,0,0,0,0
5,64,0,0,0,0,DISTRICT,Almora,Total,140577,622506,291081,331425,80082,41672,38410,150995,72695,78300,1281,633,648,436497,231604,204893,186009,59477,126532,298211,142460,155751,201078,102221,98857,132129,47028,85101,4025,2151,1874,2723,1878,845,62201,51164,11037,97133,40239,56894,75488,26229,49259,6249,2907,3342,1589,810,779,13807,10293,3514,68294,27393,40901,51533,16414,35119,4964,2414,2550,1182,592,590,10615,7973,2642,28839,12846,15993,23955,9815,14140,1285,493,792,407,218,189,3192,2320,872,324295,148621,175674
5,64,0,0,0,0,DISTRICT,Almora,Rural,125209,560192,257359,302833,74375,38605,35770,140931,67619,73312,750,364,386,383089,201819,181270,177103,55540,121563,276913,124715,152198,181144,85414,95730,132045,46965,85080,3984,2124,1860,2562,1744,818,42553,34581,7972,95769,39301,56468,75436,26206,49230,6234,2894,3340,1509,789,720,12590,9412,3178,67187,26666,40521,51494,16397,35097,4952,2404,2548,1111,579,532,9630,7286,2344,28582,12635,15947,23942,9809,14133,1282,490,792,398,210,188,2960,2126,834,283279,132644,150635
5,64,0,0,0,0,DISTRICT,Almora,Urban,15368,62314,33722,28592,5707,3067,2640,10064,5076,4988,531,269,262,53408,29785,23623,8906,3937,4969,21298,17745,3553,19934,16807,3127,84,63,21,41,27,14,161,134,27,19648,16583,3065,1364,938,426,52,23,29,15,13,2,80,21,59,1217,881,336,1107,727,380,39,17,22,12,10,2,71,13,58,985,687,298,257,211,46,13,6,7,3,3,0,9,8,1,232,194,38,41016,15977,25039
5,64,325,0,0,0,SUB-DISTRICT,BHIKIYASAIN,Total,16994,70487,30555,39932,8483,4394,4089,11830,5337,6493,32,16,16,47823,24168,23655,22664,6387,16277,43475,17784,25691,25340,10251,15089,20641,6769,13872,441,197,244,302,193,109,3956,3092,864,18135,7533,10602,16421,6499,9922,339,173,166,239,142,97,1136,719,417,10109,3816,6293,9006,3132,5874,233,119,114,120,68,52,750,497,253,8026,3717,4309,7415,3367,4048,106,54,52,119,74,45,386,222,164,27012,12771,14241
5,64,325,0,0,0,SUB-DISTRICT,BHIKIYASAIN,Rural,16994,70487,30555,39932,8483,4394,4089,11830,5337,6493,32,16,16,47823,24168,23655,22664,6387,16277,43475,17784,25691,25340,10251,15089,20641,6769,13872,441,197,244,302,193,109,3956,3092,864,18135,7533,10602,16421,6499,9922,339,173,166,239,142,97,1136,719,417,10109,3816,6293,9006,3132,5874,233,119,114,120,68,52,750,497,253,8026,3717,4309,7415,3367,4048,106,54,52,119,74,45,386,222,164,27012,12771,14241
5,64,325,0,0,0,SUB-DISTRICT,BHIKIYASAIN,Urban,0,0,0,0,0,0,0,0,0,0,0,0,0,0,0,0,0,0,0,0,0,0,0,0,0,0,0,0,0,0,0,0,0,0,0,0,0,0,0,0,0,0,0,0,0,0,0,0,0,0,0,0,0,0,0,0,0,0,0,0,0,0,0,0,0,0,0,0,0,0,0,0,0,0,0,0,0,0,0,0,0,0,0,0,0
5,64,326,0,0,0,SUB-DISTRICT,Chaukhutiya,Total,10832,46051,20047,26004,5939,3066,2873,8971,3967,5004,42,19,23,32377,15994,16383,13674,4053,9621,24754,10048,14706,18057,7301,10756,13629,4143,9486,685,318,367,218,164,54,3525,2676,849,6697,2747,3950,5416,2005,3411,466,172,294,65,55,10,750,515,235,4562,1739,2823,3583,1175,2408,357,137,220,53,46,7,569,381,188,2135,1008,1127,1833,830,1003,109,35,74,12,9,3,181,134,47,21297,9999,11298
5,64,326,0,0,0,SUB-DISTRICT,Chaukhutiya,Rural,10832,46051,20047,26004,5939,3066,2873,8971,3967,5004,42,19,23,32377,15994,16383,13674,4053,9621,24754,10048,14706,18057,7301,10756,13629,4143,9486,685,318,367,218,164,54,3525,2676,849,6697,2747,3950,5416,2005,3411,466,172,294,65,55,10,750,515,235,4562,1739,2823,3583,1175,2408,357,137,220,53,46,7,569,381,188,2135,1008,1127,1833,830,1003,109,35,74,12,9,3,181,134,47,21297,9999,11298
5,64,326,0,0,0,SUB-DISTRICT,Chaukhutiya,Urban,0,0,0,0,0,0,0,0,0,0,0,0,0,0,0,0,0,0,0,0,0,0,0,0,0,0,0,0,0,0,0,0,0,0,0,0,0,0,0,0,0,0,0,0,0,0,0,0,0,0,0,0,0,0,0,0,0,0,0,0,0,0,0,0,0,0,0,0,0,0,0,0,0,0,0,0,0,0,0,0,0,0,0,0,0
5,64,327,0,0,0,SUB-DISTRICT,Sult,Total,12778,57126,25503,31623,7823,4050,3773,11362,5387,5975,6,3,3,37006,19257,17749,20120,6246,13874,27180,11034,16146,21696,9127,12569,18880,7045,11835,195,71,124,168,108,60,2453,1903,550,5484,1907,3577,4749,1431,3318,156,73,83,63,35,28,516,368,148,4038,1286,2752,3465,935,2530,124,52,72,49,24,25,400,275,125,1446,621,825,1284,496,788,32,21,11,14,11,3,116,93,23,29946,14469,15477
5,64,327,0,0,0,SUB-DISTRICT,Sult,Rural,12778,57126,25503,31623,7823,4050,3773,11362,5387,5975,6,3,3,37006,19257,17749,20120,6246,13874,27180,11034,16146,21696,9127,12569,18880,7045,11835,195,71,124,168,108,60,2453,1903,550,5484,1907,3577,4749,1431,3318,156,73,83,63,35,28,516,368,148,4038,1286,2752,3465,935,2530,124,52,72,49,24,25,400,275,125,1446,621,825,1284,496,788,32,21,11,14,11,3,116,93,23,29946,14469,15477
5,64,327,0,0,0,SUB-DISTRICT,Sult,Urban,0,0,0,0,0,0,0,0,0,0,0,0,0,0,0,0,0,0,0,0,0,0,0,0,0,0,0,0,0,0,0,0,0,0,0,0,0,0,0,0,0,0,0,0,0,0,0,0,0,0,0,0,0,0,0,0,0,0,0,0,0,0,0,0,0,0,0,0,0,0,0,0,0,0,0,0,0,0,0,0,0,0,0,0,0
5,64,328,0,0,0,SUB-DISTRICT,Ranikhet,Total,22316,100124,49720,50404,12494,6601,5893,24606,12033,12573,184,94,90,75252,41223,34029,24872,8497,16375,46617,25877,20740,30451,19426,11025,14035,5288,8747,324,215,109,367,225,142,15725,13698,2027,16166,6451,9715,12572,3986,8586,1006,440,566,105,72,33,2483,1953,530,11059,4416,6643,8251,2360,5891,651,339,312,85,55,30,2072,1662,410,5107,2035,3072,4321,1626,2695,355,101,254,20,17,3,411,291,120,53507,23843,29664
5,64,328,0,0,0,SUB-DISTRICT,Ranikhet,Rural,17556,81238,38308,42930,10697,5626,5071,21540,10497,11043,141,74,67,58981,31017,27964,22257,7291,14966,38291,18443,19848,22523,12300,10223,14005,5265,8740,316,209,107,324,194,130,7878,6632,1246,15768,6143,9625,12560,3978,8582,998,433,565,90,64,26,2120,1668,452,10705,4142,6563,8241,2354,5887,644,333,311,72,49,23,1748,1406,342,5063,2001,3062,4319,1624,2695,354,100,254,18,15,3,372,262,110,42947,19865,23082
5,64,328,0,0,0,SUB-DISTRICT,Ranikhet,Urban,4760,18886,11412,7474,1797,975,822,3066,1536,1530,43,20,23,16271,10206,6065,2615,1206,1409,8326,7434,892,7928,7126,802,30,23,7,8,6,2,43,31,12,7847,7066,781,398,308,90,12,8,4,8,7,1,15,8,7,363,285,78,354,274,80,10,6,4,7,6,1,13,6,7,324,256,68,44,34,10,2,2,0,1,1,0,2,2,0,39,29,10,10560,3978,6582
5,64,328,800324,0,0,TOWN,Ranikhet (CB),Urban,4760,18886,11412,7474,1797,975,822,3066,1536,1530,43,20,23,16271,10206,6065,2615,1206,1409,8326,7434,892,7928,7126,802,30,23,7,8,6,2,43,31,12,7847,7066,781,398,308,90,12,8,4,8,7,1,15,8,7,363,285,78,354,274,80,10,6,4,7,6,1,13,6,7,324,256,68,44,34,10,2,2,0,1,1,0,2,2,0,39,29,10,10560,3978,6582
5,64,328,800324,1,0,WARD,Ranikhet (CB) WARD NO.-0001,Urban,1313,6529,4506,2023,496,278,218,384,198,186,1,1,0,5840,4166,1674,689,340,349,3707,3452,255,3463,3261,202,11,11,0,2,1,1,10,9,1,3440,3240,200,244,191,53,3,3,0,3,2,1,8,3,5,230,183,47,236,184,52,3,3,0,3,2,1,7,2,5,223,177,46,8,7,1,0,0,0,0,0,0,1,1,0,7,6,1,2822,1054,1768
5,64,328,800324,2,0,WARD,Ranikhet (CB) WARD NO.-0002,Urban,987,3411,1998,1413,342,192,150,706,359,347,0,0,0,2945,1780,1165,466,218,248,1364,1209,155,1337,1187,150,1,1,0,0,0,0,7,7,0,1329,1179,150,27,22,5,5,3,2,0,0,0,4,2,2,18,17,1,23,18,5,5,3,2,0,0,0,3,1,2,15,14,1,4,4,0,0,0,0,0,0,0,1,1,0,3,3,0,2047,789,1258
5,64,328,800324,3,0,WARD,Ranikhet (CB) WARD NO.-0003,Urban,326,1555,812,743,177,86,91,281,141,140,6,2,4,1252,676,576,303,136,167,482,421,61,474,414,60,1,1,0,2,2,0,12,11,1,459,400,59,8,7,1,1,1,0,0,0,0,0,0,0,7,6,1,7,6,1,0,0,0,0,0,0,0,0,0,7,6,1,1,1,0,1,1,0,0,0,0,0,0,0,0,0,0,1073,391,682
5,64,328,800324,4,0,WARD,Ranikhet (CB) WARD NO.-0004,Urban,449,1948,996,952,195,101,94,491,241,250,9,4,5,1654,854,800,294,142,152,579,464,115,517,413,104,10,5,5,2,2,0,1,1,0,504,405,99,62,51,11,1,0,1,1,1,0,1,1,0,59,49,10,45,36,9,1,0,1,0,0,0,1,1,0,43,35,8,17,15,2,0,0,0,1,1,0,0,0,0,16,14,2,1369,532,837
5,64,328,800324,5,0,WARD,Ranikhet (CB) WARD NO.-0005,Urban,1001,2643,1711,932,285,164,121,382,198,184,9,5,4,2244,1523,721,399,188,211,1375,1220,155,1333,1195,138,1,1,0,1,0,1,10,0,10,1321,1194,127,42,25,17,0,0,0,0,0,0,2,2,0,40,23,17,29,19,10,0,0,0,0,0,0,2,2,0,27,17,10,13,6,7,0,0,0,0,0,0,0,0,0,13,6,7,1268,491,777
5,64,328,800324,6,0,WARD,Ranikhet (CB) WARD NO.-0006,Urban,338,1462,734,728,155,82,73,568,272,296,4,2,2,1204,629,575,258,105,153,410,341,69,397,331,66,5,3,2,1,1,0,2,2,0,389,325,64,13,10,3,2,1,1,4,4,0,0,0,0,7,5,2,12,9,3,1,0,1,4,4,0,0,0,0,7,5,2,1,1,0,1,1,0,0,0,0,0,0,0,0,0,0,1052,393,659
5,64,328,800324,7,0,WARD,Ranikhet (CB) WARD NO.-0007,Urban,346,1338,655,683,147,72,75,254,127,127,14,6,8,1132,578,554,206,77,129,409,327,82,407,325,82,1,1,0,0,0,0,1,1,0,405,323,82,2,2,0,0,0,0,0,0,0,0,0,0,2,2,0,2,2,0,0,0,0,0,0,0,0,0,0,2,2,0,0,0,0,0,0,0,0,0,0,0,0,0,0,0,0,929,328,601
5,64,329,0,0,0,SUB-DISTRICT,Dwarahat,Total,13087,55068,24372,30696,6790,3561,3229,13929,6443,7486,71,26,45,38379,19316,19063,16689,5056,11633,26073,11212,14861,19417,8562,10855,13572,4322,9250,558,248,310,443,241,202,4844,3751,1093,6656,2650,4006,4174,1391,2783,737,271,466,387,149,238,1358,839,519,4816,1861,2955,3064,970,2094,574,221,353,302,109,193,876,561,315,1840,789,1051,1110,421,689,163,50,113,85,40,45,482,278,204,28995,13160,15835
5,64,329,0,0,0,SUB-DISTRICT,Dwarahat,Rural,12419,52319,22994,29325,6480,3390,3090,13366,6161,7205,44,10,34,36115,18146,17969,16204,4848,11356,25320,10587,14733,18777,8022,10755,13558,4319,9239,557,247,310,432,230,202,4230,3226,1004,6543,2565,3978,4150,1385,2765,737,271,466,387,149,238,1269,760,509,4745,1811,2934,3044,965,2079,574,221,353,302,109,193,825,516,309,1798,754,1044,1106,420,686,163,50,113,85,40,45,444,244,200,26999,12407,14592
5,64,329,0,0,0,SUB-DISTRICT,Dwarahat,Urban,668,2749,1378,1371,310,171,139,563,282,281,27,16,11,2264,1170,1094,485,208,277,753,625,128,640,540,100,14,3,11,1,1,0,11,11,0,614,525,89,113,85,28,24,6,18,0,0,0,0,0,0,89,79,10,71,50,21,20,5,15,0,0,0,0,0,0,51,45,6,42,35,7,4,1,3,0,0,0,0,0,0,38,34,4,1996,753,1243
5,64,329,800325,0,0,TOWN,Dwarahat (NP),Urban,668,2749,1378,1371,310,171,139,563,282,281,27,16,11,2264,1170,1094,485,208,277,753,625,128,640,540,100,14,3,11,1,1,0,11,11,0,614,525,89,113,85,28,24,6,18,0,0,0,0,0,0,89,79,10,71,50,21,20,5,15,0,0,0,0,0,0,51,45,6,42,35,7,4,1,3,0,0,0,0,0,0,38,34,4,1996,753,1243
5,64,329,800325,1,0,WARD,Dwarahat (NP) WARD NO.-0001,Urban,153,593,282,311,62,30,32,39,20,19,3,2,1,495,249,246,98,33,65,116,103,13,115,102,13,2,2,0,1,1,0,0,0,0,112,99,13,1,1,0,0,0,0,0,0,0,0,0,0,1,1,0,1,1,0,0,0,0,0,0,0,0,0,0,1,1,0,0,0,0,0,0,0,0,0,0,0,0,0,0,0,0,477,179,298
5,64,329,800325,2,0,WARD,Dwarahat (NP) WARD NO.-0002,Urban,162,635,311,324,69,42,27,26,12,14,3,2,1,536,264,272,99,47,52,194,158,36,184,152,32,0,0,0,0,0,0,0,0,0,184,152,32,10,6,4,2,1,1,0,0,0,0,0,0,8,5,3,7,5,2,1,1,0,0,0,0,0,0,0,6,4,2,3,1,2,1,0,1,0,0,0,0,0,0,2,1,1,441,153,288
5,64,329,800325,3,0,WARD,Dwarahat (NP) WARD NO.-0003,Urban,134,558,291,267,71,41,30,38,18,20,20,12,8,481,247,234,77,44,33,166,143,23,159,136,23,0,0,0,0,0,0,0,0,0,159,136,23,7,7,0,0,0,0,0,0,0,0,0,0,7,7,0,3,3,0,0,0,0,0,0,0,0,0,0,3,3,0,4,4,0,0,0,0,0,0,0,0,0,0,4,4,0,392,148,244
5,64,329,800325,4,0,WARD,Dwarahat (NP) WARD NO.-0004,Urban,219,963,494,469,108,58,50,460,232,228,1,0,1,752,410,342,211,84,127,277,221,56,182,150,32,12,1,11,0,0,0,11,11,0,159,138,21,95,71,24,22,5,17,0,0,0,0,0,0,73,66,7,60,41,19,19,4,15,0,0,0,0,0,0,41,37,4,35,30,5,3,1,2,0,0,0,0,0,0,32,29,3,686,273,413
5,64,330,0,0,0,SUB-DISTRICT,Almora,Total,36357,164563,80913,83650,19628,10238,9390,44586,22423,22163,795,399,396,122825,66531,56294,41738,14382,27356,64755,37557,27198,44746,28236,16510,19224,7396,11828,643,422,221,845,635,210,24034,19783,4251,20009,9321,10688,12875,4283,8592,1625,910,715,551,232,319,4958,3896,1062,15688,7284,8404,9916,3258,6658,1409,804,605,436,182,254,3927,3040,887,4321,2037,2284,2959,1025,1934,216,106,110,115,50,65,1031,856,175,99808,43356,56452
5,64,330,0,0,0,SUB-DISTRICT,Almora,Rural,26417,123884,59981,63903,16028,8317,7711,38151,19165,18986,334,166,168,87952,48122,39830,35932,11859,24073,52536,27871,24665,33380,19095,14285,19184,7359,11825,611,402,209,738,543,195,12847,10791,2056,19156,8776,10380,12859,4274,8585,1618,904,714,486,219,267,4193,3379,814,15006,6881,8125,9907,3252,6655,1404,800,604,378,175,203,3317,2654,663,4150,1895,2255,2952,1022,1930,214,104,110,108,44,64,876,725,151,71348,32110,39238
5,64,330,0,0,0,SUB-DISTRICT,Almora,Urban,9940,40679,20932,19747,3600,1921,1679,6435,3258,3177,461,233,228,34873,18409,16464,5806,2523,3283,12219,9686,2533,11366,9141,2225,40,37,3,32,20,12,107,92,15,11187,8992,2195,853,545,308,16,9,7,7,6,1,65,13,52,765,517,248,682,403,279,9,6,3,5,4,1,58,7,51,610,386,224,171,142,29,7,3,4,2,2,0,7,6,1,155,131,24,28460,11246,17214
5,64,330,53250,0,0,TOWN,Khatyari (CT),Urban,1209,5166,2626,2540,519,267,252,692,352,340,110,61,49,4261,2288,1973,905,338,567,1395,1069,326,1237,987,250,28,25,3,0,0,0,14,12,2,1195,950,245,158,82,76,5,2,3,3,2,1,56,7,49,94,71,23,136,63,73,4,2,2,3,2,1,53,4,49,76,55,21,22,19,3,1,0,1,0,0,0,3,3,0,18,16,2,3771,1557,2214
5,64,330,53250,1,0,WARD,Khatyari (CT) WARD NO.-0001,Urban,1209,5166,2626,2540,519,267,252,692,352,340,110,61,49,4261,2288,1973,905,338,567,1395,1069,326,1237,987,250,28,25,3,0,0,0,14,12,2,1195,950,245,158,82,76,5,2,3,3,2,1,56,7,49,94,71,23,136,63,73,4,2,2,3,2,1,53,4,49,76,55,21,22,19,3,1,0,1,0,0,0,3,3,0,18,16,2,3771,1557,2214
5,64,330,800326,0,0,TOWN,Almora (CB),Urban,717,1391,948,443,131,65,66,154,84,70,10,6,4,1150,850,300,241,98,143,767,716,51,751,710,41,3,3,0,1,1,0,4,2,2,743,704,39,16,6,10,0,0,0,0,0,0,1,0,1,15,6,9,11,3,8,0,0,0,0,0,0,0,0,0,11,3,8,5,3,2,0,0,0,0,0,0,1,0,1,4,3,1,624,232,392
5,64,330,800326,1,0,WARD,Almora (CB) WARD NO.-0001,Urban,639,1071,782,289,96,47,49,65,35,30,2,2,0,913,718,195,158,64,94,654,629,25,644,624,20,3,3,0,0,0,0,2,1,1,639,620,19,10,5,5,0,0,0,0,0,0,0,0,0,10,5,5,7,2,5,0,0,0,0,0,0,0,0,0,7,2,5,3,3,0,0,0,0,0,0,0,0,0,0,3,3,0,417,153,264
5,64,330,800326,2,0,WARD,Almora (CB) WARD NO.-0002,Urban,78,320,166,154,35,18,17,89,49,40,8,4,4,237,132,105,83,34,49,113,87,26,107,86,21,0,0,0,1,1,0,2,1,1,104,84,20,6,1,5,0,0,0,0,0,0,1,0,1,5,1,4,4,1,3,0,0,0,0,0,0,0,0,0,4,1,3,2,0,2,0,0,0,0,0,0,1,0,1,1,0,1,207,79,128
5,64,330,800327,0,0,TOWN,Almora (NPP),Urban,8014,34122,17358,16764,2950,1589,1361,5589,2822,2767,341,166,175,29462,15271,14191,4660,2087,2573,10057,7901,2156,9378,7444,1934,9,9,0,31,19,12,89,78,11,9249,7338,1911,679,457,222,11,7,4,4,4,0,8,6,2,656,440,216,535,337,198,5,4,1,2,2,0,5,3,2,523,328,195,144,120,24,6,3,3,2,2,0,3,3,0,133,112,21,24065,9457,14608
5,64,330,800327,1,0,WARD,Almora (NPP) WARD NO.-0001,Urban,341,1443,741,702,94,56,38,80,42,38,35,18,17,1304,681,623,139,60,79,469,358,111,440,340,100,0,0,0,0,0,0,16,16,0,424,324,100,29,18,11,1,1,0,0,0,0,1,1,0,27,16,11,28,17,11,1,1,0,0,0,0,1,1,0,26,15,11,1,1,0,0,0,0,0,0,0,0,0,0,1,1,0,974,383,591
5,64,330,800327,2,0,WARD,Almora (NPP) WARD NO.-0002,Urban,506,2259,1127,1132,191,97,94,101,48,53,10,2,8,2001,1012,989,258,115,143,769,592,177,687,547,140,0,0,0,1,1,0,19,11,8,667,535,132,82,45,37,0,0,0,0,0,0,0,0,0,82,45,37,80,43,37,0,0,0,0,0,0,0,0,0,80,43,37,2,2,0,0,0,0,0,0,0,0,0,0,2,2,0,1490,535,955
5,64,330,800327,3,0,WARD,Almora (NPP) WARD NO.-0003,Urban,829,3469,1764,1705,275,139,136,123,63,60,27,17,10,3042,1574,1468,427,190,237,1032,796,236,999,778,221,2,2,0,3,2,1,6,5,1,988,769,219,33,18,15,0,0,0,0,0,0,0,0,0,33,18,15,33,18,15,0,0,0,0,0,0,0,0,0,33,18,15,0,0,0,0,0,0,0,0,0,0,0,0,0,0,0,2437,968,1469
5,64,330,800327,4,0,WARD,Almora (NPP) WARD NO.-0004,Urban,955,3472,1838,1634,276,137,139,659,310,349,107,45,62,3027,1645,1382,445,193,252,1206,915,291,1088,858,230,4,4,0,5,2,3,7,7,0,1072,845,227,118,57,61,0,0,0,0,0,0,1,0,1,117,57,60,117,56,61,0,0,0,0,0,0,1,0,1,116,56,60,1,1,0,0,0,0,0,0,0,0,0,0,1,1,0,2266,923,1343
5,64,330,800327,5,0,WARD,Almora (NPP) WARD NO.-0005,Urban,592,2459,1160,1299,180,90,90,87,35,52,21,9,12,2197,1046,1151,262,114,148,697,534,163,689,530,159,0,0,0,0,0,0,1,1,0,688,529,159,8,4,4,0,0,0,1,1,0,0,0,0,7,3,4,8,4,4,0,0,0,1,1,0,0,0,0,7,3,4,0,0,0,0,0,0,0,0,0,0,0,0,0,0,0,1762,626,1136
5,64,330,800327,6,0,WARD,Almora (NPP) WARD NO.-0006,Urban,825,3307,1673,1634,291,156,135,43,28,15,10,5,5,2887,1483,1404,420,190,230,964,734,230,874,676,198,2,2,0,4,4,0,15,14,1,853,656,197,90,58,32,6,3,3,3,3,0,2,2,0,79,50,29,62,36,26,0,0,0,1,1,0,0,0,0,61,35,26,28,22,6,6,3,3,2,2,0,2,2,0,18,15,3,2343,939,1404
5,64,330,800327,7,0,WARD,Almora (NPP) WARD NO.-0007,Urban,690,2949,1485,1464,302,164,138,597,313,284,25,14,11,2549,1300,1249,400,185,215,857,661,196,831,636,195,0,0,0,2,1,1,0,0,0,829,635,194,26,25,1,1,1,0,0,0,0,0,0,0,25,24,1,25,24,1,1,1,0,0,0,0,0,0,0,24,23,1,1,1,0,0,0,0,0,0,0,0,0,0,1,1,0,2092,824,1268
5,64,330,800327,8,0,WARD,Almora (NPP) WARD NO.-0008,Urban,1088,4619,2374,2245,406,235,171,244,117,127,27,16,11,4004,2107,1897,615,267,348,1187,948,239,1160,933,227,0,0,0,1,1,0,13,13,0,1146,919,227,27,15,12,0,0,0,0,0,0,2,1,1,25,14,11,27,15,12,0,0,0,0,0,0,2,1,1,25,14,11,0,0,0,0,0,0,0,0,0,0,0,0,0,0,0,3432,1426,2006
5,64,330,800327,9,0,WARD,Almora (NPP) WARD NO.-0009,Urban,514,2402,1128,1274,198,114,84,362,181,181,55,26,29,2098,989,1109,304,139,165,627,483,144,594,460,134,0,0,0,0,0,0,5,4,1,589,456,133,33,23,10,1,1,0,0,0,0,0,0,0,32,22,10,31,23,8,1,1,0,0,0,0,0,0,0,30,22,8,2,0,2,0,0,0,0,0,0,0,0,0,2,0,2,1775,645,1130
5,64,330,800327,10,0,WARD,Almora (NPP) WARD NO.-0010,Urban,812,3904,2054,1850,382,211,171,2625,1313,1312,3,1,2,3112,1693,1419,792,361,431,1133,961,172,923,783,140,1,1,0,15,8,7,2,2,0,905,772,133,210,178,32,1,0,1,0,0,0,1,1,0,208,177,31,105,87,18,1,0,1,0,0,0,0,0,0,104,87,17,105,91,14,0,0,0,0,0,0,1,1,0,104,90,14,2771,1093,1678
5,64,330,800327,11,0,WARD,Almora (NPP) WARD NO.-0011,Urban,862,3839,2014,1825,355,190,165,668,372,296,21,13,8,3241,1741,1500,598,273,325,1116,919,197,1093,903,190,0,0,0,0,0,0,5,5,0,1088,898,190,23,16,7,1,1,0,0,0,0,1,1,0,21,14,7,19,14,5,1,1,0,0,0,0,1,1,0,17,12,5,4,2,2,0,0,0,0,0,0,0,0,0,4,2,2,2723,1095,1628
5,64,331,0,0,0,SUB-DISTRICT,Someshwar,Total,9697,40282,18214,22068,5324,2762,2562,12720,5931,6789,82,38,44,27569,14380,13189,12713,3834,8879,19130,8114,11016,9495,4777,4718,5418,1570,3848,634,339,295,108,89,19,3335,2779,556,9635,3337,6298,6992,1837,5155,1576,687,889,55,35,20,1012,778,234,7757,2650,5107,5519,1343,4176,1332,601,731,46,31,15,860,675,185,1878,687,1191,1473,494,979,244,86,158,9,4,5,152,103,49,21152,10100,11052
5,64,331,0,0,0,SUB-DISTRICT,Someshwar,Rural,9697,40282,18214,22068,5324,2762,2562,12720,5931,6789,82,38,44,27569,14380,13189,12713,3834,8879,19130,8114,11016,9495,4777,4718,5418,1570,3848,634,339,295,108,89,19,3335,2779,556,9635,3337,6298,6992,1837,5155,1576,687,889,55,35,20,1012,778,234,7757,2650,5107,5519,1343,4176,1332,601,731,46,31,15,860,675,185,1878,687,1191,1473,494,979,244,86,158,9,4,5,152,103,49,21152,10100,11052
5,64,331,0,0,0,SUB-DISTRICT,Someshwar,Urban,0,0,0,0,0,0,0,0,0,0,0,0,0,0,0,0,0,0,0,0,0,0,0,0,0,0,0,0,0,0,0,0,0,0,0,0,0,0,0,0,0,0,0,0,0,0,0,0,0,0,0,0,0,0,0,0,0,0,0,0,0,0,0,0,0,0,0,0,0,0,0,0,0,0,0,0,0,0,0,0,0,0,0,0,0
5,64,332,0,0,0,SUB-DISTRICT,Jainti,Total,6349,30981,14809,16172,4761,2444,2317,7583,3767,3816,46,25,21,19708,11182,8526,11273,3627,7646,16513,7600,8913,12055,5289,6766,10300,3896,6404,291,213,78,100,83,17,1364,1097,267,4458,2311,2147,3514,1601,1913,115,55,60,67,46,21,762,609,153,3042,1560,1482,2349,1049,1300,94,40,54,46,37,9,553,434,119,1416,751,665,1165,552,613,21,15,6,21,9,12,209,175,34,14468,7209,7259
5,64,332,0,0,0,SUB-DISTRICT,Jainti,Rural,6349,30981,14809,16172,4761,2444,2317,7583,3767,3816,46,25,21,19708,11182,8526,11273,3627,7646,16513,7600,8913,12055,5289,6766,10300,3896,6404,291,213,78,100,83,17,1364,1097,267,4458,2311,2147,3514,1601,1913,115,55,60,67,46,21,762,609,153,3042,1560,1482,2349,1049,1300,94,40,54,46,37,9,553,434,119,1416,751,665,1165,552,613,21,15,6,21,9,12,209,175,34,14468,7209,7259
5,64,332,0,0,0,SUB-DISTRICT,Jainti,Urban,0,0,0,0,0,0,0,0,0,0,0,0,0,0,0,0,0,0,0,0,0,0,0,0,0,0,0,0,0,0,0,0,0,0,0,0,0,0,0,0,0,0,0,0,0,0,0,0,0,0,0,0,0,0,0,0,0,0,0,0,0,0,0,0,0,0,0,0,0,0,0,0,0,0,0,0,0,0,0,0,0,0,0,0,0
5,64,333,0,0,0,SUB-DISTRICT,Bhanoli,Total,12167,57824,26948,30876,8840,4556,4284,15408,7407,8001,23,13,10,35558,19553,16005,22266,7395,14871,29714,13234,16480,19821,9252,10569,16430,6599,9831,254,128,126,172,140,32,2965,2385,580,9893,3982,5911,8775,3196,5579,229,126,103,57,44,13,832,616,216,7223,2781,4442,6380,2192,4188,190,101,89,45,40,5,608,448,160,2670,1201,1469,2395,1004,1391,39,25,14,12,4,8,224,168,56,28110,13714,14396
5,64,333,0,0,0,SUB-DISTRICT,Bhanoli,Rural,12167,57824,26948,30876,8840,4556,4284,15408,7407,8001,23,13,10,35558,19553,16005,22266,7395,14871,29714,13234,16480,19821,9252,10569,16430,6599,9831,254,128,126,172,140,32,2965,2385,580,9893,3982,5911,8775,3196,5579,229,126,103,57,44,13,832,616,216,7223,2781,4442,6380,2192,4188,190,101,89,45,40,5,608,448,160,2670,1201,1469,2395,1004,1391,39,25,14,12,4,8,224,168,56,28110,13714,14396
5,64,333,0,0,0,SUB-DISTRICT,Bhanoli,Urban,0,0,0,0,0,0,0,0,0,0,0,0,0,0,0,0,0,0,0,0,0,0,0,0,0,0,0,0,0,0,0,0,0,0,0,0,0,0,0,0,0,0,0,0,0,0,0,0,0,0,0,0,0,0,0,0,0,0,0,0,0,0,0,0,0,0,0,0,0,0,0,0,0,0,0,0,0,0,0,0,0,0,0,0,0
5,65,0,0,0,0,DISTRICT,Champawat,Total,53953,259648,131125,128523,37028,19766,17262,47383,24188,23195,1339,777,562,177726,102015,75711,81922,29110,52812,99566,60427,39139,62698,43252,19446,31971,17841,14130,1980,1433,547,911,730,181,27836,23248,4588,36868,17175,19693,28022,11586,16436,2052,1042,1010,659,332,327,6135,4215,1920,27521,13081,14440,20508,8461,12047,1536,864,672,550,268,282,4927,3488,1439,9347,4094,5253,7514,3125,4389,516,178,338,109,64,45,1208,727,481,160082,70698,89384
5,65,0,0,0,0,DISTRICT,Champawat,Rural,45741,221305,110842,110463,32342,17198,15144,41725,21262,20463,1084,640,444,149910,86379,63531,71395,24463,46932,88092,50601,37491,52275,34254,18021,31300,17482,13818,1763,1256,507,714,547,167,18498,14969,3529,35817,16347,19470,27994,11572,16422,1989,992,997,564,252,312,5270,3531,1739,26610,12352,14258,20481,8447,12034,1491,829,662,464,196,268,4174,2880,1294,9207,3995,5212,7513,3125,4388,498,163,335,100,56,44,1096,651,445,133213,60241,72972
5,65,0,0,0,0,DISTRICT,Champawat,Urban,8212,38343,20283,18060,4686,2568,2118,5658,2926,2732,255,137,118,27816,15636,12180,10527,4647,5880,11474,9826,1648,10423,8998,1425,671,359,312,217,177,40,197,183,14,9338,8279,1059,1051,828,223,28,14,14,63,50,13,95,80,15,865,684,181,911,729,182,27,14,13,45,35,10,86,72,14,753,608,145,140,99,41,1,0,1,18,15,3,9,8,1,112,76,36,26869,10457,16412
5,65,334,0,0,0,SUB-DISTRICT,Champawat,Total,11902,54524,27767,26757,8133,4387,3746,7786,4003,3783,264,196,68,36571,21517,15054,17953,6250,11703,21900,12735,9165,14895,9645,5250,8413,4527,3886,431,252,179,134,109,25,5917,4757,1160,7005,3090,3915,5256,2115,3141,622,265,357,58,35,23,1069,675,394,5316,2263,3053,3938,1414,2524,428,231,197,46,28,18,904,590,314,1689,827,862,1318,701,617,194,34,160,12,7,5,165,85,80,32624,15032,17592
5,65,334,0,0,0,SUB-DISTRICT,Champawat,Rural,10730,49723,25224,24499,7579,4070,3509,6893,3533,3360,219,172,47,32677,19382,13295,17046,5842,11204,20544,11632,8912,13603,8587,5016,8331,4476,3855,424,248,176,94,72,22,4754,3791,963,6941,3045,3896,5247,2109,3138,610,255,355,55,34,21,1029,647,382,5258,2222,3036,3930,1408,2522,420,225,195,43,27,16,865,562,303,1683,823,860,1317,701,616,190,30,160,12,7,5,164,85,79,29179,13592,15587
5,65,334,0,0,0,SUB-DISTRICT,Champawat,Urban,1172,4801,2543,2258,554,317,237,893,470,423,45,24,21,3894,2135,1759,907,408,499,1356,1103,253,1292,1058,234,82,51,31,7,4,3,40,37,3,1163,966,197,64,45,19,9,6,3,12,10,2,3,1,2,40,28,12,58,41,17,8,6,2,8,6,2,3,1,2,39,28,11,6,4,2,1,0,1,4,4,0,0,0,0,1,0,1,3445,1440,2005
5,65,334,800328,0,0,TOWN,Champawat (NP),Urban,1172,4801,2543,2258,554,317,237,893,470,423,45,24,21,3894,2135,1759,907,408,499,1356,1103,253,1292,1058,234,82,51,31,7,4,3,40,37,3,1163,966,197,64,45,19,9,6,3,12,10,2,3,1,2,40,28,12,58,41,17,8,6,2,8,6,2,3,1,2,39,28,11,6,4,2,1,0,1,4,4,0,0,0,0,1,0,1,3445,1440,2005
5,65,334,800328,1,0,WARD,Champawat (NP) WARD NO.-0001,Urban,239,1084,565,519,129,79,50,453,234,219,5,3,2,828,456,372,256,109,147,172,147,25,157,134,23,0,0,0,1,1,0,0,0,0,156,133,23,15,13,2,1,1,0,7,6,1,1,1,0,6,5,1,15,13,2,1,1,0,7,6,1,1,1,0,6,5,1,0,0,0,0,0,0,0,0,0,0,0,0,0,0,0,912,418,494
5,65,334,800328,2,0,WARD,Champawat (NP) WARD NO.-0002,Urban,216,876,447,429,97,51,46,107,52,55,1,1,0,747,393,354,129,54,75,265,218,47,240,198,42,4,4,0,1,0,1,9,9,0,226,185,41,25,20,5,5,5,0,1,0,1,0,0,0,19,15,4,25,20,5,5,5,0,1,0,1,0,0,0,19,15,4,0,0,0,0,0,0,0,0,0,0,0,0,0,0,0,611,229,382
5,65,334,800328,3,0,WARD,Champawat (NP) WARD NO.-0003,Urban,206,840,452,388,89,52,37,171,98,73,13,5,8,684,386,298,156,66,90,291,225,66,290,225,65,61,31,30,1,1,0,4,4,0,224,189,35,1,0,1,0,0,0,0,0,0,0,0,0,1,0,1,0,0,0,0,0,0,0,0,0,0,0,0,0,0,0,1,0,1,0,0,0,0,0,0,0,0,0,1,0,1,549,227,322
5,65,334,800328,4,0,WARD,Champawat (NP) WARD NO.-0004,Urban,511,2001,1079,922,239,135,104,162,86,76,26,15,11,1635,900,735,366,179,187,628,513,115,605,501,104,17,16,1,4,2,2,27,24,3,557,459,98,23,12,11,3,0,3,4,4,0,2,0,2,14,8,6,18,8,10,2,0,2,0,0,0,2,0,2,14,8,6,5,4,1,1,0,1,4,4,0,0,0,0,0,0,0,1373,566,807
5,65,335,0,0,0,SUB-DISTRICT,Pati,Total,8467,45504,23038,22466,7022,3607,3415,8058,4239,3819,5,0,5,31092,18254,12838,14412,4784,9628,18335,10443,7892,11078,6925,4153,8054,4594,3460,214,157,57,121,102,19,2689,2072,617,7257,3518,3739,6414,2981,3433,247,131,116,107,42,65,489,364,125,5262,2786,2476,4536,2308,2228,188,110,78,103,40,63,435,328,107,1995,732,1263,1878,673,1205,59,21,38,4,2,2,54,36,18,27169,12595,14574
5,65,335,0,0,0,SUB-DISTRICT,Pati,Rural,8467,45504,23038,22466,7022,3607,3415,8058,4239,3819,5,0,5,31092,18254,12838,14412,4784,9628,18335,10443,7892,11078,6925,4153,8054,4594,3460,214,157,57,121,102,19,2689,2072,617,7257,3518,3739,6414,2981,3433,247,131,116,107,42,65,489,364,125,5262,2786,2476,4536,2308,2228,188,110,78,103,40,63,435,328,107,1995,732,1263,1878,673,1205,59,21,38,4,2,2,54,36,18,27169,12595,14574
5,65,335,0,0,0,SUB-DISTRICT,Pati,Urban,0,0,0,0,0,0,0,0,0,0,0,0,0,0,0,0,0,0,0,0,0,0,0,0,0,0,0,0,0,0,0,0,0,0,0,0,0,0,0,0,0,0,0,0,0,0,0,0,0,0,0,0,0,0,0,0,0,0,0,0,0,0,0,0,0,0,0,0,0,0,0,0,0,0,0,0,0,0,0,0,0,0,0,0,0
5,65,336,0,0,0,SUB-DISTRICT,Lohaghat,Total,18449,86477,42501,43976,12361,6639,5722,17786,8922,8864,127,65,62,58706,33259,25447,27771,9242,18529,34918,18792,16126,17492,11239,6253,10675,5822,4853,309,239,70,285,230,55,6223,4948,1275,17426,7553,9873,14778,5714,9064,625,314,311,320,170,150,1703,1355,348,13273,5852,7421,11124,4312,6812,448,247,201,261,138,123,1440,1155,285,4153,1701,2452,3654,1402,2252,177,67,110,59,32,27,263,200,63,51559,23709,27850
5,65,336,0,0,0,SUB-DISTRICT,Lohaghat,Rural,16603,78551,38240,40311,11440,6095,5345,16681,8364,8317,61,29,32,52240,29692,22548,26311,8548,17763,32827,17008,15819,15636,9653,5983,10664,5813,4851,305,235,70,216,163,53,4451,3442,1009,17191,7355,9836,14768,5711,9057,616,306,310,255,105,150,1552,1233,319,13060,5672,7388,11114,4309,6805,441,241,200,203,80,123,1302,1042,260,4131,1683,2448,3654,1402,2252,175,65,110,52,25,27,250,191,59,45724,21232,24492
5,65,336,0,0,0,SUB-DISTRICT,Lohaghat,Urban,1846,7926,4261,3665,921,544,377,1105,558,547,66,36,30,6466,3567,2899,1460,694,766,2091,1784,307,1856,1586,270,11,9,2,4,4,0,69,67,2,1772,1506,266,235,198,37,10,3,7,9,8,1,65,65,0,151,122,29,213,180,33,10,3,7,7,6,1,58,58,0,138,113,25,22,18,4,0,0,0,2,2,0,7,7,0,13,9,4,5835,2477,3358
5,65,336,800329,0,0,TOWN,Lohaghat (NP),Urban,1846,7926,4261,3665,921,544,377,1105,558,547,66,36,30,6466,3567,2899,1460,694,766,2091,1784,307,1856,1586,270,11,9,2,4,4,0,69,67,2,1772,1506,266,235,198,37,10,3,7,9,8,1,65,65,0,151,122,29,213,180,33,10,3,7,7,6,1,58,58,0,138,113,25,22,18,4,0,0,0,2,2,0,7,7,0,13,9,4,5835,2477,3358
5,65,336,800329,1,0,WARD,Lohaghat (NP) WARD NO.-0001,Urban,417,1856,991,865,256,134,122,549,265,284,34,20,14,1426,805,621,430,186,244,481,420,61,373,315,58,1,1,0,1,1,0,15,15,0,356,298,58,108,105,3,1,1,0,3,2,1,58,58,0,46,44,2,106,103,3,1,1,0,3,2,1,57,57,0,45,43,2,2,2,0,0,0,0,0,0,0,1,1,0,1,1,0,1375,571,804
5,65,336,800329,2,0,WARD,Lohaghat (NP) WARD NO.-0002,Urban,339,1411,772,639,150,96,54,108,52,56,12,7,5,1192,654,538,219,118,101,429,342,87,393,322,71,5,4,1,0,0,0,9,9,0,379,309,70,36,20,16,1,0,1,1,1,0,1,1,0,33,18,15,31,17,14,1,0,1,1,1,0,0,0,0,29,16,13,5,3,2,0,0,0,0,0,0,1,1,0,4,2,2,982,430,552
5,65,336,800329,3,0,WARD,Lohaghat (NP) WARD NO.-0003,Urban,143,694,391,303,80,49,31,33,20,13,2,1,1,561,328,233,133,63,70,207,176,31,196,165,31,0,0,0,0,0,0,5,4,1,191,161,30,11,11,0,1,1,0,0,0,0,0,0,0,10,10,0,11,11,0,1,1,0,0,0,0,0,0,0,10,10,0,0,0,0,0,0,0,0,0,0,0,0,0,0,0,0,487,215,272
5,65,336,800329,4,0,WARD,Lohaghat (NP) WARD NO.-0004,Urban,134,568,331,237,56,34,22,48,27,21,0,0,0,452,270,182,116,61,55,167,157,10,133,125,8,1,1,0,2,2,0,25,24,1,105,98,7,34,32,2,0,0,0,2,2,0,5,5,0,27,25,2,22,21,1,0,0,0,0,0,0,0,0,0,22,21,1,12,11,1,0,0,0,2,2,0,5,5,0,5,4,1,401,174,227
5,65,336,800329,5,0,WARD,Lohaghat (NP) WARD NO.-0005,Urban,277,1170,602,568,121,65,56,76,43,33,4,1,3,996,527,469,174,75,99,273,221,52,267,217,50,2,2,0,1,1,0,11,11,0,253,203,50,6,4,2,0,0,0,0,0,0,1,1,0,5,3,2,3,2,1,0,0,0,0,0,0,1,1,0,2,1,1,3,2,1,0,0,0,0,0,0,0,0,0,3,2,1,897,381,516
5,65,336,800329,6,0,WARD,Lohaghat (NP) WARD NO.-0006,Urban,204,870,444,426,101,60,41,160,78,82,6,3,3,714,376,338,156,68,88,202,169,33,175,149,26,1,1,0,0,0,0,1,1,0,173,147,26,27,20,7,4,0,4,3,3,0,0,0,0,20,17,3,27,20,7,4,0,4,3,3,0,0,0,0,20,17,3,0,0,0,0,0,0,0,0,0,0,0,0,0,0,0,668,275,393
5,65,336,800329,7,0,WARD,Lohaghat (NP) WARD NO.-0007,Urban,332,1357,730,627,157,106,51,131,73,58,8,4,4,1125,607,518,232,123,109,332,299,33,319,293,26,1,0,1,0,0,0,3,3,0,315,290,25,13,6,7,3,1,2,0,0,0,0,0,0,10,5,5,13,6,7,3,1,2,0,0,0,0,0,0,10,5,5,0,0,0,0,0,0,0,0,0,0,0,0,0,0,0,1025,431,594
5,65,337,0,0,0,SUB-DISTRICT,Poornagiri,Total,15135,73143,37819,35324,9512,5133,4379,13753,7024,6729,943,516,427,51357,28985,22372,21786,8834,12952,24413,18457,5956,19233,15443,3790,4829,2898,1931,1026,785,241,371,289,82,13007,11471,1536,5180,3014,2166,1574,776,798,558,332,226,174,85,89,2874,1821,1053,3670,2180,1490,910,427,483,472,276,196,140,62,78,2148,1415,733,1510,834,676,664,349,315,86,56,30,34,23,11,726,406,320,48730,19362,29368
5,65,337,0,0,0,SUB-DISTRICT,Poornagiri,Rural,9941,47527,24340,23187,6301,3426,2875,10093,5126,4967,799,439,360,33901,19051,14850,13626,5289,8337,16386,11518,4868,11958,9089,2869,4251,2599,1652,820,616,204,283,210,73,6604,5664,940,4428,2429,1999,1565,771,794,516,300,216,147,71,76,2200,1287,913,3030,1672,1358,901,422,479,442,253,189,115,49,66,1572,948,624,1398,757,641,664,349,315,74,47,27,32,22,10,628,339,289,31141,12822,18319
5,65,337,0,0,0,SUB-DISTRICT,Poornagiri,Urban,5194,25616,13479,12137,3211,1707,1504,3660,1898,1762,144,77,67,17456,9934,7522,8160,3545,4615,8027,6939,1088,7275,6354,921,578,299,279,206,169,37,88,79,9,6403,5807,596,752,585,167,9,5,4,42,32,10,27,14,13,674,534,140,640,508,132,9,5,4,30,23,7,25,13,12,576,467,109,112,77,35,0,0,0,12,9,3,2,1,1,98,67,31,17589,6540,11049
5,65,337,54471,0,0,TOWN,Banbasa (CT),Urban,1665,7990,4234,3756,976,523,453,1441,766,675,82,41,41,5414,3158,2256,2576,1076,1500,2784,2234,550,2641,2131,510,565,288,277,177,147,30,22,16,6,1877,1680,197,143,103,40,7,3,4,13,4,9,15,8,7,108,88,20,121,87,34,7,3,4,11,4,7,14,7,7,89,73,16,22,16,6,0,0,0,2,0,2,1,1,0,19,15,4,5206,2000,3206
5,65,337,54471,1,0,WARD,Banbasa (CT) WARD NO.-0001,Urban,1665,7990,4234,3756,976,523,453,1441,766,675,82,41,41,5414,3158,2256,2576,1076,1500,2784,2234,550,2641,2131,510,565,288,277,177,147,30,22,16,6,1877,1680,197,143,103,40,7,3,4,13,4,9,15,8,7,108,88,20,121,87,34,7,3,4,11,4,7,14,7,7,89,73,16,22,16,6,0,0,0,2,0,2,1,1,0,19,15,4,5206,2000,3206
5,65,337,800330,0,0,TOWN,Tanakpur (NPP),Urban,3529,17626,9245,8381,2235,1184,1051,2219,1132,1087,62,36,26,12042,6776,5266,5584,2469,3115,5243,4705,538,4634,4223,411,13,11,2,29,22,7,66,63,3,4526,4127,399,609,482,127,2,2,0,29,28,1,12,6,6,566,446,120,519,421,98,2,2,0,19,19,0,11,6,5,487,394,93,90,61,29,0,0,0,10,9,1,1,0,1,79,52,27,12383,4540,7843
5,65,337,800330,1,0,WARD,Tanakpur (NPP) WARD NO.-0001,Urban,419,2053,1022,1031,276,146,130,259,113,146,3,2,1,1310,681,629,743,341,402,612,549,63,465,427,38,1,1,0,0,0,0,13,12,1,451,414,37,147,122,25,0,0,0,0,0,0,0,0,0,147,122,25,112,94,18,0,0,0,0,0,0,0,0,0,112,94,18,35,28,7,0,0,0,0,0,0,0,0,0,35,28,7,1441,473,968
5,65,337,800330,2,0,WARD,Tanakpur (NPP) WARD NO.-0002,Urban,293,1475,788,687,135,79,56,31,17,14,7,4,3,1215,665,550,260,123,137,473,412,61,461,406,55,7,6,1,0,0,0,8,8,0,446,392,54,12,6,6,0,0,0,0,0,0,5,2,3,7,4,3,11,5,6,0,0,0,0,0,0,5,2,3,6,3,3,1,1,0,0,0,0,0,0,0,0,0,0,1,1,0,1002,376,626
5,65,337,800330,3,0,WARD,Tanakpur (NPP) WARD NO.-0003,Urban,520,2550,1357,1193,360,178,182,347,178,169,1,1,0,1595,955,640,955,402,553,801,728,73,755,694,61,3,3,0,10,8,2,2,2,0,740,681,59,46,34,12,1,1,0,0,0,0,0,0,0,45,33,12,46,34,12,1,1,0,0,0,0,0,0,0,45,33,12,0,0,0,0,0,0,0,0,0,0,0,0,0,0,0,1749,629,1120
5,65,337,800330,4,0,WARD,Tanakpur (NPP) WARD NO.-0004,Urban,421,2287,1216,1071,374,196,178,200,105,95,7,3,4,1178,697,481,1109,519,590,585,548,37,453,430,23,0,0,0,13,11,2,15,15,0,425,404,21,132,118,14,0,0,0,7,6,1,5,4,1,120,108,12,115,106,9,0,0,0,4,4,0,4,4,0,107,98,9,17,12,5,0,0,0,3,2,1,1,0,1,13,10,3,1702,668,1034
5,65,337,800330,5,0,WARD,Tanakpur (NPP) WARD NO.-0005,Urban,524,2531,1330,1201,325,174,151,370,197,173,2,2,0,1718,982,736,813,348,465,713,659,54,658,608,50,0,0,0,2,1,1,13,11,2,643,596,47,55,51,4,1,1,0,7,7,0,1,0,1,46,43,3,50,46,4,1,1,0,5,5,0,1,0,1,43,40,3,5,5,0,0,0,0,2,2,0,0,0,0,3,3,0,1818,671,1147
5,65,337,800330,6,0,WARD,Tanakpur (NPP) WARD NO.-0006,Urban,366,1657,844,813,173,91,82,468,235,233,9,6,3,1249,686,563,408,158,250,509,418,91,439,382,57,1,1,0,2,2,0,3,3,0,433,376,57,70,36,34,0,0,0,1,1,0,0,0,0,69,35,34,69,36,33,0,0,0,1,1,0,0,0,0,68,35,33,1,0,1,0,0,0,0,0,0,0,0,0,1,0,1,1148,426,722
5,65,337,800330,7,0,WARD,Tanakpur (NPP) WARD NO.-0007,Urban,366,1936,1025,911,255,141,114,285,146,139,33,18,15,1429,790,639,507,235,272,584,524,60,543,495,48,1,0,1,0,0,0,5,5,0,537,490,47,41,29,12,0,0,0,0,0,0,0,0,0,41,29,12,29,26,3,0,0,0,0,0,0,0,0,0,29,26,3,12,3,9,0,0,0,0,0,0,0,0,0,12,3,9,1352,501,851
5,65,337,800330,8,0,WARD,Tanakpur (NPP) WARD NO.-0008,Urban,318,1651,881,770,161,93,68,79,43,36,0,0,0,1370,763,607,281,118,163,532,496,36,510,477,33,0,0,0,0,0,0,4,4,0,506,473,33,22,19,3,0,0,0,2,2,0,1,0,1,19,17,2,21,18,3,0,0,0,2,2,0,1,0,1,18,16,2,1,1,0,0,0,0,0,0,0,0,0,0,1,1,0,1119,385,734
5,65,337,800330,9,0,WARD,Tanakpur (NPP) WARD NO.-0009,Urban,302,1486,782,704,176,86,90,180,98,82,0,0,0,978,557,421,508,225,283,434,371,63,350,304,46,0,0,0,2,0,2,3,3,0,345,301,44,84,67,17,0,0,0,12,12,0,0,0,0,72,55,17,66,56,10,0,0,0,7,7,0,0,0,0,59,49,10,18,11,7,0,0,0,5,5,0,0,0,0,13,6,7,1052,411,641
5,66,0,0,0,0,DISTRICT,Nainital,Total,191383,954605,493666,460939,124272,65337,58935,191206,98824,92382,7495,3801,3694,696500,385779,310721,258105,107887,150218,376181,256935,119246,296424,217381,79043,101221,57569,43652,19618,13318,6300,6873,4858,2015,168712,141636,27076,79757,39554,40203,36309,12639,23670,15124,8144,6980,2894,1137,1757,25430,17634,7796,58805,29518,29287,23435,7503,15932,11772,6330,5442,2102,794,1308,21496,14891,6605,20952,10036,10916,12874,5136,7738,3352,1814,1538,792,343,449,3934,2743,1191,578424,236731,341693
5,66,0,0,0,0,DISTRICT,Nainital,Rural,114954,582871,299257,283614,79212,41526,37686,137906,71137,66769,5780,2934,2846,417970,234254,183716,164901,65003,99898,258651,157816,100835,191475,127397,64078,99717,56486,43231,18536,12535,6001,4181,2564,1617,69041,55812,13229,67176,30419,36757,35633,12382,23251,14375,7600,6775,2349,846,1503,14819,9591,5228,47830,21525,26305,22871,7257,15614,11126,5856,5270,1658,545,1113,12175,7867,4308,19346,8894,10452,12762,5125,7637,3249,1744,1505,691,301,390,2644,1724,920,324220,141441,182779
5,66,0,0,0,0,DISTRICT,Nainital,Urban,76429,371734,194409,177325,45060,23811,21249,53300,27687,25613,1715,867,848,278530,151525,127005,93204,42884,50320,117530,99119,18411,104949,89984,14965,1504,1083,421,1082,783,299,2692,2294,398,99671,85824,13847,12581,9135,3446,676,257,419,749,544,205,545,291,254,10611,8043,2568,10975,7993,2982,564,246,318,646,474,172,444,249,195,9321,7024,2297,1606,1142,464,112,11,101,103,70,33,101,42,59,1290,1019,271,254204,95290,158914
5,66,338,0,0,0,SUB-DISTRICT,Kosya Kutauli,Total,6480,31557,15657,15900,4081,2086,1995,10016,5064,4952,62,30,32,23461,12818,10643,8096,2839,5257,16124,8240,7884,12556,6672,5884,9063,4105,4958,398,245,153,183,65,118,2912,2257,655,3568,1568,2000,2591,1113,1478,316,156,160,46,20,26,615,279,336,2775,1206,1569,1978,854,1124,229,107,122,32,15,17,536,230,306,793,362,431,613,259,354,87,49,38,14,5,9,79,49,30,15433,7417,8016
5,66,338,0,0,0,SUB-DISTRICT,Kosya Kutauli,Rural,6480,31557,15657,15900,4081,2086,1995,10016,5064,4952,62,30,32,23461,12818,10643,8096,2839,5257,16124,8240,7884,12556,6672,5884,9063,4105,4958,398,245,153,183,65,118,2912,2257,655,3568,1568,2000,2591,1113,1478,316,156,160,46,20,26,615,279,336,2775,1206,1569,1978,854,1124,229,107,122,32,15,17,536,230,306,793,362,431,613,259,354,87,49,38,14,5,9,79,49,30,15433,7417,8016
5,66,338,0,0,0,SUB-DISTRICT,Kosya Kutauli,Urban,0,0,0,0,0,0,0,0,0,0,0,0,0,0,0,0,0,0,0,0,0,0,0,0,0,0,0,0,0,0,0,0,0,0,0,0,0,0,0,0,0,0,0,0,0,0,0,0,0,0,0,0,0,0,0,0,0,0,0,0,0,0,0,0,0,0,0,0,0,0,0,0,0,0,0,0,0,0,0,0,0,0,0,0,0
5,66,339,0,0,0,SUB-DISTRICT,Betalghat,Total,4357,21265,10421,10844,3125,1614,1511,6553,3285,3268,9,8,1,14648,8221,6427,6617,2200,4417,10219,5045,5174,7320,3842,3478,5499,2509,2990,126,78,48,40,29,11,1655,1226,429,2899,1203,1696,2083,733,1350,256,137,119,39,21,18,521,312,209,2057,831,1226,1480,498,982,175,105,70,24,11,13,378,217,161,842,372,470,603,235,368,81,32,49,15,10,5,143,95,48,11046,5376,5670
5,66,339,0,0,0,SUB-DISTRICT,Betalghat,Rural,4357,21265,10421,10844,3125,1614,1511,6553,3285,3268,9,8,1,14648,8221,6427,6617,2200,4417,10219,5045,5174,7320,3842,3478,5499,2509,2990,126,78,48,40,29,11,1655,1226,429,2899,1203,1696,2083,733,1350,256,137,119,39,21,18,521,312,209,2057,831,1226,1480,498,982,175,105,70,24,11,13,378,217,161,842,372,470,603,235,368,81,32,49,15,10,5,143,95,48,11046,5376,5670
5,66,339,0,0,0,SUB-DISTRICT,Betalghat,Urban,0,0,0,0,0,0,0,0,0,0,0,0,0,0,0,0,0,0,0,0,0,0,0,0,0,0,0,0,0,0,0,0,0,0,0,0,0,0,0,0,0,0,0,0,0,0,0,0,0,0,0,0,0,0,0,0,0,0,0,0,0,0,0,0,0,0,0,0,0,0,0,0,0,0,0,0,0,0,0,0,0,0,0,0,0
5,66,340,0,0,0,SUB-DISTRICT,Nainital,Total,31590,150389,78365,72024,17539,9159,8380,41972,21764,20208,593,324,269,118484,65609,52875,31905,12756,19149,62824,41335,21489,50464,35192,15272,20255,11008,9247,1296,1004,292,800,579,221,28113,22601,5512,12360,6143,6217,5778,2040,3738,1241,772,469,738,230,508,4603,3101,1502,9196,4627,4569,3917,1324,2593,943,578,365,483,131,352,3853,2594,1259,3164,1516,1648,1861,716,1145,298,194,104,255,99,156,750,507,243,87565,37030,50535
5,66,340,0,0,0,SUB-DISTRICT,Nainital,Rural,18748,93583,48479,45104,11963,6239,5724,26435,13692,12743,202,121,81,70776,39698,31078,22807,8781,14026,43952,26522,17430,33597,21648,11949,20052,10897,9155,1262,976,286,531,358,173,11752,9417,2335,10355,4874,5481,5530,1996,3534,1206,755,451,630,182,448,2989,1941,1048,7472,3467,4005,3760,1282,2478,922,564,358,400,90,310,2390,1531,859,2883,1407,1476,1770,714,1056,284,191,93,230,92,138,599,410,189,49631,21957,27674
5,66,340,0,0,0,SUB-DISTRICT,Nainital,Urban,12842,56806,29886,26920,5576,2920,2656,15537,8072,7465,391,203,188,47708,25911,21797,9098,3975,5123,18872,14813,4059,16867,13544,3323,203,111,92,34,28,6,269,221,48,16361,13184,3177,2005,1269,736,248,44,204,35,17,18,108,48,60,1614,1160,454,1724,1160,564,157,42,115,21,14,7,83,41,42,1463,1063,400,281,109,172,91,2,89,14,3,11,25,7,18,151,97,54,37934,15073,22861
5,66,340,800331,0,0,TOWN,Nainital (NPP),Urban,9329,41377,21648,19729,3946,2079,1867,11583,6018,5565,280,139,141,34786,18804,15982,6591,2844,3747,13385,10753,2632,12129,9800,2329,42,35,7,23,19,4,173,146,27,11891,9600,2291,1256,953,303,22,13,9,3,1,2,53,33,20,1178,906,272,1168,889,279,22,13,9,3,1,2,49,30,19,1094,845,249,88,64,24,0,0,0,0,0,0,4,3,1,84,61,23,27992,10895,17097
5,66,340,800331,1,0,WARD,Nainital (NPP) WARD NO.-0001,Urban,1250,5831,3073,2758,698,342,356,2014,1033,981,107,54,53,4575,2543,2032,1256,530,726,1744,1492,252,1429,1229,200,5,4,1,3,3,0,2,1,1,1419,1221,198,315,263,52,3,2,1,2,1,1,6,5,1,304,255,49,293,251,42,3,2,1,2,1,1,5,5,0,283,243,40,22,12,10,0,0,0,0,0,0,1,0,1,21,12,9,4087,1581,2506
5,66,340,800331,2,0,WARD,Nainital (NPP) WARD NO.-0002,Urban,489,2365,1277,1088,222,117,105,813,409,404,11,7,4,2018,1130,888,347,147,200,751,618,133,624,519,105,1,1,0,1,1,0,9,7,2,613,510,103,127,99,28,0,0,0,1,0,1,4,2,2,122,97,25,112,88,24,0,0,0,1,0,1,4,2,2,107,86,21,15,11,4,0,0,0,0,0,0,0,0,0,15,11,4,1614,659,955
5,66,340,800331,3,0,WARD,Nainital (NPP) WARD NO.-0003,Urban,541,2409,1246,1163,265,145,120,1145,576,569,0,0,0,1991,1062,929,418,184,234,866,655,211,651,512,139,6,5,1,4,2,2,39,33,6,602,472,130,215,143,72,4,2,2,0,0,0,12,7,5,199,134,65,211,140,71,4,2,2,0,0,0,9,4,5,198,134,64,4,3,1,0,0,0,0,0,0,3,3,0,1,0,1,1543,591,952
5,66,340,800331,4,0,WARD,Nainital (NPP) WARD NO.-0004,Urban,556,2482,1308,1174,213,107,106,702,364,338,1,1,0,2069,1143,926,413,165,248,774,620,154,725,580,145,2,2,0,3,3,0,8,6,2,712,569,143,49,40,9,1,1,0,0,0,0,1,0,1,47,39,8,44,36,8,1,1,0,0,0,0,1,0,1,42,35,7,5,4,1,0,0,0,0,0,0,0,0,0,5,4,1,1708,688,1020
5,66,340,800331,5,0,WARD,Nainital (NPP) WARD NO.-0005,Urban,753,3172,1614,1558,279,150,129,1302,674,628,5,2,3,2667,1400,1267,505,214,291,1045,759,286,1026,743,283,2,2,0,0,0,0,1,0,1,1023,741,282,19,16,3,3,3,0,0,0,0,0,0,0,16,13,3,18,15,3,3,3,0,0,0,0,0,0,0,15,12,3,1,1,0,0,0,0,0,0,0,0,0,0,1,1,0,2127,855,1272
5,66,340,800331,6,0,WARD,Nainital (NPP) WARD NO.-0006,Urban,836,3597,1866,1731,341,176,165,844,444,400,44,20,24,3058,1638,1420,539,228,311,1152,926,226,1082,873,209,3,1,2,3,2,1,24,22,2,1052,848,204,70,53,17,0,0,0,0,0,0,0,0,0,70,53,17,57,42,15,0,0,0,0,0,0,0,0,0,57,42,15,13,11,2,0,0,0,0,0,0,0,0,0,13,11,2,2445,940,1505
5,66,340,800331,7,0,WARD,Nainital (NPP) WARD NO.-0007,Urban,761,3481,1822,1659,326,180,146,1314,703,611,9,5,4,2971,1602,1369,510,220,290,1088,866,222,989,789,200,0,0,0,1,1,0,20,12,8,968,776,192,99,77,22,0,0,0,0,0,0,2,1,1,97,76,21,89,70,19,0,0,0,0,0,0,2,1,1,87,69,18,10,7,3,0,0,0,0,0,0,0,0,0,10,7,3,2393,956,1437
5,66,340,800331,8,0,WARD,Nainital (NPP) WARD NO.-0008,Urban,771,3364,1751,1613,250,130,120,687,364,323,25,14,11,2985,1585,1400,379,166,213,1206,959,247,1174,936,238,8,7,1,2,2,0,23,23,0,1141,904,237,32,23,9,1,1,0,0,0,0,1,0,1,30,22,8,31,22,9,1,1,0,0,0,0,1,0,1,29,21,8,1,1,0,0,0,0,0,0,0,0,0,0,1,1,0,2158,792,1366
5,66,340,800331,9,0,WARD,Nainital (NPP) WARD NO.-0009,Urban,935,4027,2151,1876,395,225,170,813,435,378,10,3,7,3408,1871,1537,619,280,339,1334,1079,255,1214,985,229,1,1,0,3,2,1,15,14,1,1195,968,227,120,94,26,6,3,3,0,0,0,24,15,9,90,76,14,117,92,25,6,3,3,0,0,0,24,15,9,87,74,13,3,2,1,0,0,0,0,0,0,0,0,0,3,2,1,2693,1072,1621
5,66,340,800331,10,0,WARD,Nainital (NPP) WARD NO.-0010,Urban,792,3543,1860,1683,358,190,168,790,418,372,37,21,16,2948,1600,1348,595,260,335,1109,943,166,1039,900,139,0,0,0,1,1,0,7,6,1,1031,893,138,70,43,27,0,0,0,0,0,0,1,1,0,69,42,27,65,38,27,0,0,0,0,0,0,1,1,0,64,37,27,5,5,0,0,0,0,0,0,0,0,0,0,5,5,0,2434,917,1517
5,66,340,800331,11,0,WARD,Nainital (NPP) WARD NO.-0011,Urban,553,2479,1267,1212,217,120,97,417,214,203,5,1,4,2099,1110,989,380,157,223,894,673,221,841,641,200,1,1,0,0,0,0,9,8,1,831,632,199,53,32,21,2,0,2,0,0,0,0,0,0,51,32,19,46,26,20,2,0,2,0,0,0,0,0,0,44,26,18,7,6,1,0,0,0,0,0,0,0,0,0,7,6,1,1585,594,991
5,66,340,800331,12,0,WARD,Nainital (NPP) WARD NO.-0012,Urban,540,2317,1235,1082,198,100,98,495,256,239,12,6,6,1947,1049,898,370,186,184,665,567,98,652,557,95,8,7,1,2,2,0,9,9,0,633,539,94,13,10,3,2,1,1,0,0,0,0,0,0,11,9,2,13,10,3,2,1,1,0,0,0,0,0,0,11,9,2,0,0,0,0,0,0,0,0,0,0,0,0,0,0,0,1652,668,984
5,66,340,800331,13,0,WARD,Nainital (NPP) WARD NO.-0013,Urban,552,2310,1178,1132,184,97,87,247,128,119,14,5,9,2050,1071,979,260,107,153,757,596,161,683,536,147,5,4,1,0,0,0,7,5,2,671,527,144,74,60,14,0,0,0,0,0,0,2,2,0,72,58,14,72,59,13,0,0,0,0,0,0,2,2,0,70,57,13,2,1,1,0,0,0,0,0,0,0,0,0,2,1,1,1553,582,971
5,66,340,800332,0,0,TOWN,Nainital (CB),Urban,414,1398,777,621,110,60,50,292,153,139,0,0,0,1237,707,530,161,70,91,524,445,79,522,443,79,3,3,0,1,1,0,3,2,1,515,437,78,2,2,0,0,0,0,0,0,0,0,0,0,2,2,0,2,2,0,0,0,0,0,0,0,0,0,0,2,2,0,0,0,0,0,0,0,0,0,0,0,0,0,0,0,0,874,332,542
5,66,340,800332,1,0,WARD,Nainital (CB) WARD NO.-0001,Urban,257,730,435,295,50,27,23,204,107,97,0,0,0,650,400,250,80,35,45,299,268,31,297,266,31,2,2,0,1,1,0,2,2,0,292,261,31,2,2,0,0,0,0,0,0,0,0,0,0,2,2,0,2,2,0,0,0,0,0,0,0,0,0,0,2,2,0,0,0,0,0,0,0,0,0,0,0,0,0,0,0,0,431,167,264
5,66,340,800332,2,0,WARD,Nainital (CB) WARD NO.-0002,Urban,157,668,342,326,60,33,27,88,46,42,0,0,0,587,307,280,81,35,46,225,177,48,225,177,48,1,1,0,0,0,0,1,0,1,223,176,47,0,0,0,0,0,0,0,0,0,0,0,0,0,0,0,0,0,0,0,0,0,0,0,0,0,0,0,0,0,0,0,0,0,0,0,0,0,0,0,0,0,0,0,0,0,443,165,278
5,66,340,800333,0,0,TOWN,Bhowali (NPP),Urban,1428,6309,3304,3005,668,328,340,1673,882,791,20,11,9,5250,2871,2379,1059,433,626,2148,1673,475,1864,1492,372,14,11,3,1,1,0,28,23,5,1821,1457,364,284,181,103,22,4,18,4,4,0,13,4,9,245,169,76,231,155,76,9,4,5,4,4,0,13,4,9,205,143,62,53,26,27,13,0,13,0,0,0,0,0,0,40,26,14,4161,1631,2530
5,66,340,800333,1,0,WARD,Bhowali (NPP) WARD NO.-0001,Urban,247,1064,560,504,111,47,64,471,246,225,4,2,2,902,504,398,162,56,106,344,282,62,300,241,59,0,0,0,0,0,0,3,2,1,297,239,58,44,41,3,0,0,0,0,0,0,0,0,0,44,41,3,32,29,3,0,0,0,0,0,0,0,0,0,32,29,3,12,12,0,0,0,0,0,0,0,0,0,0,12,12,0,720,278,442
5,66,340,800333,2,0,WARD,Bhowali (NPP) WARD NO.-0002,Urban,216,985,512,473,129,64,65,401,210,191,4,2,2,756,420,336,229,92,137,303,250,53,263,222,41,0,0,0,1,1,0,3,3,0,259,218,41,40,28,12,1,0,1,1,1,0,0,0,0,38,27,11,35,26,9,1,0,1,1,1,0,0,0,0,33,25,8,5,2,3,0,0,0,0,0,0,0,0,0,5,2,3,682,262,420
5,66,340,800333,3,0,WARD,Bhowali (NPP) WARD NO.-0003,Urban,153,715,379,336,65,33,32,196,104,92,0,0,0,600,336,264,115,43,72,223,179,44,214,174,40,1,1,0,0,0,0,3,3,0,210,170,40,9,5,4,1,0,1,0,0,0,1,0,1,7,5,2,8,4,4,1,0,1,0,0,0,1,0,1,6,4,2,1,1,0,0,0,0,0,0,0,0,0,0,1,1,0,492,200,292
5,66,340,800333,4,0,WARD,Bhowali (NPP) WARD NO.-0004,Urban,272,1137,575,562,106,59,47,229,125,104,3,2,1,968,501,467,169,74,95,440,292,148,399,271,128,5,5,0,0,0,0,0,0,0,394,266,128,41,21,20,1,0,1,0,0,0,5,2,3,35,19,16,33,17,16,0,0,0,0,0,0,5,2,3,28,15,13,8,4,4,1,0,1,0,0,0,0,0,0,7,4,3,697,283,414
5,66,340,800333,5,0,WARD,Bhowali (NPP) WARD NO.-0005,Urban,217,1013,523,490,123,62,61,182,94,88,3,2,1,836,440,396,177,83,94,301,254,47,288,247,41,0,0,0,0,0,0,11,10,1,277,237,40,13,7,6,0,0,0,0,0,0,1,1,0,12,6,6,11,7,4,0,0,0,0,0,0,1,1,0,10,6,4,2,0,2,0,0,0,0,0,0,0,0,0,2,0,2,712,269,443
5,66,340,800333,6,0,WARD,Bhowali (NPP) WARD NO.-0006,Urban,212,897,480,417,86,42,44,138,72,66,4,2,2,758,419,339,139,61,78,337,283,54,290,248,42,1,1,0,0,0,0,6,3,3,283,244,39,47,35,12,2,2,0,0,0,0,1,0,1,44,33,11,44,32,12,2,2,0,0,0,0,1,0,1,41,30,11,3,3,0,0,0,0,0,0,0,0,0,0,3,3,0,560,197,363
5,66,340,800333,7,0,WARD,Bhowali (NPP) WARD NO.-0007,Urban,111,498,275,223,48,21,27,56,31,25,2,1,1,430,251,179,68,24,44,200,133,67,110,89,21,7,4,3,0,0,0,2,2,0,101,83,18,90,44,46,17,2,15,3,3,0,5,1,4,65,38,27,68,40,28,5,2,3,3,3,0,5,1,4,55,34,21,22,4,18,12,0,12,0,0,0,0,0,0,10,4,6,298,142,156
5,66,340,800334,0,0,TOWN,Bhimtal (NP),Urban,1671,7722,4157,3565,852,453,399,1989,1019,970,91,53,38,6435,3529,2906,1287,628,659,2815,1942,873,2352,1809,543,144,62,82,9,7,2,65,50,15,2134,1690,444,463,133,330,204,27,177,28,12,16,42,11,31,189,83,106,323,114,209,126,25,101,14,9,5,21,7,14,162,73,89,140,19,121,78,2,76,14,3,11,21,4,17,27,10,17,4907,2215,2692
5,66,340,800334,1,0,WARD,Bhimtal (NP) WARD NO.-0001,Urban,277,1167,596,571,138,75,63,139,71,68,6,4,2,985,508,477,182,88,94,412,274,138,319,242,77,21,5,16,5,3,2,18,16,2,275,218,57,93,32,61,26,3,23,7,6,1,20,7,13,40,16,24,57,23,34,14,2,12,6,5,1,6,4,2,31,12,19,36,9,27,12,1,11,1,1,0,14,3,11,9,4,5,755,322,433
5,66,340,800334,2,0,WARD,Bhimtal (NP) WARD NO.-0002,Urban,197,921,474,447,110,55,55,343,169,174,4,3,1,742,397,345,179,77,102,254,220,34,250,216,34,5,5,0,2,2,0,6,4,2,237,205,32,4,4,0,0,0,0,1,1,0,0,0,0,3,3,0,4,4,0,0,0,0,1,1,0,0,0,0,3,3,0,0,0,0,0,0,0,0,0,0,0,0,0,0,0,0,667,254,413
5,66,340,800334,3,0,WARD,Bhimtal (NP) WARD NO.-0003,Urban,170,671,348,323,51,28,23,194,99,95,1,0,1,576,304,272,95,44,51,258,183,75,234,172,62,10,8,2,0,0,0,7,6,1,217,158,59,24,11,13,5,0,5,0,0,0,2,0,2,17,11,6,24,11,13,5,0,5,0,0,0,2,0,2,17,11,6,0,0,0,0,0,0,0,0,0,0,0,0,0,0,0,413,165,248
5,66,340,800334,4,0,WARD,Bhimtal (NP) WARD NO.-0004,Urban,163,901,478,423,78,39,39,210,101,109,0,0,0,801,436,365,100,42,58,222,147,75,196,134,62,0,0,0,0,0,0,4,4,0,192,130,62,26,13,13,1,1,0,3,2,1,3,0,3,19,10,9,25,12,13,1,1,0,3,2,1,3,0,3,18,9,9,1,1,0,0,0,0,0,0,0,0,0,0,1,1,0,679,331,348
5,66,340,800334,5,0,WARD,Bhimtal (NP) WARD NO.-0005,Urban,274,1235,654,581,176,89,87,600,303,297,8,7,1,1006,539,467,229,115,114,613,370,243,443,324,119,100,39,61,0,0,0,1,1,0,342,284,58,170,46,124,118,19,99,0,0,0,1,1,0,51,26,25,129,44,85,83,19,64,0,0,0,1,1,0,45,24,21,41,2,39,35,0,35,0,0,0,0,0,0,6,2,4,622,284,338
5,66,340,800334,6,0,WARD,Bhimtal (NP) WARD NO.-0006,Urban,210,986,512,474,107,57,50,271,139,132,4,2,2,848,443,405,138,69,69,422,265,157,307,248,59,3,3,0,0,0,0,6,5,1,298,240,58,115,17,98,50,3,47,16,3,13,4,2,2,45,9,36,62,12,50,20,2,18,4,1,3,1,1,0,37,8,29,53,5,48,30,1,29,12,2,10,3,1,2,8,1,7,564,247,317
5,66,340,800334,7,0,WARD,Bhimtal (NP) WARD NO.-0007,Urban,380,1841,1095,746,192,110,82,232,137,95,68,37,31,1477,902,575,364,193,171,634,483,151,603,473,130,5,2,3,2,2,0,23,14,9,573,455,118,31,10,21,4,1,3,1,0,1,12,1,11,14,8,6,22,8,14,3,1,2,0,0,0,8,1,7,11,6,5,9,2,7,1,0,1,1,0,1,4,0,4,3,2,1,1207,612,595
5,66,341,0,0,0,SUB-DISTRICT,Dhari,Total,13836,78733,40137,38596,13405,6932,6473,22839,11919,10920,56,29,27,52203,30277,21926,26530,9860,16670,45056,23013,22043,28317,16511,11806,23250,13055,10195,568,396,172,318,110,208,4181,2950,1231,16739,6502,10237,14760,5210,9550,356,228,128,114,60,54,1509,1004,505,9734,3239,6495,8407,2330,6077,261,165,96,63,36,27,1003,708,295,7005,3263,3742,6353,2880,3473,95,63,32,51,24,27,506,296,210,33677,17124,16553
5,66,341,0,0,0,SUB-DISTRICT,Dhari,Rural,13836,78733,40137,38596,13405,6932,6473,22839,11919,10920,56,29,27,52203,30277,21926,26530,9860,16670,45056,23013,22043,28317,16511,11806,23250,13055,10195,568,396,172,318,110,208,4181,2950,1231,16739,6502,10237,14760,5210,9550,356,228,128,114,60,54,1509,1004,505,9734,3239,6495,8407,2330,6077,261,165,96,63,36,27,1003,708,295,7005,3263,3742,6353,2880,3473,95,63,32,51,24,27,506,296,210,33677,17124,16553
5,66,341,0,0,0,SUB-DISTRICT,Dhari,Urban,0,0,0,0,0,0,0,0,0,0,0,0,0,0,0,0,0,0,0,0,0,0,0,0,0,0,0,0,0,0,0,0,0,0,0,0,0,0,0,0,0,0,0,0,0,0,0,0,0,0,0,0,0,0,0,0,0,0,0,0,0,0,0,0,0,0,0,0,0,0,0,0,0,0,0,0,0,0,0,0,0,0,0,0,0
5,66,342,0,0,0,SUB-DISTRICT,"Haldwani
",Total,74275,364129,189640,174489,45002,23862,21140,48528,25127,23401,2591,1300,1291,270832,147186,123646,93297,42454,50843,123021,96673,26348,108636,87644,20992,13859,8835,5024,6892,4461,2431,3058,2309,749,84827,72039,12788,14385,9029,5356,2005,660,1345,3104,1770,1334,661,332,329,8615,6267,2348,12359,7732,4627,1707,574,1133,2603,1456,1147,537,278,259,7512,5424,2088,2026,1297,729,298,86,212,501,314,187,124,54,70,1103,843,260,241108,92967,148141
5,66,342,0,0,0,SUB-DISTRICT,"Haldwani
",Rural,24263,119243,61676,57567,14653,7810,6843,18081,9278,8803,1388,704,684,89750,48994,40756,29493,12682,16811,45201,30998,14203,38693,27660,11033,12760,8037,4723,5933,3788,2145,1153,710,443,18847,15125,3722,6508,3338,3170,1638,470,1168,2462,1291,1171,302,143,159,2106,1434,672,5487,2824,2663,1355,392,963,2040,1038,1002,238,113,125,1854,1281,573,1021,514,507,283,78,205,422,253,169,64,30,34,252,153,99,74042,30678,43364
5,66,342,0,0,0,SUB-DISTRICT,"Haldwani
",Urban,50012,244886,127964,116922,30349,16052,14297,30447,15849,14598,1203,596,607,181082,98192,82890,63804,29772,34032,77820,65675,12145,69943,59984,9959,1099,798,301,959,673,286,1905,1599,306,65980,56914,9066,7877,5691,2186,367,190,177,642,479,163,359,189,170,6509,4833,1676,6872,4908,1964,352,182,170,563,418,145,299,165,134,5658,4143,1515,1005,783,222,15,8,7,79,61,18,60,24,36,851,690,161,167066,62289,104777
5,66,342,55293,0,0,TOWN,Fatehpur Range (Dhamua Dunga Area) (CT),Urban,2566,12791,6555,6236,1719,892,827,7327,3758,3569,51,26,25,9587,5278,4309,3204,1277,1927,3532,2909,623,2949,2451,498,94,44,50,43,28,15,127,79,48,2685,2300,385,583,458,125,15,7,8,182,157,25,25,16,9,361,278,83,473,372,101,13,7,6,169,146,23,20,14,6,271,205,66,110,86,24,2,0,2,13,11,2,5,2,3,90,73,17,9259,3646,5613
5,66,342,55293,1,0,WARD,Fatehpur Range (Dhamua Dunga Area) (CT) WARD NO.-0001,Urban,2566,12791,6555,6236,1719,892,827,7327,3758,3569,51,26,25,9587,5278,4309,3204,1277,1927,3532,2909,623,2949,2451,498,94,44,50,43,28,15,127,79,48,2685,2300,385,583,458,125,15,7,8,182,157,25,25,16,9,361,278,83,473,372,101,13,7,6,169,146,23,20,14,6,271,205,66,110,86,24,2,0,2,13,11,2,5,2,3,90,73,17,9259,3646,5613
5,66,342,55294,0,0,TOWN,Mukhani (CT),Urban,5106,22475,11562,10913,2383,1300,1083,1541,819,722,71,33,38,18450,9768,8682,4025,1794,2231,6746,5407,1339,6191,5048,1143,125,112,13,119,80,39,174,149,25,5773,4707,1066,555,359,196,20,13,7,118,82,36,40,20,20,377,244,133,501,327,174,18,11,7,109,75,34,34,19,15,340,222,118,54,32,22,2,2,0,9,7,2,6,1,5,37,22,15,15729,6155,9574
5,66,342,55294,1,0,WARD,Mukhani (CT) WARD NO.-0001,Urban,5106,22475,11562,10913,2383,1300,1083,1541,819,722,71,33,38,18450,9768,8682,4025,1794,2231,6746,5407,1339,6191,5048,1143,125,112,13,119,80,39,174,149,25,5773,4707,1066,555,359,196,20,13,7,118,82,36,40,20,20,377,244,133,501,327,174,18,11,7,109,75,34,34,19,15,340,222,118,54,32,22,2,2,0,9,7,2,6,1,5,37,22,15,15729,6155,9574
5,66,342,55295,0,0,TOWN,Haldwani Talli (CT),Urban,1741,8159,4267,3892,983,551,432,944,487,457,18,10,8,6413,3498,2915,1746,769,977,2537,2108,429,2307,1951,356,138,98,40,82,54,28,69,62,7,2018,1737,281,230,157,73,13,8,5,15,9,6,10,4,6,192,136,56,210,142,68,11,7,4,13,7,6,10,4,6,176,124,52,20,15,5,2,1,1,2,2,0,0,0,0,16,12,4,5622,2159,3463
5,66,342,55295,1,0,WARD,Haldwani Talli (CT) WARD NO.-0001,Urban,1741,8159,4267,3892,983,551,432,944,487,457,18,10,8,6413,3498,2915,1746,769,977,2537,2108,429,2307,1951,356,138,98,40,82,54,28,69,62,7,2018,1737,281,230,157,73,13,8,5,15,9,6,10,4,6,192,136,56,210,142,68,11,7,4,13,7,6,10,4,6,176,124,52,20,15,5,2,1,1,2,2,0,0,0,0,16,12,4,5622,2159,3463
5,66,342,800335,0,0,TOWN,Haldwani-cum-Kathgodam (NPP + OG),Urban,40599,201461,105580,95881,25264,13309,11955,20635,10785,9850,1063,527,536,146632,79648,66984,54829,25932,28897,65005,55251,9754,58496,50534,7962,742,544,198,715,511,204,1535,1309,226,55504,48170,7334,6509,4717,1792,319,162,157,327,231,96,284,149,135,5579,4175,1404,5688,4067,1621,310,157,153,272,190,82,235,128,107,4871,3592,1279,821,650,171,9,5,4,55,41,14,49,21,28,708,583,125,136456,50329,86127
5,66,342,800335,0,0,TOWN,Haldwani-cum-Kathgodam (NPP),Urban,30379,156078,81955,74123,20349,10645,9704,16754,8758,7996,741,373,368,109634,59824,49810,46444,22131,24313,50657,43594,7063,45317,39638,5679,263,201,62,230,176,54,1323,1156,167,43501,38105,5396,5340,3956,1384,236,123,113,180,131,49,186,104,82,4738,3598,1140,4719,3450,1269,234,121,113,167,121,46,163,95,68,4155,3113,1042,621,506,115,2,2,0,13,10,3,23,9,14,583,485,98,105421,38361,67060
5,66,342,800335,1,0,WARD,Haldwani-cum-Kathgodam (NPP) WARD NO.-0001,Urban,968,5528,2964,2564,821,391,430,2191,1128,1063,0,0,0,3487,2003,1484,2041,961,1080,1872,1650,222,1727,1533,194,1,1,0,3,2,1,21,17,4,1702,1513,189,145,117,28,0,0,0,7,6,1,11,4,7,127,107,20,136,111,25,0,0,0,7,6,1,11,4,7,118,101,17,9,6,3,0,0,0,0,0,0,0,0,0,9,6,3,3656,1314,2342
5,66,342,800335,2,0,WARD,Haldwani-cum-Kathgodam (NPP) WARD NO.-0002,Urban,2017,10112,5633,4479,1443,758,685,5049,2642,2407,57,32,25,6729,4023,2706,3383,1610,1773,4084,3324,760,3635,3020,615,5,4,1,8,4,4,33,16,17,3589,2996,593,449,304,145,2,1,1,6,3,3,10,5,5,431,295,136,395,262,133,2,1,1,2,1,1,9,4,5,382,256,126,54,42,12,0,0,0,4,2,2,1,1,0,49,39,10,6028,2309,3719
5,66,342,800335,3,0,WARD,Haldwani-cum-Kathgodam (NPP) WARD NO.-0003,Urban,2041,8873,4573,4300,951,508,443,1447,731,716,19,11,8,7469,3953,3516,1404,620,784,2749,2244,505,2673,2200,473,10,10,0,26,21,5,52,45,7,2585,2124,461,76,44,32,1,0,1,4,4,0,1,1,0,70,39,31,67,39,28,1,0,1,4,4,0,1,1,0,61,34,27,9,5,4,0,0,0,0,0,0,0,0,0,9,5,4,6124,2329,3795
5,66,342,800335,4,0,WARD,Haldwani-cum-Kathgodam (NPP) WARD NO.-0004,Urban,1354,7585,3990,3595,1220,647,573,2047,1062,985,13,7,6,4797,2691,2106,2788,1299,1489,2327,2011,316,2058,1813,245,5,5,0,30,28,2,113,106,7,1910,1674,236,269,198,71,2,1,1,7,5,2,15,9,6,245,183,62,242,184,58,2,1,1,7,5,2,12,9,3,221,169,52,27,14,13,0,0,0,0,0,0,3,0,3,24,14,10,5258,1979,3279
5,66,342,800335,5,0,WARD,Haldwani-cum-Kathgodam (NPP) WARD NO.-0005,Urban,1095,5534,2927,2607,610,306,304,1060,560,500,1,1,0,4286,2428,1858,1248,499,749,2027,1721,306,1752,1523,229,1,1,0,0,0,0,16,14,2,1735,1508,227,275,198,77,1,1,0,12,8,4,11,8,3,251,181,70,243,170,73,1,1,0,10,6,4,10,7,3,222,156,66,32,28,4,0,0,0,2,2,0,1,1,0,29,25,4,3507,1206,2301
5,66,342,800335,6,0,WARD,Haldwani-cum-Kathgodam (NPP) WARD NO.-0006,Urban,1106,5246,2711,2535,601,313,288,674,342,332,25,15,10,4159,2238,1921,1087,473,614,1954,1500,454,1573,1259,314,124,74,50,22,11,11,20,13,7,1407,1161,246,381,241,140,183,95,88,14,2,12,14,5,9,170,139,31,377,239,138,183,95,88,14,2,12,13,4,9,167,138,29,4,2,2,0,0,0,0,0,0,1,1,0,3,1,2,3292,1211,2081
5,66,342,800335,7,0,WARD,Haldwani-cum-Kathgodam (NPP) WARD NO.-0007,Urban,985,4800,2530,2270,464,265,199,818,426,392,26,17,9,4005,2144,1861,795,386,409,1536,1267,269,1431,1205,226,1,1,0,13,12,1,10,8,2,1407,1184,223,105,62,43,2,0,2,12,7,5,3,0,3,88,55,33,94,53,41,2,0,2,12,7,5,3,0,3,77,46,31,11,9,2,0,0,0,0,0,0,0,0,0,11,9,2,3264,1263,2001
5,66,342,800335,8,0,WARD,Haldwani-cum-Kathgodam (NPP) WARD NO.-0008,Urban,542,2498,1323,1175,280,151,129,71,43,28,3,2,1,2020,1102,918,478,221,257,897,745,152,839,728,111,2,1,1,2,2,0,114,101,13,721,624,97,58,17,41,0,0,0,1,1,0,1,1,0,56,15,41,55,15,40,0,0,0,1,1,0,1,1,0,53,13,40,3,2,1,0,0,0,0,0,0,0,0,0,3,2,1,1601,578,1023
5,66,342,800335,9,0,WARD,Haldwani-cum-Kathgodam (NPP) WARD NO.-0009,Urban,1357,6116,2999,3117,590,312,278,297,157,140,413,199,214,5143,2584,2559,973,415,558,2047,1527,520,1783,1387,396,17,14,3,32,18,14,58,47,11,1676,1308,368,264,140,124,4,3,1,8,4,4,34,17,17,218,116,102,239,123,116,2,1,1,7,4,3,31,15,16,199,103,96,25,17,8,2,2,0,1,0,1,3,2,1,19,13,6,4069,1472,2597
5,66,342,800335,10,0,WARD,Haldwani-cum-Kathgodam (NPP) WARD NO.-0010,Urban,913,4221,2205,2016,432,231,201,217,110,107,7,3,4,3625,1920,1705,596,285,311,1331,1117,214,1302,1094,208,7,6,1,3,3,0,9,9,0,1283,1076,207,29,23,6,0,0,0,1,1,0,0,0,0,28,22,6,27,21,6,0,0,0,1,1,0,0,0,0,26,20,6,2,2,0,0,0,0,0,0,0,0,0,0,2,2,0,2890,1088,1802
5,66,342,800335,11,0,WARD,Haldwani-cum-Kathgodam (NPP) WARD NO.-0011,Urban,912,4127,2158,1969,402,211,191,259,140,119,51,26,25,3538,1907,1631,589,251,338,1429,1145,284,1344,1095,249,6,6,0,11,6,5,27,24,3,1300,1059,241,85,50,35,8,4,4,2,2,0,1,1,0,74,43,31,76,42,34,8,4,4,0,0,0,1,1,0,67,37,30,9,8,1,0,0,0,2,2,0,0,0,0,7,6,1,2698,1013,1685
5,66,342,800335,12,0,WARD,Haldwani-cum-Kathgodam (NPP) WARD NO.-0012,Urban,1432,6955,3699,3256,862,468,394,410,236,174,16,7,9,5499,3024,2475,1456,675,781,2366,2059,307,2192,1925,267,15,15,0,12,11,1,75,54,21,2090,1845,245,174,134,40,2,0,2,50,45,5,4,1,3,118,88,30,158,124,34,2,0,2,50,45,5,1,0,1,105,79,26,16,10,6,0,0,0,0,0,0,3,1,2,13,9,4,4589,1640,2949
5,66,342,800335,13,0,WARD,Haldwani-cum-Kathgodam (NPP) WARD NO.-0013,Urban,1962,8954,4714,4240,962,522,440,1096,612,484,48,21,27,7231,3925,3306,1723,789,934,2438,2089,349,2303,1983,320,4,4,0,2,1,1,7,5,2,2290,1973,317,135,106,29,0,0,0,3,0,3,0,0,0,132,106,26,125,100,25,0,0,0,3,0,3,0,0,0,122,100,22,10,6,4,0,0,0,0,0,0,0,0,0,10,6,4,6516,2625,3891
5,66,342,800335,14,0,WARD,Haldwani-cum-Kathgodam (NPP) WARD NO.-0014,Urban,3203,18624,9771,8853,3283,1679,1604,101,49,52,0,0,0,9641,5391,4250,8983,4380,4603,5279,4952,327,4654,4392,262,21,20,1,30,29,1,63,50,13,4540,4293,247,625,560,65,7,4,3,34,28,6,6,2,4,578,526,52,509,449,60,7,4,3,31,25,6,5,1,4,466,419,47,116,111,5,0,0,0,3,3,0,1,1,0,112,107,5,13345,4819,8526
5,66,342,800335,15,0,WARD,Haldwani-cum-Kathgodam (NPP) WARD NO.-0015,Urban,672,3294,1748,1546,332,186,146,193,102,91,18,9,9,2771,1499,1272,523,249,274,1160,998,162,1092,954,138,6,5,1,6,5,1,26,23,3,1054,921,133,68,44,24,1,1,0,3,3,0,5,3,2,59,37,22,59,39,20,1,1,0,3,3,0,4,3,1,51,32,19,9,5,4,0,0,0,0,0,0,1,0,1,8,5,3,2134,750,1384
5,66,342,800335,16,0,WARD,Haldwani-cum-Kathgodam (NPP) WARD NO.-0016,Urban,1016,4682,2399,2283,444,255,189,228,112,116,36,20,16,4025,2086,1939,657,313,344,1435,1231,204,1398,1210,188,2,2,0,1,0,1,31,28,3,1364,1180,184,37,21,16,3,2,1,0,0,0,2,2,0,32,17,15,37,21,16,3,2,1,0,0,0,2,2,0,32,17,15,0,0,0,0,0,0,0,0,0,0,0,0,0,0,0,3247,1168,2079
5,66,342,800335,17,0,WARD,Haldwani-cum-Kathgodam (NPP) WARD NO.-0017,Urban,797,3904,2010,1894,410,228,182,190,95,95,0,0,0,3314,1739,1575,590,271,319,1293,1141,152,1161,1038,123,2,2,0,4,3,1,77,65,12,1078,968,110,132,103,29,0,0,0,0,0,0,2,0,2,130,103,27,129,101,28,0,0,0,0,0,0,1,0,1,128,101,27,3,2,1,0,0,0,0,0,0,1,0,1,2,2,0,2611,869,1742
5,66,342,800335,18,0,WARD,Haldwani-cum-Kathgodam (NPP) WARD NO.-0018,Urban,867,5194,2749,2445,761,403,358,53,25,28,0,0,0,3193,1729,1464,2001,1020,981,1573,1491,82,1456,1395,61,0,0,0,1,1,0,20,20,0,1435,1374,61,117,96,21,0,0,0,0,0,0,2,2,0,115,94,21,100,80,20,0,0,0,0,0,0,2,2,0,98,78,20,17,16,1,0,0,0,0,0,0,0,0,0,17,16,1,3621,1258,2363
5,66,342,800335,19,0,WARD,Haldwani-cum-Kathgodam (NPP) WARD NO.-0019,Urban,1157,4900,2542,2358,472,273,199,184,98,86,8,3,5,4291,2238,2053,609,304,305,1602,1294,308,1560,1263,297,13,12,1,2,1,1,50,38,12,1495,1212,283,42,31,11,2,1,1,1,1,0,0,0,0,39,29,10,36,26,10,2,1,1,1,1,0,0,0,0,33,24,9,6,5,1,0,0,0,0,0,0,0,0,0,6,5,1,3298,1248,2050
5,66,342,800335,20,0,WARD,Haldwani-cum-Kathgodam (NPP) WARD NO.-0020,Urban,1137,6640,3499,3141,993,507,486,0,0,0,0,0,0,3893,2121,1772,2747,1378,1369,2123,1964,159,1942,1831,111,2,2,0,1,1,0,36,32,4,1903,1796,107,181,133,48,2,1,1,1,1,0,4,0,4,174,131,43,169,123,46,2,1,1,1,1,0,4,0,4,162,121,41,12,10,2,0,0,0,0,0,0,0,0,0,12,10,2,4517,1535,2982
5,66,342,800335,21,0,WARD,Haldwani-cum-Kathgodam (NPP) WARD NO.-0021,Urban,1435,8557,4436,4121,1285,630,655,18,9,9,0,0,0,4579,2544,2035,3978,1892,2086,2560,2403,157,2268,2155,113,5,5,0,7,6,1,52,47,5,2204,2097,107,292,248,44,2,1,1,6,6,0,1,1,0,283,240,43,258,218,40,2,1,1,5,5,0,1,1,0,250,211,39,34,30,4,0,0,0,1,1,0,0,0,0,33,29,4,5997,2033,3964
5,66,342,800335,22,0,WARD,Haldwani-cum-Kathgodam (NPP) WARD NO.-0022,Urban,777,4330,2354,1976,561,307,254,44,23,21,0,0,0,2509,1409,1100,1821,945,876,1383,1192,191,1196,1064,132,0,0,0,2,1,1,237,233,4,957,830,127,187,128,59,0,0,0,1,1,0,0,0,0,186,127,59,184,126,58,0,0,0,1,1,0,0,0,0,183,125,58,3,2,1,0,0,0,0,0,0,0,0,0,3,2,1,2947,1162,1785
5,66,342,800335,23,0,WARD,Haldwani-cum-Kathgodam (NPP) WARD NO.-0023,Urban,738,4199,2178,2021,556,274,282,38,21,17,0,0,0,2928,1615,1313,1271,563,708,1316,1228,88,1130,1078,52,2,2,0,3,3,0,129,126,3,996,947,49,186,150,36,8,5,3,1,1,0,30,19,11,147,125,22,170,138,32,8,5,3,1,1,0,27,19,8,134,113,21,16,12,4,0,0,0,0,0,0,3,0,3,13,12,1,2883,950,1933
5,66,342,800335,24,0,WARD,Haldwani-cum-Kathgodam (NPP) WARD NO.-0024,Urban,1103,6492,3439,3053,997,503,494,10,7,3,0,0,0,3224,1763,1461,3268,1676,1592,2198,1880,318,1398,1169,229,3,2,1,0,0,0,12,10,2,1383,1157,226,800,711,89,1,0,1,2,2,0,22,18,4,775,691,84,610,553,57,1,0,1,2,2,0,18,17,1,589,534,55,190,158,32,0,0,0,0,0,0,4,1,3,186,157,29,4294,1559,2735
5,66,342,800335,25,0,WARD,Haldwani-cum-Kathgodam (NPP) WARD NO.-0025,Urban,793,4713,2404,2309,617,317,300,59,28,31,0,0,0,3278,1748,1530,1435,656,779,1678,1421,257,1450,1324,126,9,7,2,9,7,2,35,25,10,1397,1285,112,228,97,131,5,3,2,4,0,4,7,5,2,212,89,123,224,93,131,5,3,2,4,0,4,6,4,2,209,86,123,4,4,0,0,0,0,0,0,0,1,1,0,3,3,0,3035,983,2052
5,66,342,800335,26,0,WARD,Damua Dhunga Bandobasti (OG) WARD NO.-0026 (Rural MDDS CODE:055297),Urban,810,3537,1831,1706,359,209,150,102,54,48,30,14,16,3023,1589,1434,514,242,272,1128,871,257,982,789,193,25,18,7,26,16,10,51,31,20,880,724,156,146,82,64,3,1,2,9,6,3,26,7,19,108,68,40,135,73,62,3,1,2,5,4,1,25,6,19,102,62,40,11,9,2,0,0,0,4,2,2,1,1,0,6,6,0,2409,960,1449
5,66,342,800335,27,0,WARD,Byura (OG) WARD NO.-0027 (Rural MDDS CODE:055298),Urban,655,2992,1526,1466,333,186,147,639,331,308,4,2,2,2453,1295,1158,539,231,308,871,702,169,690,578,112,2,2,0,6,5,1,18,17,1,664,554,110,181,124,57,10,2,8,10,6,4,14,9,5,147,107,40,168,118,50,10,2,8,8,5,3,13,9,4,137,102,35,13,6,7,0,0,0,2,1,1,1,0,1,10,5,5,2121,824,1297
5,66,342,800335,28,0,WARD,Bamori Talli Bandobasti (OG) WARD NO.-0028 (Rural MDDS CODE:055303),Urban,1585,6886,3544,3342,747,404,343,287,154,133,42,17,25,5667,2998,2669,1219,546,673,2266,1816,450,2091,1691,400,22,20,2,88,62,26,42,40,2,1939,1569,370,175,125,50,6,3,3,24,17,7,2,2,0,143,103,40,172,123,49,6,3,3,23,17,6,2,2,0,141,101,40,3,2,1,0,0,0,1,0,1,0,0,0,2,2,0,4620,1728,2892
5,66,342,800335,29,0,WARD,Manpur Uttar (OG) WARD NO.-0029 (Rural MDDS CODE:055301),Urban,364,1573,895,678,193,110,83,168,92,76,0,0,0,1245,733,512,328,162,166,565,486,79,522,461,61,18,17,1,6,5,1,5,5,0,493,434,59,43,25,18,0,0,0,1,0,1,0,0,0,42,25,17,41,23,18,0,0,0,1,0,1,0,0,0,40,23,17,2,2,0,0,0,0,0,0,0,0,0,0,2,2,0,1008,409,599
5,66,342,800335,30,0,WARD,Haripur Sukha (OG) WARD NO.-0030 (Rural MDDS CODE:055300),Urban,203,857,439,418,113,49,64,70,39,31,0,0,0,646,348,298,211,91,120,327,249,78,309,238,71,7,7,0,2,1,1,0,0,0,300,230,70,18,11,7,1,0,1,0,0,0,0,0,0,17,11,6,17,11,6,1,0,1,0,0,0,0,0,0,16,11,5,1,0,1,0,0,0,0,0,0,0,0,0,1,0,1,530,190,340
5,66,342,800335,31,0,WARD,Gaujajally Uttar (OG) WARD NO.-0031 (Rural MDDS CODE:055302),Urban,1262,6136,3189,2947,792,419,373,308,149,159,11,4,7,4789,2595,2194,1347,594,753,1974,1697,277,1879,1633,246,10,10,0,22,19,3,11,8,3,1836,1596,240,95,64,31,4,4,0,27,23,4,2,2,0,62,35,27,87,61,26,4,4,0,24,22,2,2,2,0,57,33,24,8,3,5,0,0,0,3,1,2,0,0,0,5,2,3,4162,1492,2670
5,66,342,800335,32,0,WARD,Kusum Khera  (OG) WARD NO.-0032 (Rural MDDS CODE:055299),Urban,1750,7619,4021,3598,744,402,342,618,318,300,34,15,19,6362,3416,2946,1257,605,652,2348,1920,428,2165,1794,371,117,74,43,31,21,10,31,14,17,1986,1685,301,183,126,57,16,9,7,43,33,10,5,3,2,119,81,38,139,88,51,14,9,5,18,9,9,5,3,2,102,67,35,44,38,6,2,0,2,25,24,1,0,0,0,17,14,3,5271,2101,3170
5,66,342,800335,33,0,WARD,Bithoria No.1 (OG) WARD NO.-0033 (Rural MDDS CODE:055296),Urban,2808,12564,6488,6076,1327,706,621,1626,855,771,109,56,53,10078,5395,4683,2486,1093,1393,3804,3066,738,3570,2935,635,269,186,83,289,197,92,43,30,13,2969,2522,447,234,131,103,40,18,22,32,14,18,47,20,27,115,79,36,150,74,76,35,15,20,25,11,14,23,9,14,67,39,28,84,57,27,5,3,2,7,3,4,24,11,13,48,40,8,8760,3422,5338
5,66,342,800335,34,0,WARD,Korta (Chanmari Mohalla) (OG) (Part) WARD NO.-0034 (Rural MDDS CODE:055153),Urban,117,524,280,244,51,33,18,18,10,8,0,0,0,442,237,205,82,43,39,170,133,37,154,123,31,0,0,0,9,5,4,1,0,1,144,118,26,16,10,6,1,1,0,0,0,0,0,0,0,15,9,6,15,9,6,1,1,0,0,0,0,0,0,0,14,8,6,1,1,0,0,0,0,0,0,0,0,0,0,1,1,0,354,147,207
5,66,342,800335,35,0,WARD,Bamori Malli (OG) (Part) WARD NO.-0035 (Rural MDDS CODE:055151),Urban,613,2463,1288,1175,234,134,100,45,25,20,92,46,46,2092,1107,985,371,181,190,814,651,163,737,589,148,4,4,0,4,2,2,8,6,2,721,577,144,77,62,15,2,1,1,0,0,0,2,2,0,73,59,14,44,36,8,2,1,1,0,0,0,2,2,0,40,33,7,33,26,7,0,0,0,0,0,0,0,0,0,33,26,7,1649,637,1012
5,66,342,800335,36,0,WARD,Bamori Talli Kham (OG) (Part) WARD NO.-0036 (Rural MDDS CODE:055155),Urban,53,232,124,108,22,12,10,0,0,0,0,0,0,201,111,90,31,13,18,81,66,15,80,65,15,5,5,0,2,2,0,2,2,0,71,56,15,1,1,0,0,0,0,1,1,0,0,0,0,0,0,0,1,1,0,0,0,0,1,1,0,0,0,0,0,0,0,0,0,0,0,0,0,0,0,0,0,0,0,0,0,0,151,58,93
5,66,343,0,0,0,SUB-DISTRICT,Ramnagar,Total,29914,153738,78928,74810,20951,11023,9928,35617,18332,17285,3783,1859,1924,104919,58408,46511,48819,20520,28299,52540,39886,12654,38761,32103,6658,8349,6275,2074,5449,4119,1330,1174,947,227,23789,20762,3027,13779,7783,5996,3037,1159,1878,5029,2684,2345,593,259,334,5120,3681,1439,10444,6179,4265,2069,818,1251,3653,2042,1611,375,166,209,4347,3153,1194,3335,1604,1731,968,341,627,1376,642,734,218,93,125,773,528,245,101198,39042,62156
5,66,343,0,0,0,SUB-DISTRICT,Ramnagar,Rural,19294,98951,50542,48409,13947,7293,6654,30549,15746,14803,3729,1830,1899,65852,37128,28724,33099,13414,19685,36650,25626,11024,24806,19450,5356,8249,6178,2071,5374,4048,1326,791,591,200,10392,8633,1759,11844,6176,5668,3011,1142,1869,4988,2651,2337,530,211,319,3315,2172,1143,8732,4757,3975,2044,802,1242,3619,2014,1605,322,125,197,2747,1816,931,3112,1419,1693,967,340,627,1369,637,732,208,86,122,568,356,212,62301,24916,37385
5,66,343,0,0,0,SUB-DISTRICT,Ramnagar,Urban,10620,54787,28386,26401,7004,3730,3274,5068,2586,2482,54,29,25,39067,21280,17787,15720,7106,8614,15890,14260,1630,13955,12653,1302,100,97,3,75,71,4,383,356,27,13397,12129,1268,1935,1607,328,26,17,9,41,33,8,63,48,15,1805,1509,296,1712,1422,290,25,16,9,34,28,6,53,41,12,1600,1337,263,223,185,38,1,1,0,7,5,2,10,7,3,205,172,33,38897,14126,24771
5,66,343,800336,0,0,TOWN,Ramnagar (NPP),Urban,10620,54787,28386,26401,7004,3730,3274,5068,2586,2482,54,29,25,39067,21280,17787,15720,7106,8614,15890,14260,1630,13955,12653,1302,100,97,3,75,71,4,383,356,27,13397,12129,1268,1935,1607,328,26,17,9,41,33,8,63,48,15,1805,1509,296,1712,1422,290,25,16,9,34,28,6,53,41,12,1600,1337,263,223,185,38,1,1,0,7,5,2,10,7,3,205,172,33,38897,14126,24771
5,66,343,800336,1,0,WARD,Ramnagar (NPP) WARD NO.-0001,Urban,741,3679,1874,1805,444,222,222,1017,525,492,14,4,10,2486,1399,1087,1193,475,718,1220,1023,197,1091,940,151,7,7,0,2,2,0,43,40,3,1039,891,148,129,83,46,2,1,1,4,3,1,3,0,3,120,79,41,113,72,41,2,1,1,3,2,1,1,0,1,107,69,38,16,11,5,0,0,0,1,1,0,2,0,2,13,10,3,2459,851,1608
5,66,343,800336,2,0,WARD,Ramnagar (NPP) WARD NO.-0002,Urban,697,4241,2233,2008,626,334,292,176,93,83,0,0,0,2886,1602,1284,1355,631,724,1152,1091,61,933,887,46,3,3,0,2,2,0,17,17,0,911,865,46,219,204,15,0,0,0,0,0,0,8,7,1,211,197,14,206,194,12,0,0,0,0,0,0,5,4,1,201,190,11,13,10,3,0,0,0,0,0,0,3,3,0,10,7,3,3089,1142,1947
5,66,343,800336,3,0,WARD,Ramnagar (NPP) WARD NO.-0003,Urban,544,3263,1659,1604,487,242,245,257,115,142,0,0,0,1701,951,750,1562,708,854,922,868,54,761,728,33,0,0,0,4,4,0,35,35,0,722,689,33,161,140,21,0,0,0,0,0,0,7,5,2,154,135,19,134,113,21,0,0,0,0,0,0,6,4,2,128,109,19,27,27,0,0,0,0,0,0,0,1,1,0,26,26,0,2341,791,1550
5,66,343,800336,4,0,WARD,Ramnagar (NPP) WARD NO.-0004,Urban,583,2809,1459,1350,302,158,144,152,82,70,5,1,4,2205,1177,1028,604,282,322,983,843,140,874,760,114,1,1,0,4,3,1,89,82,7,780,674,106,109,83,26,1,1,0,22,18,4,4,4,0,82,60,22,90,65,25,1,1,0,17,14,3,4,4,0,68,46,22,19,18,1,0,0,0,5,4,1,0,0,0,14,14,0,1826,616,1210
5,66,343,800336,5,0,WARD,Ramnagar (NPP) WARD NO.-0005,Urban,452,2331,1243,1088,242,137,105,46,21,25,0,0,0,1972,1059,913,359,184,175,773,723,50,767,721,46,6,6,0,0,0,0,12,12,0,749,703,46,6,2,4,1,0,1,0,0,0,1,0,1,4,2,2,6,2,4,1,0,1,0,0,0,1,0,1,4,2,2,0,0,0,0,0,0,0,0,0,0,0,0,0,0,0,1558,520,1038
5,66,343,800336,6,0,WARD,Ramnagar (NPP) WARD NO.-0006,Urban,720,3897,2008,1889,572,299,273,104,54,50,0,0,0,2589,1436,1153,1308,572,736,1066,1034,32,1004,982,22,12,12,0,0,0,0,6,5,1,986,965,21,62,52,10,1,1,0,1,0,1,5,5,0,55,46,9,56,46,10,1,1,0,1,0,1,4,4,0,50,41,9,6,6,0,0,0,0,0,0,0,1,1,0,5,5,0,2831,974,1857
5,66,343,800336,7,0,WARD,Ramnagar (NPP) WARD NO.-0007,Urban,697,3561,1853,1708,441,220,221,103,59,44,5,5,0,2642,1442,1200,919,411,508,1067,957,110,986,891,95,17,16,1,46,45,1,38,35,3,885,795,90,81,66,15,2,2,0,0,0,0,3,2,1,76,62,14,62,50,12,2,2,0,0,0,0,1,1,0,59,47,12,19,16,3,0,0,0,0,0,0,2,1,1,17,15,2,2494,896,1598
5,66,343,800336,8,0,WARD,Ramnagar (NPP) WARD NO.-0008,Urban,801,3502,1751,1751,376,215,161,272,141,131,0,0,0,2830,1483,1347,672,268,404,772,686,86,759,677,82,6,6,0,2,2,0,14,13,1,737,656,81,13,9,4,2,0,2,0,0,0,0,0,0,11,9,2,12,9,3,2,0,2,0,0,0,0,0,0,10,9,1,1,0,1,0,0,0,0,0,0,0,0,0,1,0,1,2730,1065,1665
5,66,343,800336,9,0,WARD,Ramnagar (NPP) WARD NO.-0009,Urban,888,3916,2016,1900,432,242,190,631,320,311,0,0,0,3163,1693,1470,753,323,430,1005,872,133,955,841,114,5,5,0,1,1,0,5,4,1,944,831,113,50,31,19,3,3,0,0,0,0,2,2,0,45,26,19,49,30,19,3,3,0,0,0,0,2,2,0,44,25,19,1,1,0,0,0,0,0,0,0,0,0,0,1,1,0,2911,1144,1767
5,66,343,800336,10,0,WARD,Ramnagar (NPP) WARD NO.-0010,Urban,829,4007,2082,1925,487,268,219,246,126,120,10,6,4,3035,1649,1386,972,433,539,1190,1033,157,1112,984,128,1,1,0,1,1,0,17,16,1,1093,966,127,78,49,29,4,2,2,1,0,1,3,0,3,70,47,23,71,45,26,4,2,2,1,0,1,3,0,3,63,43,20,7,4,3,0,0,0,0,0,0,0,0,0,7,4,3,2817,1049,1768
5,66,343,800336,11,0,WARD,Ramnagar (NPP) WARD NO.-0011,Urban,788,4151,2190,1961,534,296,238,342,177,165,11,7,4,2867,1579,1288,1284,611,673,1326,1173,153,1161,1050,111,14,13,1,9,8,1,34,32,2,1104,997,107,165,123,42,1,1,0,1,0,1,4,4,0,159,118,41,147,111,36,0,0,0,0,0,0,4,4,0,143,107,36,18,12,6,1,1,0,1,0,1,0,0,0,16,11,5,2825,1017,1808
5,66,343,800336,12,0,WARD,Ramnagar (NPP) WARD NO.-0012,Urban,764,4748,2509,2239,721,397,324,197,106,91,9,6,3,2634,1472,1162,2114,1037,1077,1352,1249,103,694,646,48,1,1,0,2,2,0,19,17,2,672,626,46,658,603,55,2,1,1,0,0,0,16,14,2,640,588,52,567,527,40,2,1,1,0,0,0,16,14,2,549,512,37,91,76,15,0,0,0,0,0,0,0,0,0,91,76,15,3396,1260,2136
5,66,343,800336,13,0,WARD,Ramnagar (NPP) WARD NO.-0013,Urban,730,4265,2222,2043,682,345,337,118,59,59,0,0,0,2720,1485,1235,1545,737,808,1190,1094,96,1067,989,78,9,9,0,1,1,0,7,7,0,1050,972,78,123,105,18,1,1,0,2,2,0,4,3,1,116,99,17,120,103,17,1,1,0,2,2,0,4,3,1,113,97,16,3,2,1,0,0,0,0,0,0,0,0,0,3,2,1,3075,1128,1947
5,66,343,800336,14,0,WARD,Ramnagar (NPP) WARD NO.-0014,Urban,631,2953,1495,1458,311,177,134,868,435,433,0,0,0,2450,1288,1162,503,207,296,740,654,86,728,645,83,8,8,0,0,0,0,12,11,1,708,626,82,12,9,3,1,1,0,2,2,0,0,0,0,9,6,3,12,9,3,1,1,0,2,2,0,0,0,0,9,6,3,0,0,0,0,0,0,0,0,0,0,0,0,0,0,0,2213,841,1372
5,66,343,800336,15,0,WARD,Ramnagar (NPP) WARD NO.-0015,Urban,755,3464,1792,1672,347,178,169,539,273,266,0,0,0,2887,1565,1322,577,227,350,1132,960,172,1063,912,151,10,9,1,1,0,1,35,30,5,1017,873,144,69,48,21,5,3,2,8,8,0,3,2,1,53,35,18,67,46,21,5,3,2,8,8,0,2,1,1,52,34,18,2,2,0,0,0,0,0,0,0,1,1,0,1,1,0,2332,832,1500
5,66,344,0,0,0,SUB-DISTRICT,Kaladhungi,Total,12016,60070,30842,29228,7841,4098,3743,11841,6060,5781,113,84,29,43435,24027,19408,16635,6815,9820,26623,16776,9847,20590,14008,6582,10800,6737,4063,2813,1849,964,503,306,197,6474,5116,1358,6033,2768,3265,2240,612,1628,1983,1116,867,107,31,76,1703,1009,694,4429,1977,2452,1449,325,1124,1442,794,648,82,24,58,1456,834,622,1604,791,813,791,287,504,541,322,219,25,7,18,247,175,72,33447,14066,19381
5,66,344,0,0,0,SUB-DISTRICT,Kaladhungi,Rural,10585,52459,26859,25600,6727,3521,3206,11025,5649,5376,106,80,26,38268,21133,17135,14191,5726,8465,24360,14818,9542,18647,12268,6379,10702,6662,4040,2805,1843,962,465,276,189,4675,3487,1188,5713,2550,3163,2211,608,1603,1953,1101,852,103,31,72,1446,810,636,4165,1797,2368,1425,321,1104,1415,780,635,78,24,54,1247,672,575,1548,753,795,786,287,499,538,321,217,25,7,18,199,138,61,28099,12041,16058
5,66,344,0,0,0,SUB-DISTRICT,Kaladhungi,Urban,1431,7611,3983,3628,1114,577,537,816,411,405,7,4,3,5167,2894,2273,2444,1089,1355,2263,1958,305,1943,1740,203,98,75,23,8,6,2,38,30,8,1799,1629,170,320,218,102,29,4,25,30,15,15,4,0,4,257,199,58,264,180,84,24,4,20,27,14,13,4,0,4,209,162,47,56,38,18,5,0,5,3,1,2,0,0,0,48,37,11,5348,2025,3323
5,66,344,800337,0,0,TOWN,Kaladhungi (NP),Urban,1431,7611,3983,3628,1114,577,537,816,411,405,7,4,3,5167,2894,2273,2444,1089,1355,2263,1958,305,1943,1740,203,98,75,23,8,6,2,38,30,8,1799,1629,170,320,218,102,29,4,25,30,15,15,4,0,4,257,199,58,264,180,84,24,4,20,27,14,13,4,0,4,209,162,47,56,38,18,5,0,5,3,1,2,0,0,0,48,37,11,5348,2025,3323
5,66,344,800337,1,0,WARD,Kaladhungi (NP) WARD NO.-0001,Urban,206,978,505,473,102,54,48,115,58,57,0,0,0,790,426,364,188,79,109,265,219,46,236,202,34,5,4,1,0,0,0,0,0,0,231,198,33,29,17,12,2,2,0,4,0,4,2,0,2,21,15,6,28,17,11,2,2,0,4,0,4,2,0,2,20,15,5,1,0,1,0,0,0,0,0,0,0,0,0,1,0,1,713,286,427
5,66,344,800337,2,0,WARD,Kaladhungi (NP) WARD NO.-0002,Urban,236,1113,582,531,149,75,74,201,98,103,0,0,0,844,469,375,269,113,156,359,292,67,291,263,28,20,20,0,3,3,0,4,4,0,264,236,28,68,29,39,13,0,13,5,1,4,2,0,2,48,28,20,67,28,39,13,0,13,5,1,4,2,0,2,47,27,20,1,1,0,0,0,0,0,0,0,0,0,0,1,1,0,754,290,464
5,66,344,800337,3,0,WARD,Kaladhungi (NP) WARD NO.-0003,Urban,224,1485,747,738,272,133,139,80,40,40,0,0,0,830,462,368,655,285,370,408,378,30,369,351,18,0,0,0,2,1,1,0,0,0,367,350,17,39,27,12,0,0,0,1,0,1,0,0,0,38,27,11,32,23,9,0,0,0,1,0,1,0,0,0,31,23,8,7,4,3,0,0,0,0,0,0,0,0,0,7,4,3,1077,369,708
5,66,344,800337,4,0,WARD,Kaladhungi (NP) WARD NO.-0004,Urban,133,857,445,412,158,89,69,30,12,18,0,0,0,471,257,214,386,188,198,220,208,12,215,203,12,0,0,0,0,0,0,0,0,0,215,203,12,5,5,0,0,0,0,1,1,0,0,0,0,4,4,0,5,5,0,0,0,0,1,1,0,0,0,0,4,4,0,0,0,0,0,0,0,0,0,0,0,0,0,0,0,0,637,237,400
5,66,344,800337,5,0,WARD,Kaladhungi (NP) WARD NO.-0005,Urban,206,1196,620,576,191,87,104,235,117,118,0,0,0,725,422,303,471,198,273,337,322,15,244,231,13,0,0,0,0,0,0,19,17,2,225,214,11,93,91,2,0,0,0,3,3,0,0,0,0,90,88,2,67,65,2,0,0,0,2,2,0,0,0,0,65,63,2,26,26,0,0,0,0,1,1,0,0,0,0,25,25,0,859,298,561
5,66,344,800337,6,0,WARD,Kaladhungi (NP) WARD NO.-0006,Urban,230,1130,635,495,149,88,61,96,52,44,0,0,0,834,482,352,296,153,143,373,311,62,320,276,44,19,5,14,0,0,0,3,3,0,298,268,30,53,35,18,2,0,2,15,10,5,0,0,0,36,25,11,45,30,15,2,0,2,14,10,4,0,0,0,29,20,9,8,5,3,0,0,0,1,0,1,0,0,0,7,5,2,757,324,433
5,66,344,800337,7,0,WARD,Kaladhungi (NP) WARD NO.-0007,Urban,196,852,449,403,93,51,42,59,34,25,7,4,3,673,376,297,179,73,106,301,228,73,268,214,54,54,46,8,3,2,1,12,6,6,199,160,39,33,14,19,12,2,10,1,0,1,0,0,0,20,12,8,20,12,8,7,2,5,0,0,0,0,0,0,13,10,3,13,2,11,5,0,5,1,0,1,0,0,0,7,2,5,551,221,330
5,66,345,0,0,0,SUB-DISTRICT,Lalkuan,Total,18915,94724,49676,45048,12328,6563,5765,13840,7273,6567,288,167,121,68518,39233,29285,26206,10443,15763,39774,25967,13807,29780,21409,8371,10146,5045,5101,2076,1166,910,797,513,284,16761,14685,2076,9994,4558,5436,3815,1112,2703,2839,1281,1558,596,184,412,2744,1981,763,7811,3727,4084,2428,780,1648,2466,1083,1383,506,133,373,2411,1731,680,2183,831,1352,1387,332,1055,373,198,175,90,51,39,333,250,83,54950,23709,31241
5,66,345,0,0,0,SUB-DISTRICT,Lalkuan,Rural,17391,87080,45486,41594,11311,6031,5280,12408,6504,5904,228,132,96,63012,35985,27027,24068,9501,14567,37089,23554,13535,27539,19346,8193,10142,5043,5099,2070,1161,909,700,425,275,14627,12717,1910,9550,4208,5342,3809,1110,2699,2838,1281,1557,585,178,407,2318,1639,679,7408,3404,4004,2422,778,1644,2465,1083,1382,501,131,370,2020,1412,608,2142,804,1338,1387,332,1055,373,198,175,84,47,37,298,227,71,49991,21932,28059
5,66,345,0,0,0,SUB-DISTRICT,Lalkuan,Urban,1524,7644,4190,3454,1017,532,485,1432,769,663,60,35,25,5506,3248,2258,2138,942,1196,2685,2413,272,2241,2063,178,4,2,2,6,5,1,97,88,9,2134,1968,166,444,350,94,6,2,4,1,0,1,11,6,5,426,342,84,403,323,80,6,2,4,1,0,1,5,2,3,391,319,72,41,27,14,0,0,0,0,0,0,6,4,2,35,23,12,4959,1777,3182
5,66,345,800338,0,0,TOWN,Lalkuan (NP),Urban,1524,7644,4190,3454,1017,532,485,1432,769,663,60,35,25,5506,3248,2258,2138,942,1196,2685,2413,272,2241,2063,178,4,2,2,6,5,1,97,88,9,2134,1968,166,444,350,94,6,2,4,1,0,1,11,6,5,426,342,84,403,323,80,6,2,4,1,0,1,5,2,3,391,319,72,41,27,14,0,0,0,0,0,0,6,4,2,35,23,12,4959,1777,3182
5,66,345,800338,1,0,WARD,Lalkuan (NP) WARD NO.-0001,Urban,396,1959,1022,937,297,142,155,504,259,245,5,2,3,1310,756,554,649,266,383,583,517,66,307,277,30,0,0,0,2,1,1,4,4,0,301,272,29,276,240,36,1,1,0,1,0,1,2,2,0,272,237,35,263,236,27,1,1,0,1,0,1,2,2,0,259,233,26,13,4,9,0,0,0,0,0,0,0,0,0,13,4,9,1376,505,871
5,66,345,800338,2,0,WARD,Lalkuan (NP) WARD NO.-0002,Urban,315,1420,777,643,184,105,79,162,83,79,6,5,1,1117,636,481,303,141,162,565,476,89,492,440,52,3,2,1,2,2,0,59,52,7,428,384,44,73,36,37,2,0,2,0,0,0,5,2,3,66,34,32,66,32,34,2,0,2,0,0,0,2,0,2,62,32,30,7,4,3,0,0,0,0,0,0,3,2,1,4,2,2,855,301,554
5,66,345,800338,3,0,WARD,Lalkuan (NP) WARD NO.-0003,Urban,210,1110,593,517,143,69,74,194,96,98,0,0,0,828,477,351,282,116,166,373,329,44,359,322,37,1,0,1,2,2,0,5,5,0,351,315,36,14,7,7,1,0,1,0,0,0,2,0,2,11,7,4,11,5,6,1,0,1,0,0,0,1,0,1,9,5,4,3,2,1,0,0,0,0,0,0,1,0,1,2,2,0,737,264,473
5,66,345,800338,4,0,WARD,Lalkuan (NP) WARD NO.-0004,Urban,169,775,439,336,92,48,44,52,29,23,5,2,3,549,339,210,226,100,126,304,276,28,269,247,22,0,0,0,0,0,0,0,0,0,269,247,22,35,29,6,2,1,1,0,0,0,2,2,0,31,26,5,20,14,6,2,1,1,0,0,0,0,0,0,18,13,5,15,15,0,0,0,0,0,0,0,2,2,0,13,13,0,471,163,308
5,66,345,800338,5,0,WARD,Lalkuan (NP) WARD NO.-0005,Urban,179,1040,578,462,134,73,61,203,117,86,0,0,0,770,463,307,270,115,155,321,305,16,301,288,13,0,0,0,0,0,0,8,7,1,293,281,12,20,17,3,0,0,0,0,0,0,0,0,0,20,17,3,20,17,3,0,0,0,0,0,0,0,0,0,20,17,3,0,0,0,0,0,0,0,0,0,0,0,0,0,0,0,719,273,446
5,66,345,800338,6,0,WARD,Lalkuan (NP) WARD NO.-0006,Urban,99,509,317,192,53,29,24,91,64,27,5,5,0,415,264,151,94,53,41,235,223,12,226,215,11,0,0,0,0,0,0,21,20,1,205,195,10,9,8,1,0,0,0,0,0,0,0,0,0,9,8,1,7,7,0,0,0,0,0,0,0,0,0,0,7,7,0,2,1,1,0,0,0,0,0,0,0,0,0,2,1,1,274,94,180
5,66,345,800338,7,0,WARD,Lalkuan (NP) WARD NO.-0007,Urban,156,831,464,367,114,66,48,226,121,105,39,21,18,517,313,204,314,151,163,304,287,17,287,274,13,0,0,0,0,0,0,0,0,0,287,274,13,17,13,4,0,0,0,0,0,0,0,0,0,17,13,4,16,12,4,0,0,0,0,0,0,0,0,0,16,12,4,1,1,0,0,0,0,0,0,0,0,0,0,1,1,0,527,177,350
5,67,0,0,0,0,DISTRICT,Udham Singh Nagar,Total,308581,1648902,858783,790119,229162,120687,108475,238264,124385,113879,123037,61758,61279,1037839,598525,439314,611063,260258,350805,591458,444578,146880,450762,373061,77701,94677,79644,15033,107603,84000,23603,16503,9780,6723,231979,199637,32342,140696,71517,69179,28009,10103,17906,57647,31253,26394,9893,2754,7139,45147,27407,17740,108769,58176,50593,20189,7048,13141,44102,25962,18140,7344,2053,5291,37134,23113,14021,31927,13341,18586,7820,3055,4765,13545,5291,8254,2549,701,1848,8013,4294,3719,1057444,414205,643239
5,67,0,0,0,0,DISTRICT,Udham Singh Nagar,Rural,198645,1062142,550470,511672,149886,78825,71061,174919,91263,83656,117381,58843,58538,652717,379437,273280,409425,171033,238392,406129,288619,117510,292249,234671,57578,89205,74815,14390,96377,74629,21748,10435,5382,5053,96232,79845,16387,113880,53948,59932,27293,9682,17611,53687,28668,25019,7901,2101,5800,24999,13497,11502,86550,43241,43309,19570,6673,12897,40868,23720,17148,5763,1524,4239,20349,11324,9025,27330,10707,16623,7723,3009,4714,12819,4948,7871,2138,577,1561,4650,2173,2477,656013,261851,394162
5,67,0,0,0,0,DISTRICT,Udham Singh Nagar,Urban,109936,586760,308313,278447,79276,41862,37414,63345,33122,30223,5656,2915,2741,385122,219088,166034,201638,89225,112413,185329,155959,29370,158513,138390,20123,5472,4829,643,11226,9371,1855,6068,4398,1670,135747,119792,15955,26816,17569,9247,716,421,295,3960,2585,1375,1992,653,1339,20148,13910,6238,22219,14935,7284,619,375,244,3234,2242,992,1581,529,1052,16785,11789,4996,4597,2634,1963,97,46,51,726,343,383,411,124,287,3363,2121,1242,401431,152354,249077
5,67,346,0,0,0,SUB-DISTRICT,Kashipur,Total,53432,283136,148747,134389,38936,20722,18214,48961,25679,23282,573,319,254,189685,108117,81568,93451,40630,52821,91171,75625,15546,76009,66226,9783,7772,7148,624,10732,8952,1780,2771,1580,1191,54734,48546,6188,15162,9399,5763,820,491,329,5941,3634,2307,1114,315,799,7287,4959,2328,13167,8291,4876,709,450,259,5183,3227,1956,889,250,639,6386,4364,2022,1995,1108,887,111,41,70,758,407,351,225,65,160,901,595,306,191965,73122,118843
5,67,346,0,0,0,SUB-DISTRICT,Kashipur,Rural,27184,144297,75486,68811,21591,11419,10172,37917,19945,17972,454,246,208,91455,53066,38389,52842,22420,30422,48109,37890,10219,37493,31877,5616,6764,6203,561,9472,7813,1659,1675,846,829,19582,17015,2567,10616,6013,4603,707,430,277,5501,3292,2209,864,185,679,3544,2106,1438,9197,5325,3872,596,389,207,4800,2922,1878,694,136,558,3107,1878,1229,1419,688,731,111,41,70,701,370,331,170,49,121,437,228,209,96188,37596,58592
5,67,346,0,0,0,SUB-DISTRICT,Kashipur,Urban,26248,138839,73261,65578,17345,9303,8042,11044,5734,5310,119,73,46,98230,55051,43179,40609,18210,22399,43062,37735,5327,38516,34349,4167,1008,945,63,1260,1139,121,1096,734,362,35152,31531,3621,4546,3386,1160,113,61,52,440,342,98,250,130,120,3743,2853,890,3970,2966,1004,113,61,52,383,305,78,195,114,81,3279,2486,793,576,420,156,0,0,0,57,37,20,55,16,39,464,367,97,95777,35526,60251
5,67,346,55697,0,0,TOWN,Kanchal Gosain (CT),Urban,1110,4632,2775,1857,562,324,238,399,207,192,1,1,0,3229,2139,1090,1403,636,767,2019,1704,315,1853,1578,275,37,37,0,137,126,11,25,21,4,1654,1394,260,166,126,40,2,1,1,46,40,6,7,5,2,111,80,31,155,116,39,2,1,1,37,32,5,7,5,2,109,78,31,11,10,1,0,0,0,9,8,1,0,0,0,2,2,0,2613,1071,1542
5,67,346,55697,1,0,WARD,Kanchal Gosain (CT) WARD NO.-0001,Urban,1110,4632,2775,1857,562,324,238,399,207,192,1,1,0,3229,2139,1090,1403,636,767,2019,1704,315,1853,1578,275,37,37,0,137,126,11,25,21,4,1654,1394,260,166,126,40,2,1,1,46,40,6,7,5,2,111,80,31,155,116,39,2,1,1,37,32,5,7,5,2,109,78,31,11,10,1,0,0,0,9,8,1,0,0,0,2,2,0,2613,1071,1542
5,67,346,800339,0,0,TOWN,Kashipur (NPP),Urban,22908,121623,63609,58014,14835,7967,6868,7051,3632,3419,116,71,45,88049,48342,39707,33574,15267,18307,36824,32409,4415,32863,29415,3448,457,410,47,687,593,94,758,616,142,30961,27796,3165,3961,2994,967,108,57,51,347,273,74,197,121,76,3309,2543,766,3491,2631,860,108,57,51,311,244,67,170,107,63,2902,2223,679,470,363,107,0,0,0,36,29,7,27,14,13,407,320,87,84799,31200,53599
5,67,346,800339,1,0,WARD,Kashipur (NPP) WARD NO.-0001,Urban,1350,6647,3472,3175,790,415,375,346,170,176,8,5,3,5202,2831,2371,1445,641,804,1971,1700,271,1686,1451,235,19,15,4,26,22,4,59,53,6,1582,1361,221,285,249,36,1,0,1,9,8,1,24,23,1,251,218,33,281,248,33,1,0,1,9,8,1,23,23,0,248,217,31,4,1,3,0,0,0,0,0,0,1,0,1,3,1,2,4676,1772,2904
5,67,346,800339,2,0,WARD,Kashipur (NPP) WARD NO.-0002,Urban,1054,5301,2759,2542,603,335,268,298,156,142,8,4,4,4187,2258,1929,1114,501,613,1544,1357,187,1490,1310,180,38,37,1,20,17,3,26,24,2,1406,1232,174,54,47,7,0,0,0,6,6,0,0,0,0,48,41,7,46,39,7,0,0,0,2,2,0,0,0,0,44,37,7,8,8,0,0,0,0,4,4,0,0,0,0,4,4,0,3757,1402,2355
5,67,346,800339,3,0,WARD,Kashipur (NPP) WARD NO.-0003,Urban,1481,7134,3758,3376,702,388,314,838,432,406,31,20,11,5969,3245,2724,1165,513,652,2119,1825,294,1981,1722,259,27,26,1,4,3,1,12,9,3,1938,1684,254,138,103,35,2,2,0,3,3,0,54,35,19,79,63,16,133,99,34,2,2,0,1,1,0,52,34,18,78,62,16,5,4,1,0,0,0,2,2,0,2,1,1,1,1,0,5015,1933,3082
5,67,346,800339,4,0,WARD,Kashipur (NPP) WARD NO.-0004,Urban,1335,6240,3247,2993,585,318,267,407,205,202,11,7,4,5315,2852,2463,925,395,530,1973,1683,290,1813,1564,249,41,37,4,19,19,0,24,18,6,1729,1490,239,160,119,41,4,4,0,14,10,4,7,3,4,135,102,33,149,114,35,4,4,0,12,8,4,7,3,4,126,99,27,11,5,6,0,0,0,2,2,0,0,0,0,9,3,6,4267,1564,2703
5,67,346,800339,5,0,WARD,Kashipur (NPP) WARD NO.-0005,Urban,1299,6429,3356,3073,709,381,328,639,336,303,40,22,18,5012,2737,2275,1417,619,798,2021,1751,270,1880,1638,242,35,33,2,6,6,0,41,34,7,1798,1565,233,141,113,28,0,0,0,4,3,1,15,8,7,122,102,20,111,84,27,0,0,0,4,3,1,10,3,7,97,78,19,30,29,1,0,0,0,0,0,0,5,5,0,25,24,1,4408,1605,2803
5,67,346,800339,6,0,WARD,Kashipur (NPP) WARD NO.-0006,Urban,2072,9906,5408,4498,1008,576,432,890,482,408,8,7,1,7758,4360,3398,2148,1048,1100,3174,2732,442,2756,2455,301,44,33,11,84,76,8,33,23,10,2595,2323,272,418,277,141,19,13,6,111,78,33,24,11,13,264,175,89,376,252,124,19,13,6,103,74,29,18,10,8,236,155,81,42,25,17,0,0,0,8,4,4,6,1,5,28,20,8,6732,2676,4056
5,67,346,800339,7,0,WARD,Kashipur (NPP) WARD NO.-0007,Urban,1298,7432,3831,3601,1000,534,466,1928,948,980,0,0,0,4364,2417,1947,3068,1414,1654,2123,1814,309,1863,1607,256,11,11,0,8,5,3,65,52,13,1779,1539,240,260,207,53,1,0,1,4,3,1,10,7,3,245,197,48,160,123,37,1,0,1,1,1,0,8,7,1,150,115,35,100,84,16,0,0,0,3,2,1,2,0,2,95,82,13,5309,2017,3292
5,67,346,800339,8,0,WARD,Kashipur (NPP) WARD NO.-0008,Urban,1624,9077,4844,4233,1361,739,622,176,97,79,0,0,0,5793,3311,2482,3284,1533,1751,2569,2410,159,2438,2292,146,58,52,6,44,28,16,23,17,6,2313,2195,118,131,118,13,7,6,1,11,9,2,1,1,0,112,102,10,118,106,12,7,6,1,11,9,2,1,1,0,99,90,9,13,12,1,0,0,0,0,0,0,0,0,0,13,12,1,6508,2434,4074
5,67,346,800339,9,0,WARD,Kashipur (NPP) WARD NO.-0009,Urban,1218,7369,3836,3533,1201,625,576,151,77,74,0,0,0,3612,1950,1662,3757,1886,1871,2148,1998,150,1775,1658,117,23,22,1,126,113,13,80,59,21,1546,1464,82,373,340,33,0,0,0,6,5,1,14,11,3,353,324,29,300,279,21,0,0,0,5,4,1,10,10,0,285,265,20,73,61,12,0,0,0,1,1,0,4,1,3,68,59,9,5221,1838,3383
5,67,346,800339,10,0,WARD,Kashipur (NPP) WARD NO.-0010,Urban,1100,6300,3262,3038,859,452,407,0,0,0,0,0,0,4319,2397,1922,1981,865,1116,1989,1747,242,1691,1541,150,22,17,5,154,127,27,78,57,21,1437,1340,97,298,206,92,56,20,36,62,60,2,23,11,12,157,115,42,241,155,86,56,20,36,59,57,2,18,7,11,108,71,37,57,51,6,0,0,0,3,3,0,5,4,1,49,44,5,4311,1515,2796
5,67,346,800339,11,0,WARD,Kashipur (NPP) WARD NO.-0011,Urban,981,5491,2873,2618,634,319,315,14,5,9,0,0,0,3924,2184,1740,1567,689,878,1915,1666,249,1608,1427,181,9,6,3,3,0,3,19,13,6,1577,1408,169,307,239,68,2,2,0,1,0,1,0,0,0,304,237,67,282,226,56,2,2,0,1,0,1,0,0,0,279,224,55,25,13,12,0,0,0,0,0,0,0,0,0,25,13,12,3576,1207,2369
5,67,346,800339,12,0,WARD,Kashipur (NPP) WARD NO.-0012,Urban,746,4126,2113,2013,491,258,233,58,34,24,7,4,3,2987,1652,1335,1139,461,678,1253,1102,151,1145,1009,136,4,4,0,16,14,2,24,19,5,1101,972,129,108,93,15,0,0,0,5,4,1,2,0,2,101,89,12,106,91,15,0,0,0,5,4,1,2,0,2,99,87,12,2,2,0,0,0,0,0,0,0,0,0,0,2,2,0,2873,1011,1862
5,67,346,800339,13,0,WARD,Kashipur (NPP) WARD NO.-0013,Urban,714,3782,1970,1812,430,218,212,140,69,71,3,2,1,2936,1602,1334,846,368,478,1220,1059,161,1123,997,126,7,6,1,15,14,1,22,17,5,1079,960,119,97,62,35,1,1,0,4,2,2,2,0,2,90,59,31,95,60,35,1,1,0,4,2,2,2,0,2,88,57,31,2,2,0,0,0,0,0,0,0,0,0,0,2,2,0,2562,911,1651
5,67,346,800339,14,0,WARD,Kashipur (NPP) WARD NO.-0014,Urban,495,2501,1251,1250,220,124,96,0,0,0,0,0,0,2177,1094,1083,324,157,167,864,724,140,774,676,98,13,11,2,0,0,0,5,3,2,756,662,94,90,48,42,0,0,0,0,0,0,0,0,0,90,48,42,71,37,34,0,0,0,0,0,0,0,0,0,71,37,34,19,11,8,0,0,0,0,0,0,0,0,0,19,11,8,1637,527,1110
5,67,346,800339,15,0,WARD,Kashipur (NPP) WARD NO.-0015,Urban,744,4521,2363,2158,609,342,267,284,152,132,0,0,0,2913,1651,1262,1608,712,896,1341,1255,86,1317,1243,74,42,42,0,7,6,1,59,57,2,1209,1138,71,24,12,12,0,0,0,1,0,1,0,0,0,23,12,11,23,12,11,0,0,0,1,0,1,0,0,0,22,12,10,1,0,1,0,0,0,0,0,0,0,0,0,1,0,1,3180,1108,2072
5,67,346,800339,16,0,WARD,Kashipur (NPP) WARD NO.-0016,Urban,1203,6435,3304,3131,709,387,322,319,169,150,0,0,0,4936,2652,2284,1499,652,847,1998,1778,220,1790,1613,177,22,19,3,80,74,6,78,69,9,1610,1451,159,208,165,43,2,1,1,7,5,2,4,3,1,195,156,39,177,139,38,2,1,1,6,4,2,2,1,1,167,133,34,31,26,5,0,0,0,1,1,0,2,2,0,28,23,5,4437,1526,2911
5,67,346,800339,17,0,WARD,Kashipur (NPP) WARD NO.-0017,Urban,732,3917,2008,1909,411,203,208,122,61,61,0,0,0,3165,1670,1495,752,338,414,1311,1089,222,948,864,84,9,9,0,17,17,0,30,30,0,892,808,84,363,225,138,2,0,2,39,30,9,5,3,2,317,192,125,348,213,135,2,0,2,39,30,9,5,3,2,302,180,122,15,12,3,0,0,0,0,0,0,0,0,0,15,12,3,2606,919,1687
5,67,346,800339,18,0,WARD,Kashipur (NPP) WARD NO.-0018,Urban,1246,6947,3617,3330,837,448,389,272,147,125,0,0,0,5175,2854,2321,1772,763,1009,2005,1779,226,1747,1571,176,15,15,0,17,14,3,31,26,5,1684,1516,168,258,208,50,5,4,1,29,21,8,5,4,1,219,179,40,238,201,37,5,4,1,27,20,7,5,4,1,201,173,28,20,7,13,0,0,0,2,1,1,0,0,0,18,6,12,4942,1838,3104
5,67,346,800339,19,0,WARD,Kashipur (NPP) WARD NO.-0019,Urban,623,3375,1764,1611,435,235,200,13,6,7,0,0,0,2618,1420,1198,757,344,413,912,844,68,865,802,63,0,0,0,1,1,0,0,0,0,864,801,63,47,42,5,0,0,0,0,0,0,0,0,0,47,42,5,47,42,5,0,0,0,0,0,0,0,0,0,47,42,5,0,0,0,0,0,0,0,0,0,0,0,0,0,0,0,2463,920,1543
5,67,346,800339,20,0,WARD,Kashipur (NPP) WARD NO.-0020,Urban,1593,8693,4573,4120,1241,670,571,156,86,70,0,0,0,5687,3205,2482,3006,1368,1638,2374,2096,278,2173,1975,198,18,15,3,40,37,3,49,36,13,2066,1887,179,201,121,80,6,4,2,31,26,5,7,1,6,157,90,67,189,111,78,6,4,2,21,17,4,7,1,6,155,89,66,12,10,2,0,0,0,10,9,1,0,0,0,2,1,1,6319,2477,3842
5,67,346,800340,0,0,TOWN,Mahua Kheraganj (NP),Urban,2230,12584,6877,5707,1948,1012,936,3594,1895,1699,2,1,1,6952,4570,2382,5632,2307,3325,4219,3622,597,3800,3356,444,514,498,16,436,420,16,313,97,216,2537,2341,196,419,266,153,3,3,0,47,29,18,46,4,42,323,230,93,324,219,105,3,3,0,35,29,6,18,2,16,268,185,83,95,47,48,0,0,0,12,0,12,28,2,26,55,45,10,8365,3255,5110
5,67,346,800340,1,0,WARD,Mahua Kheraganj (NP) WARD NO.-0001,Urban,378,1835,1009,826,282,142,140,1564,805,759,2,1,1,1173,760,413,662,249,413,661,555,106,585,512,73,138,136,2,84,76,8,17,1,16,346,299,47,76,43,33,3,3,0,6,0,6,3,1,2,64,39,25,51,25,26,3,3,0,5,0,5,2,1,1,41,21,20,25,18,7,0,0,0,1,0,1,1,0,1,23,18,5,1174,454,720
5,67,346,800340,2,0,WARD,Mahua Kheraganj (NP) WARD NO.-0002,Urban,265,1584,838,746,237,119,118,769,397,372,0,0,0,910,566,344,674,272,402,414,369,45,373,359,14,127,122,5,55,55,0,8,6,2,183,176,7,41,10,31,0,0,0,7,7,0,0,0,0,34,3,31,41,10,31,0,0,0,7,7,0,0,0,0,34,3,31,0,0,0,0,0,0,0,0,0,0,0,0,0,0,0,1170,469,701
5,67,346,800340,3,0,WARD,Mahua Kheraganj (NP) WARD NO.-0003,Urban,328,1766,967,799,268,141,127,555,297,258,0,0,0,1035,678,357,731,289,442,608,521,87,575,502,73,93,90,3,23,23,0,74,31,43,385,358,27,33,19,14,0,0,0,14,14,0,8,0,8,11,5,6,32,19,13,0,0,0,14,14,0,7,0,7,11,5,6,1,0,1,0,0,0,0,0,0,1,0,1,0,0,0,1158,446,712
5,67,346,800340,4,0,WARD,Mahua Kheraganj (NP) WARD NO.-0004,Urban,420,2251,1281,970,326,167,159,407,214,193,0,0,0,1369,918,451,882,363,519,781,712,69,749,700,49,62,59,3,136,131,5,33,9,24,518,501,17,32,12,20,0,0,0,2,1,1,1,0,1,29,11,18,32,12,20,0,0,0,2,1,1,1,0,1,29,11,18,0,0,0,0,0,0,0,0,0,0,0,0,0,0,0,1470,569,901
5,67,346,800340,5,0,WARD,Mahua Kheraganj (NP) WARD NO.-0005,Urban,301,1745,923,822,299,169,130,253,149,104,0,0,0,825,499,326,920,424,496,511,463,48,316,310,6,13,12,1,35,35,0,0,0,0,268,263,5,195,153,42,0,0,0,18,7,11,29,3,26,148,143,5,127,124,3,0,0,0,7,7,0,3,1,2,117,116,1,68,29,39,0,0,0,11,0,11,26,2,24,31,27,4,1234,460,774
5,67,346,800340,6,0,WARD,Mahua Kheraganj (NP) WARD NO.-0006,Urban,230,1634,910,724,247,143,104,26,19,7,0,0,0,834,569,265,800,341,459,544,470,74,528,461,67,74,72,2,88,88,0,64,22,42,302,279,23,16,9,7,0,0,0,0,0,0,4,0,4,12,9,3,15,9,6,0,0,0,0,0,0,4,0,4,11,9,2,1,0,1,0,0,0,0,0,0,0,0,0,1,0,1,1090,440,650
5,67,346,800340,7,0,WARD,Mahua Kheraganj (NP) WARD NO.-0007,Urban,308,1769,949,820,289,131,158,20,14,6,0,0,0,806,580,226,963,369,594,700,532,168,674,512,162,7,7,0,15,12,3,117,28,89,535,465,70,26,20,6,0,0,0,0,0,0,1,0,1,25,20,5,26,20,6,0,0,0,0,0,0,1,0,1,25,20,5,0,0,0,0,0,0,0,0,0,0,0,0,0,0,0,1069,417,652
5,67,347,0,0,0,SUB-DISTRICT,Jaspur,Total,31022,170315,89117,81198,23902,12725,11177,27962,14685,13277,29,14,15,107739,62435,45304,62576,26682,35894,61916,46720,15196,46094,38761,7333,10948,9981,967,11751,9439,2312,2399,1028,1371,20996,18313,2683,15822,7959,7863,1443,606,837,7352,4086,3266,2192,528,1664,4835,2739,2096,11303,6356,4947,838,364,474,4949,3253,1696,1379,307,1072,4137,2432,1705,4519,1603,2916,605,242,363,2403,833,1570,813,221,592,698,307,391,108399,42397,66002
5,67,347,0,0,0,SUB-DISTRICT,Jaspur,Rural,21064,112466,58959,53507,15781,8462,7319,23907,12510,11397,29,14,15,69431,40731,28700,43035,18228,24807,44856,31721,13135,30859,24947,5912,9983,9052,931,10630,8504,2126,1762,620,1142,8484,6771,1713,13997,6774,7223,1413,589,824,7196,3997,3199,1950,477,1473,3438,1711,1727,9655,5268,4387,808,347,461,4821,3185,1636,1179,265,914,2847,1471,1376,4342,1506,2836,605,242,363,2375,812,1563,771,212,559,591,240,351,67610,27238,40372
5,67,347,0,0,0,SUB-DISTRICT,Jaspur,Urban,9958,57849,30158,27691,8121,4263,3858,4055,2175,1880,0,0,0,38308,21704,16604,19541,8454,11087,17060,14999,2061,15235,13814,1421,965,929,36,1121,935,186,637,408,229,12512,11542,970,1825,1185,640,30,17,13,156,89,67,242,51,191,1397,1028,369,1648,1088,560,30,17,13,128,68,60,200,42,158,1290,961,329,177,97,80,0,0,0,28,21,7,42,9,33,107,67,40,40789,15159,25630
5,67,347,800341,0,0,TOWN,Mahua Dabra Haripura (NP),Urban,1334,7326,3828,3498,1079,559,520,1004,520,484,0,0,0,4633,2737,1896,2693,1091,1602,2565,1979,586,2345,1889,456,392,377,15,590,440,150,283,125,158,1080,947,133,220,90,130,9,7,2,41,19,22,91,17,74,79,47,32,174,67,107,9,7,2,26,9,17,73,13,60,66,38,28,46,23,23,0,0,0,15,10,5,18,4,14,13,9,4,4761,1849,2912
5,67,347,800341,1,0,WARD,Mahua Dabra Haripura (NP) WARD NO.-0001,Urban,185,1078,564,514,149,78,71,732,379,353,0,0,0,769,443,326,309,121,188,299,265,34,278,249,29,86,83,3,55,54,1,1,1,0,136,111,25,21,16,5,3,2,1,6,5,1,1,0,1,11,9,2,20,15,5,3,2,1,5,4,1,1,0,1,11,9,2,1,1,0,0,0,0,1,1,0,0,0,0,0,0,0,779,299,480
5,67,347,800341,2,0,WARD,Mahua Dabra Haripura (NP) WARD NO.-0002,Urban,222,780,458,322,99,50,49,252,130,122,0,0,0,532,347,185,248,111,137,340,293,47,334,293,41,17,16,1,93,59,34,0,0,0,224,218,6,6,0,6,0,0,0,0,0,0,0,0,0,6,0,6,6,0,6,0,0,0,0,0,0,0,0,0,6,0,6,0,0,0,0,0,0,0,0,0,0,0,0,0,0,0,440,165,275
5,67,347,800341,3,0,WARD,Mahua Dabra Haripura (NP) WARD NO.-0003,Urban,297,1766,897,869,302,152,150,0,0,0,0,0,0,1058,602,456,708,295,413,760,474,286,639,438,201,47,47,0,290,186,104,60,12,48,242,193,49,121,36,85,0,0,0,25,9,16,64,11,53,32,16,16,88,22,66,0,0,0,16,3,13,49,9,40,23,10,13,33,14,19,0,0,0,9,6,3,15,2,13,9,6,3,1006,423,583
5,67,347,800341,4,0,WARD,Mahua Dabra Haripura (NP) WARD NO.-0004,Urban,196,1173,619,554,161,95,66,13,8,5,0,0,0,795,460,335,378,159,219,367,314,53,356,306,50,117,115,2,47,45,2,41,19,22,151,127,24,11,8,3,0,0,0,1,1,0,0,0,0,10,7,3,10,7,3,0,0,0,1,1,0,0,0,0,9,6,3,1,1,0,0,0,0,0,0,0,0,0,0,1,1,0,806,305,501
5,67,347,800341,5,0,WARD,Mahua Dabra Haripura (NP) WARD NO.-0005,Urban,195,1185,604,581,186,85,101,0,0,0,0,0,0,637,390,247,548,214,334,397,293,104,371,286,85,20,15,5,40,36,4,143,71,72,168,164,4,26,7,19,1,1,0,5,1,4,17,2,15,3,3,0,23,6,17,1,1,0,3,0,3,16,2,14,3,3,0,3,1,2,0,0,0,2,1,1,1,0,1,0,0,0,788,311,477
5,67,347,800341,6,0,WARD,Mahua Dabra Haripura (NP) WARD NO.-0006,Urban,120,708,367,341,104,61,43,0,0,0,0,0,0,410,239,171,298,128,170,206,177,29,185,164,21,34,34,0,25,25,0,27,20,7,99,85,14,21,13,8,0,0,0,3,2,1,8,4,4,10,7,3,14,8,6,0,0,0,1,1,0,6,2,4,7,5,2,7,5,2,0,0,0,2,1,1,2,2,0,3,2,1,502,190,312
5,67,347,800341,7,0,WARD,Mahua Dabra Haripura (NP) WARD NO.-0007,Urban,119,636,319,317,78,38,40,7,3,4,0,0,0,432,256,176,204,63,141,196,163,33,182,153,29,71,67,4,40,35,5,11,2,9,60,49,11,14,10,4,5,4,1,1,1,0,1,0,1,7,5,2,13,9,4,5,4,1,0,0,0,1,0,1,7,5,2,1,1,0,0,0,0,1,1,0,0,0,0,0,0,0,440,156,284
5,67,347,800342,0,0,TOWN,Jaspur (NPP),Urban,8624,50523,26330,24193,7042,3704,3338,3051,1655,1396,0,0,0,33675,18967,14708,16848,7363,9485,14495,13020,1475,12890,11925,965,573,552,21,531,495,36,354,283,71,11432,10595,837,1605,1095,510,21,10,11,115,70,45,151,34,117,1318,981,337,1474,1021,453,21,10,11,102,59,43,127,29,98,1224,923,301,131,74,57,0,0,0,13,11,2,24,5,19,94,58,36,36028,13310,22718
5,67,347,800342,1,0,WARD,Jaspur (NPP) WARD NO.-0001,Urban,387,2303,1237,1066,306,162,144,655,358,297,0,0,0,1598,944,654,705,293,412,695,625,70,674,613,61,8,6,2,7,4,3,30,28,2,629,575,54,21,12,9,2,1,1,1,1,0,0,0,0,18,10,8,20,11,9,2,1,1,1,1,0,0,0,0,17,9,8,1,1,0,0,0,0,0,0,0,0,0,0,1,1,0,1608,612,996
5,67,347,800342,2,0,WARD,Jaspur (NPP) WARD NO.-0002,Urban,792,4781,2482,2299,714,394,320,825,440,385,0,0,0,2983,1643,1340,1798,839,959,1455,1233,222,1281,1145,136,38,38,0,48,44,4,28,16,12,1167,1047,120,174,88,86,3,1,2,32,11,21,45,16,29,94,60,34,157,76,81,3,1,2,30,10,20,39,13,26,85,52,33,17,12,5,0,0,0,2,1,1,6,3,3,9,8,1,3326,1249,2077
5,67,347,800342,3,0,WARD,Jaspur (NPP) WARD NO.-0003,Urban,881,4639,2405,2234,562,309,253,434,242,192,0,0,0,3664,1985,1679,975,420,555,1249,1139,110,1196,1094,102,94,91,3,170,164,6,14,12,2,918,827,91,53,45,8,3,2,1,12,12,0,1,0,1,37,31,6,40,34,6,3,2,1,6,6,0,1,0,1,30,26,4,13,11,2,0,0,0,6,6,0,0,0,0,7,5,2,3390,1266,2124
5,67,347,800342,4,0,WARD,Jaspur (NPP) WARD NO.-0004,Urban,910,5458,2820,2638,801,418,383,13,7,6,0,0,0,3124,1801,1323,2334,1019,1315,1484,1355,129,1407,1305,102,85,84,1,64,58,6,35,22,13,1223,1141,82,77,50,27,2,1,1,13,10,3,12,1,11,50,38,12,58,39,19,2,1,1,9,7,2,7,1,6,40,30,10,19,11,8,0,0,0,4,3,1,5,0,5,10,8,2,3974,1465,2509
5,67,347,800342,5,0,WARD,Jaspur (NPP) WARD NO.-0005,Urban,577,3441,1792,1649,464,236,228,316,173,143,0,0,0,2252,1276,976,1189,516,673,1187,955,232,974,895,79,99,90,9,43,42,1,102,95,7,730,668,62,213,60,153,1,0,1,9,8,1,43,6,37,160,46,114,175,52,123,1,0,1,8,7,1,30,4,26,136,41,95,38,8,30,0,0,0,1,1,0,13,2,11,24,5,19,2254,837,1417
5,67,347,800342,6,0,WARD,Jaspur (NPP) WARD NO.-0006,Urban,668,3676,1919,1757,567,278,289,74,39,35,0,0,0,2423,1417,1006,1253,502,751,1086,1005,81,931,872,59,37,37,0,17,13,4,7,3,4,870,819,51,155,133,22,1,1,0,3,0,3,0,0,0,151,132,19,146,125,21,1,1,0,3,0,3,0,0,0,142,124,18,9,8,1,0,0,0,0,0,0,0,0,0,9,8,1,2590,914,1676
5,67,347,800342,7,0,WARD,Jaspur (NPP) WARD NO.-0007,Urban,706,3846,2025,1821,491,269,222,427,226,201,0,0,0,2735,1551,1184,1111,474,637,1169,975,194,957,854,103,59,55,4,93,84,9,42,30,12,763,685,78,212,121,91,0,0,0,19,12,7,23,3,20,170,106,64,211,120,91,0,0,0,19,12,7,23,3,20,169,105,64,1,1,0,0,0,0,0,0,0,0,0,0,1,1,0,2677,1050,1627
5,67,347,800342,8,0,WARD,Jaspur (NPP) WARD NO.-0008,Urban,526,2699,1409,1290,297,169,128,250,139,111,0,0,0,2183,1178,1005,516,231,285,815,704,111,785,683,102,64,63,1,17,16,1,3,2,1,701,602,99,30,21,9,1,0,1,13,8,5,0,0,0,16,13,3,28,20,8,1,0,1,13,8,5,0,0,0,14,12,2,2,1,1,0,0,0,0,0,0,0,0,0,2,1,1,1884,705,1179
5,67,347,800342,9,0,WARD,Jaspur (NPP) WARD NO.-0009,Urban,383,2453,1316,1137,258,128,130,0,0,0,0,0,0,1854,1058,796,599,258,341,618,591,27,572,549,23,1,1,0,1,1,0,0,0,0,570,547,23,46,42,4,0,0,0,0,0,0,0,0,0,46,42,4,36,33,3,0,0,0,0,0,0,0,0,0,36,33,3,10,9,1,0,0,0,0,0,0,0,0,0,10,9,1,1835,725,1110
5,67,347,800342,10,0,WARD,Jaspur (NPP) WARD NO.-0010,Urban,456,2561,1343,1218,339,180,159,49,26,23,0,0,0,1755,987,768,806,356,450,763,674,89,719,644,75,31,31,0,10,10,0,12,3,9,666,600,66,44,30,14,2,2,0,0,0,0,6,2,4,36,26,10,43,30,13,2,2,0,0,0,0,6,2,4,35,26,9,1,0,1,0,0,0,0,0,0,0,0,0,1,0,1,1798,669,1129
5,67,347,800342,11,0,WARD,Jaspur (NPP) WARD NO.-0011,Urban,376,2346,1195,1151,273,136,137,0,0,0,0,0,0,1750,962,788,596,233,363,682,624,58,634,600,34,26,26,0,1,1,0,34,30,4,573,543,30,48,24,24,0,0,0,5,5,0,4,0,4,39,19,20,47,24,23,0,0,0,5,5,0,4,0,4,38,19,19,1,0,1,0,0,0,0,0,0,0,0,0,1,0,1,1664,571,1093
5,67,347,800342,12,0,WARD,Jaspur (NPP) WARD NO.-0012,Urban,1351,8332,4341,3991,1387,721,666,0,0,0,0,0,0,4844,2766,2078,3488,1575,1913,2204,2112,92,1926,1861,65,13,12,1,10,8,2,23,21,2,1880,1820,60,278,251,27,1,1,0,4,3,1,10,3,7,263,244,19,275,249,26,1,1,0,4,3,1,10,3,7,260,242,18,3,2,1,0,0,0,0,0,0,0,0,0,3,2,1,6128,2229,3899
5,67,347,800342,13,0,WARD,Jaspur (NPP) WARD NO.-0013,Urban,611,3988,2046,1942,583,304,279,8,5,3,0,0,0,2510,1399,1111,1478,647,831,1088,1028,60,834,810,24,18,18,0,50,50,0,24,21,3,742,721,21,254,218,36,5,1,4,4,0,4,7,3,4,238,214,24,238,208,30,5,1,4,4,0,4,7,3,4,222,204,18,16,10,6,0,0,0,0,0,0,0,0,0,16,10,6,2900,1018,1882
5,67,348,0,0,0,SUB-DISTRICT,Bajpur,Total,34323,188083,98194,89889,28333,14847,13486,27454,14388,13066,14699,7369,7330,106123,62884,43239,81960,35310,46650,61574,49464,12110,48764,42108,6656,11686,10533,1153,19821,16661,3160,1163,898,265,16094,14016,2078,12810,7356,5454,1697,698,999,7260,4258,3002,574,226,348,3279,2174,1105,10612,6495,4117,1332,580,752,5928,3779,2149,479,198,281,2873,1938,935,2198,861,1337,365,118,247,1332,479,853,95,28,67,406,236,170,126509,48730,77779
5,67,348,0,0,0,SUB-DISTRICT,Bajpur,Rural,26137,141749,73703,68046,21969,11453,10516,22334,11653,10681,14589,7302,7287,77211,45964,31247,64538,27739,36799,47682,37458,10224,37650,32181,5469,10944,9823,1121,18105,15136,2969,715,526,189,7886,6696,1190,10032,5277,4755,1654,669,985,6232,3552,2680,419,160,259,1727,896,831,8295,4602,3693,1299,556,743,5155,3135,2020,354,136,218,1487,775,712,1737,675,1062,355,113,242,1077,417,660,65,24,41,240,121,119,94067,36245,57822
5,67,348,0,0,0,SUB-DISTRICT,Bajpur,Urban,8186,46334,24491,21843,6364,3394,2970,5120,2735,2385,110,67,43,28912,16920,11992,17422,7571,9851,13892,12006,1886,11114,9927,1187,742,710,32,1716,1525,191,448,372,76,8208,7320,888,2778,2079,699,43,29,14,1028,706,322,155,66,89,1552,1278,274,2317,1893,424,33,24,9,773,644,129,125,62,63,1386,1163,223,461,186,275,10,5,5,255,62,193,30,4,26,166,115,51,32442,12485,19957
5,67,348,800343,0,0,TOWN,Sultanpur (NP),Urban,1700,9881,5233,4648,1441,794,647,1425,777,648,3,1,2,6058,3674,2384,3823,1559,2264,2749,2428,321,2420,2175,245,388,367,21,679,605,74,59,52,7,1294,1151,143,329,253,76,18,14,4,217,182,35,44,16,28,50,41,9,276,228,48,10,9,1,197,171,26,27,13,14,42,35,7,53,25,28,8,5,3,20,11,9,17,3,14,8,6,2,7132,2805,4327
5,67,348,800343,1,0,WARD,Sultanpur (NP) WARD NO.-0001,Urban,283,1631,897,734,195,122,73,571,319,252,0,0,0,1000,613,387,631,284,347,455,413,42,450,408,42,76,76,0,201,197,4,2,2,0,171,133,38,5,5,0,0,0,0,1,1,0,0,0,0,4,4,0,5,5,0,0,0,0,1,1,0,0,0,0,4,4,0,0,0,0,0,0,0,0,0,0,0,0,0,0,0,0,1176,484,692
5,67,348,800343,2,0,WARD,Sultanpur (NP) WARD NO.-0002,Urban,220,1290,677,613,180,107,73,165,86,79,3,1,2,794,486,308,496,191,305,407,338,69,405,337,68,36,31,5,80,53,27,11,9,2,278,244,34,2,1,1,1,1,0,0,0,0,0,0,0,1,0,1,2,1,1,1,1,0,0,0,0,0,0,0,1,0,1,0,0,0,0,0,0,0,0,0,0,0,0,0,0,0,883,339,544
5,67,348,800343,3,0,WARD,Sultanpur (NP) WARD NO.-0003,Urban,360,1818,941,877,348,171,177,449,234,215,0,0,0,950,601,349,868,340,528,493,426,67,255,232,23,34,34,0,113,103,10,4,3,1,104,92,12,238,194,44,7,7,0,191,167,24,27,12,15,13,8,5,216,188,28,4,4,0,185,164,21,16,12,4,11,8,3,22,6,16,3,3,0,6,3,3,11,0,11,2,0,2,1325,515,810
5,67,348,800343,4,0,WARD,Sultanpur (NP) WARD NO.-0004,Urban,161,975,526,449,135,73,62,138,81,57,0,0,0,660,398,262,315,128,187,252,240,12,245,234,11,41,41,0,72,69,3,11,11,0,121,113,8,7,6,1,2,1,1,3,3,0,0,0,0,2,2,0,7,6,1,2,1,1,3,3,0,0,0,0,2,2,0,0,0,0,0,0,0,0,0,0,0,0,0,0,0,0,723,286,437
5,67,348,800343,5,0,WARD,Sultanpur (NP) WARD NO.-0005,Urban,176,1068,556,512,127,70,57,53,30,23,0,0,0,742,434,308,326,122,204,284,253,31,271,243,28,38,36,2,26,15,11,4,3,1,203,189,14,13,10,3,1,1,0,3,1,2,3,2,1,6,6,0,4,3,1,1,1,0,1,0,1,0,0,0,2,2,0,9,7,2,0,0,0,2,1,1,3,2,1,4,4,0,784,303,481
5,67,348,800343,6,0,WARD,Sultanpur (NP) WARD NO.-0006,Urban,155,837,434,403,102,51,51,0,0,0,0,0,0,583,333,250,254,101,153,242,208,34,222,196,26,14,11,3,95,86,9,2,2,0,111,97,14,20,12,8,6,3,3,8,4,4,0,0,0,6,5,1,8,6,2,1,1,0,2,1,1,0,0,0,5,4,1,12,6,6,5,2,3,6,3,3,0,0,0,1,1,0,595,226,369
5,67,348,800343,7,0,WARD,Sultanpur (NP) WARD NO.-0007,Urban,345,2262,1202,1060,354,200,154,49,27,22,0,0,0,1329,809,520,933,393,540,616,550,66,572,525,47,149,138,11,92,82,10,25,22,3,306,283,23,44,25,19,1,1,0,11,6,5,14,2,12,18,16,2,34,19,15,1,1,0,5,2,3,11,1,10,17,15,2,10,6,4,0,0,0,6,4,2,3,1,2,1,1,0,1646,652,994
5,67,348,800344,0,0,TOWN,Bajpur (NPP),Urban,4784,25524,13643,11881,3022,1624,1398,3351,1779,1572,107,66,41,18165,10426,7739,7359,3217,4142,7937,6888,1049,6844,6048,796,170,161,9,477,428,49,295,232,63,5902,5227,675,1093,840,253,14,9,5,197,143,54,56,36,20,826,652,174,963,748,215,13,9,4,154,114,40,56,36,20,740,589,151,130,92,38,1,0,1,43,29,14,0,0,0,86,63,23,17587,6755,10832
5,67,348,800344,1,0,WARD,Bajpur (NPP) WARD NO.-0001,Urban,335,1717,906,811,215,116,99,187,96,91,41,24,17,1289,717,572,428,189,239,463,384,79,400,348,52,12,12,0,4,3,1,40,36,4,344,297,47,63,36,27,2,2,0,4,1,3,7,3,4,50,30,20,63,36,27,2,2,0,4,1,3,7,3,4,50,30,20,0,0,0,0,0,0,0,0,0,0,0,0,0,0,0,1254,522,732
5,67,348,800344,2,0,WARD,Bajpur (NPP) WARD NO.-0002,Urban,459,2651,1409,1242,318,167,151,166,91,75,0,0,0,1837,1051,786,814,358,456,841,729,112,805,705,100,76,72,4,192,173,19,79,54,25,458,406,52,36,24,12,1,1,0,7,6,1,10,3,7,18,14,4,33,22,11,1,1,0,7,6,1,10,3,7,15,12,3,3,2,1,0,0,0,0,0,0,0,0,0,3,2,1,1810,680,1130
5,67,348,800344,3,0,WARD,Bajpur (NPP) WARD NO.-0003,Urban,364,1758,930,828,186,102,84,142,75,67,9,5,4,1412,778,634,346,152,194,594,499,95,518,456,62,11,11,0,9,8,1,12,10,2,486,427,59,76,43,33,1,0,1,16,12,4,5,1,4,54,30,24,64,34,30,1,0,1,15,11,4,5,1,4,43,22,21,12,9,3,0,0,0,1,1,0,0,0,0,11,8,3,1164,431,733
5,67,348,800344,4,0,WARD,Bajpur (NPP) WARD NO.-0004,Urban,324,1772,899,873,207,117,90,663,346,317,0,0,0,1191,609,582,581,290,291,555,479,76,533,462,71,10,10,0,6,6,0,28,22,6,489,424,65,22,17,5,0,0,0,0,0,0,0,0,0,22,17,5,21,16,5,0,0,0,0,0,0,0,0,0,21,16,5,1,1,0,0,0,0,0,0,0,0,0,0,1,1,0,1217,420,797
5,67,348,800344,5,0,WARD,Bajpur (NPP) WARD NO.-0005,Urban,466,3101,1640,1461,495,264,231,5,1,4,0,0,0,1794,1073,721,1307,567,740,863,811,52,647,610,37,15,15,0,106,105,1,13,10,3,513,480,33,216,201,15,3,2,1,33,32,1,1,1,0,179,166,13,180,170,10,2,2,0,16,16,0,1,1,0,161,151,10,36,31,5,1,0,1,17,16,1,0,0,0,18,15,3,2238,829,1409
5,67,348,800344,6,0,WARD,Bajpur (NPP) WARD NO.-0006,Urban,579,3170,1692,1478,436,234,202,316,166,150,4,2,2,2152,1253,899,1018,439,579,904,788,116,753,658,95,27,23,4,5,5,0,10,9,1,711,621,90,151,130,21,5,4,1,5,3,2,2,1,1,139,122,17,141,120,21,5,4,1,5,3,2,2,1,1,129,112,17,10,10,0,0,0,0,0,0,0,0,0,0,10,10,0,2266,904,1362
5,67,348,800344,7,0,WARD,Bajpur (NPP) WARD NO.-0007,Urban,498,2427,1318,1109,283,153,130,529,278,251,13,7,6,1811,1065,746,616,253,363,820,702,118,732,642,90,0,0,0,30,28,2,7,4,3,695,610,85,88,60,28,0,0,0,26,25,1,3,2,1,59,33,26,78,59,19,0,0,0,26,25,1,3,2,1,49,32,17,10,1,9,0,0,0,0,0,0,0,0,0,10,1,9,1607,616,991
5,67,348,800344,8,0,WARD,Bajpur (NPP) WARD NO.-0008,Urban,379,1894,988,906,242,124,118,236,124,112,0,0,0,1460,811,649,434,177,257,573,485,88,536,465,71,2,2,0,4,4,0,49,38,11,481,421,60,37,20,17,0,0,0,27,11,16,1,1,0,9,8,1,36,19,17,0,0,0,26,10,16,1,1,0,9,8,1,1,1,0,0,0,0,1,1,0,0,0,0,0,0,0,1321,503,818
5,67,348,800344,9,0,WARD,Bajpur (NPP) WARD NO.-0009,Urban,443,2478,1323,1155,255,147,108,277,143,134,5,4,1,1833,1058,775,645,265,380,670,610,60,584,535,49,12,12,0,42,41,1,11,9,2,519,473,46,86,75,11,0,0,0,1,0,1,0,0,0,85,75,10,84,74,10,0,0,0,1,0,1,0,0,0,83,74,9,2,1,1,0,0,0,0,0,0,0,0,0,2,1,1,1808,713,1095
5,67,348,800344,10,0,WARD,Bajpur (NPP) WARD NO.-0010,Urban,381,1664,993,671,102,47,55,317,187,130,5,5,0,1252,796,456,412,197,215,636,585,51,556,514,42,0,0,0,0,0,0,4,2,2,552,512,40,80,71,9,0,0,0,1,1,0,0,0,0,79,70,9,72,67,5,0,0,0,0,0,0,0,0,0,72,67,5,8,4,4,0,0,0,1,1,0,0,0,0,7,3,4,1028,408,620
5,67,348,800344,11,0,WARD,Bajpur (NPP) WARD NO.-0011,Urban,556,2892,1545,1347,283,153,130,513,272,241,30,19,11,2134,1215,919,758,330,428,1018,816,202,780,653,127,5,4,1,79,55,24,42,38,4,654,556,98,238,163,75,2,0,2,77,52,25,27,24,3,132,87,45,191,131,60,2,0,2,54,42,12,27,24,3,108,65,43,47,32,15,0,0,0,23,10,13,0,0,0,24,22,2,1874,729,1145
5,67,348,800345,0,0,TOWN,Kela Khera (NP),Urban,1702,10929,5615,5314,1901,976,925,344,179,165,0,0,0,4689,2820,1869,6240,2795,3445,3206,2690,516,1850,1704,146,184,182,2,560,492,68,94,88,6,1012,942,70,1356,986,370,11,6,5,614,381,233,55,14,41,676,585,91,1078,917,161,10,6,4,422,359,63,42,13,29,604,539,65,278,69,209,1,0,1,192,22,170,13,1,12,72,46,26,7723,2925,4798
5,67,348,800345,1,0,WARD,Kela Khera (NP) WARD NO.-0001,Urban,326,2054,1048,1006,365,185,180,185,94,91,0,0,0,742,474,268,1312,574,738,583,487,96,339,308,31,12,12,0,81,74,7,15,14,1,231,208,23,244,179,65,0,0,0,7,7,0,11,2,9,226,170,56,178,136,42,0,0,0,4,4,0,9,2,7,165,130,35,66,43,23,0,0,0,3,3,0,2,0,2,61,40,21,1471,561,910
5,67,348,800345,2,0,WARD,Kela Khera (NP) WARD NO.-0002,Urban,340,2045,1065,980,362,187,175,45,27,18,0,0,0,966,562,404,1079,503,576,832,577,255,166,156,10,4,4,0,52,49,3,6,5,1,104,98,6,666,421,245,6,4,2,496,275,221,24,9,15,140,133,7,469,406,63,5,4,1,313,262,51,14,8,6,137,132,5,197,15,182,1,0,1,183,13,170,10,1,9,3,1,2,1213,488,725
5,67,348,800345,3,0,WARD,Kela Khera (NP) WARD NO.-0003,Urban,170,983,492,491,139,73,66,28,16,12,0,0,0,588,323,265,395,169,226,247,237,10,147,140,7,26,26,0,8,8,0,17,17,0,96,89,7,100,97,3,0,0,0,71,71,0,1,1,0,28,25,3,95,92,3,0,0,0,66,66,0,1,1,0,28,25,3,5,5,0,0,0,0,5,5,0,0,0,0,0,0,0,736,255,481
5,67,348,800345,4,0,WARD,Kela Khera (NP) WARD NO.-0004,Urban,356,2457,1256,1201,415,203,212,23,12,11,0,0,0,949,581,368,1508,675,833,551,527,24,318,306,12,35,35,0,68,63,5,48,45,3,167,163,4,233,221,12,2,2,0,9,8,1,0,0,0,222,211,11,231,219,12,2,2,0,9,8,1,0,0,0,220,209,11,2,2,0,0,0,0,0,0,0,0,0,0,2,2,0,1906,729,1177
5,67,348,800345,5,0,WARD,Kela Khera (NP) WARD NO.-0005,Urban,175,986,524,462,182,97,85,63,30,33,0,0,0,550,336,214,436,188,248,292,262,30,290,260,30,31,31,0,168,149,19,1,1,0,90,79,11,2,2,0,0,0,0,1,1,0,0,0,0,1,1,0,2,2,0,0,0,0,1,1,0,0,0,0,1,1,0,0,0,0,0,0,0,0,0,0,0,0,0,0,0,0,694,262,432
5,67,348,800345,6,0,WARD,Kela Khera (NP) WARD NO.-0006,Urban,235,1633,833,800,309,170,139,0,0,0,0,0,0,500,310,190,1133,523,610,499,404,95,421,369,52,33,31,2,174,140,34,5,4,1,209,194,15,78,35,43,3,0,3,24,15,9,17,0,17,34,20,14,72,33,39,3,0,3,23,14,9,16,0,16,30,19,11,6,2,4,0,0,0,1,1,0,1,0,1,4,1,3,1134,429,705
5,67,348,800345,7,0,WARD,Kela Khera (NP) WARD NO.-0007,Urban,100,771,397,374,129,61,68,0,0,0,0,0,0,394,234,160,377,163,214,202,196,6,169,165,4,43,43,0,9,9,0,2,2,0,115,111,4,33,31,2,0,0,0,6,4,2,2,2,0,25,25,0,31,29,2,0,0,0,6,4,2,2,2,0,23,23,0,2,2,0,0,0,0,0,0,0,0,0,0,2,2,0,569,201,368
5,67,349,0,0,0,SUB-DISTRICT,Kichha,Total,74194,390866,205764,185102,56540,29569,26971,65143,34012,31131,1710,883,827,241522,140041,101481,149344,65723,83621,130425,104778,25647,107934,91294,16640,8554,7632,922,16939,13730,3209,4111,2882,1229,78330,67050,11280,22491,13484,9007,1042,580,462,6356,3859,2497,1422,480,942,13671,8565,5106,18458,11317,7141,745,450,295,5143,3227,1916,1071,372,699,11499,7268,4231,4033,2167,1866,297,130,167,1213,632,581,351,108,243,2172,1297,875,260441,100986,159455
5,67,349,0,0,0,SUB-DISTRICT,Kichha,Rural,30465,160697,84322,76375,24483,12711,11772,29113,15198,13915,307,161,146,96381,56457,39924,64316,27865,36451,55903,43337,12566,45428,37504,7924,7755,6934,821,12451,10020,2431,1445,904,541,23777,19646,4131,10475,5833,4642,852,443,409,4934,2970,1964,746,220,526,3943,2200,1743,8364,4880,3484,580,332,248,3860,2425,1435,555,170,385,3369,1953,1416,2111,953,1158,272,111,161,1074,545,529,191,50,141,574,247,327,104794,40985,63809
5,67,349,0,0,0,SUB-DISTRICT,Kichha,Urban,43729,230169,121442,108727,32057,16858,15199,36030,18814,17216,1403,722,681,145141,83584,61557,85028,37858,47170,74522,61441,13081,62506,53790,8716,799,698,101,4488,3710,778,2666,1978,688,54553,47404,7149,12016,7651,4365,190,137,53,1422,889,533,676,260,416,9728,6365,3363,10094,6437,3657,165,118,47,1283,802,481,516,202,314,8130,5315,2815,1922,1214,708,25,19,6,139,87,52,160,58,102,1598,1050,548,155647,60001,95646
5,67,349,56015,0,0,TOWN,Nagla (CT),Urban,3798,22258,11989,10269,2446,1286,1160,4751,2474,2277,86,37,49,16635,9657,6978,5623,2332,3291,6527,5179,1348,5814,4800,1014,14,10,4,21,17,4,181,120,61,5598,4653,945,713,379,334,4,2,2,20,11,9,50,13,37,639,353,286,650,342,308,4,2,2,15,7,8,42,11,31,589,322,267,63,37,26,0,0,0,5,4,1,8,2,6,50,31,19,15731,6810,8921
5,67,349,56015,1,0,WARD,Nagla (CT) WARD NO.-0001,Urban,3798,22258,11989,10269,2446,1286,1160,4751,2474,2277,86,37,49,16635,9657,6978,5623,2332,3291,6527,5179,1348,5814,4800,1014,14,10,4,21,17,4,181,120,61,5598,4653,945,713,379,334,4,2,2,20,11,9,50,13,37,639,353,286,650,342,308,4,2,2,15,7,8,42,11,31,589,322,267,63,37,26,0,0,0,5,4,1,8,2,6,50,31,19,15731,6810,8921
5,67,349,56016,0,0,TOWN,Bandiya (CT),Urban,2270,11392,6070,5322,1584,844,740,1775,973,802,7,4,3,6889,4009,2880,4503,2061,2442,3755,3201,554,2743,2420,323,116,103,13,440,371,69,132,96,36,2055,1850,205,1012,781,231,8,5,3,398,318,80,82,40,42,524,418,106,946,734,212,6,5,1,368,291,77,66,34,32,506,404,102,66,47,19,2,0,2,30,27,3,16,6,10,18,14,4,7637,2869,4768
5,67,349,56016,1,0,WARD,Bandiya (CT) WARD NO.-0001,Urban,2270,11392,6070,5322,1584,844,740,1775,973,802,7,4,3,6889,4009,2880,4503,2061,2442,3755,3201,554,2743,2420,323,116,103,13,440,371,69,132,96,36,2055,1850,205,1012,781,231,8,5,3,398,318,80,82,40,42,524,418,106,946,734,212,6,5,1,368,291,77,66,34,32,506,404,102,66,47,19,2,0,2,30,27,3,16,6,10,18,14,4,7637,2869,4768
5,67,349,800346,0,0,TOWN,Rudrapur (NPP + OG),Urban,29662,154554,81340,73214,22142,11590,10552,25198,13135,12063,1218,633,585,96993,55939,41054,57561,25401,32160,51733,42070,9663,42895,36577,6318,490,411,79,3208,2594,614,2026,1465,561,37171,32107,5064,8838,5493,3345,163,118,45,737,437,300,502,193,309,7436,4745,2691,7195,4484,2711,142,101,41,657,397,260,369,146,223,6027,3840,2187,1643,1009,634,21,17,4,80,40,40,133,47,86,1409,905,504,102821,39270,63551
5,67,349,800346,0,0,TOWN,Rudrapur (NPP),Urban,26613,140857,74040,66817,20324,10632,9692,24403,12706,11697,1126,586,540,86153,50020,36133,54704,24020,30684,46957,37966,8991,38342,32599,5743,464,387,77,3167,2554,613,1917,1381,536,32794,28277,4517,8615,5367,3248,156,114,42,732,434,298,487,191,296,7240,4628,2612,7030,4386,2644,136,98,38,653,394,259,360,144,216,5881,3750,2131,1585,981,604,20,16,4,79,40,39,127,47,80,1359,878,481,93900,36074,57826
5,67,349,800346,1,0,WARD,Rudrapur (NPP) WARD NO.-0001,Urban,2202,11109,5826,5283,1642,832,810,1547,798,749,83,39,44,6477,3875,2602,4632,1951,2681,3736,2836,900,3102,2438,664,3,3,0,404,275,129,206,47,159,2489,2113,376,634,398,236,1,1,0,35,21,14,60,19,41,538,357,181,384,216,168,1,1,0,20,12,8,46,13,33,317,190,127,250,182,68,0,0,0,15,9,6,14,6,8,221,167,54,7373,2990,4383
5,67,349,800346,2,0,WARD,Rudrapur (NPP) WARD NO.-0002,Urban,5106,25415,13604,11811,4024,2128,1896,3794,1973,1821,64,35,29,15262,9249,6013,10153,4355,5798,8926,7215,1711,6693,5845,848,201,168,33,599,505,94,271,221,50,5622,4951,671,2233,1370,863,37,30,7,212,129,83,68,33,35,1916,1178,738,1779,1102,677,35,29,6,195,116,79,32,17,15,1517,940,577,454,268,186,2,1,1,17,13,4,36,16,20,399,238,161,16489,6389,10100
5,67,349,800346,3,0,WARD,Rudrapur (NPP) WARD NO.-0003,Urban,1237,6395,3287,3108,881,457,424,719,364,355,33,14,19,3534,2073,1461,2861,1214,1647,2377,1775,602,2034,1589,445,27,21,6,347,250,97,68,58,10,1592,1260,332,343,186,157,0,0,0,89,54,35,10,3,7,244,129,115,308,167,141,0,0,0,83,50,33,5,3,2,220,114,106,35,19,16,0,0,0,6,4,2,5,0,5,24,15,9,4018,1512,2506
5,67,349,800346,4,0,WARD,Rudrapur (NPP) WARD NO.-0004,Urban,2845,15862,8469,7393,2708,1412,1296,836,430,406,615,325,290,8212,5067,3145,7650,3402,4248,4716,4053,663,3877,3506,371,42,36,6,531,474,57,231,189,42,3073,2807,266,839,547,292,17,15,2,61,38,23,91,22,69,670,472,198,691,454,237,7,5,2,54,35,19,71,17,54,559,397,162,148,93,55,10,10,0,7,3,4,20,5,15,111,75,36,11146,4416,6730
5,67,349,800346,5,0,WARD,Rudrapur (NPP) WARD NO.-0005,Urban,2198,13255,7009,6246,1962,1052,910,1592,834,758,24,9,15,7328,4317,3011,5927,2692,3235,3833,3323,510,3381,3051,330,33,30,3,520,469,51,95,67,28,2733,2485,248,452,272,180,18,13,5,48,40,8,67,13,54,319,206,113,404,240,164,18,13,5,47,39,8,55,5,50,284,183,101,48,32,16,0,0,0,1,1,0,12,8,4,35,23,12,9422,3686,5736
5,67,349,800346,6,0,WARD,Rudrapur (NPP) WARD NO.-0006,Urban,1461,8099,4309,3790,1206,649,557,1346,708,638,23,14,9,4632,2708,1924,3467,1601,1866,2351,2043,308,1783,1603,180,16,13,3,58,50,8,64,43,21,1645,1497,148,568,440,128,5,2,3,57,40,17,32,19,13,474,379,95,441,344,97,5,2,3,55,39,16,26,18,8,355,285,70,127,96,31,0,0,0,2,1,1,6,1,5,119,94,25,5748,2266,3482
5,67,349,800346,7,0,WARD,Rudrapur (NPP) WARD NO.-0007,Urban,1147,6361,3362,2999,1116,609,507,4669,2460,2209,15,7,8,2632,1648,984,3729,1714,2015,2010,1665,345,1604,1404,200,5,5,0,128,92,36,53,44,9,1418,1263,155,406,261,145,2,2,0,74,30,44,19,3,16,311,226,85,296,212,84,2,2,0,48,25,23,14,2,12,232,183,49,110,49,61,0,0,0,26,5,21,5,1,4,79,43,36,4351,1697,2654
5,67,349,800346,8,0,WARD,Rudrapur (NPP) WARD NO.-0008,Urban,956,5222,2799,2423,825,431,394,3938,2112,1826,13,5,8,2638,1622,1016,2584,1177,1407,1831,1467,364,1355,1150,205,64,45,19,66,37,29,29,21,8,1196,1047,149,476,317,159,24,15,9,45,12,33,28,19,9,379,271,108,442,293,149,24,15,9,43,11,32,22,15,7,353,252,101,34,24,10,0,0,0,2,1,1,6,4,2,26,19,7,3391,1332,2059
5,67,349,800346,9,0,WARD,Rudrapur (NPP) WARD NO.-0009,Urban,604,3318,1720,1598,434,228,206,706,374,332,8,3,5,1897,1052,845,1421,668,753,1449,977,472,1031,774,257,1,1,0,84,59,25,29,20,9,917,694,223,418,203,215,5,4,1,38,26,12,13,9,4,362,164,198,406,197,209,5,4,1,38,26,12,13,9,4,350,158,192,12,6,6,0,0,0,0,0,0,0,0,0,12,6,6,1869,743,1126
5,67,349,800346,10,0,WARD,Rudrapur (NPP) WARD NO.-0010,Urban,633,3337,1706,1631,386,202,184,483,249,234,12,8,4,2395,1309,1086,942,397,545,1142,951,191,913,777,136,10,9,1,3,3,0,27,21,6,873,744,129,229,174,55,3,1,2,0,0,0,3,3,0,223,170,53,191,154,37,1,1,0,0,0,0,3,3,0,187,150,37,38,20,18,2,0,2,0,0,0,0,0,0,36,20,16,2195,755,1440
5,67,349,800346,11,0,WARD,Rudrapur (NPP) WARD NO.-0011,Urban,370,1898,994,904,175,89,86,8,4,4,0,0,0,1650,886,764,248,108,140,663,551,112,629,535,94,12,11,1,0,0,0,29,24,5,588,500,88,34,16,18,1,0,1,0,0,0,2,2,0,31,14,17,32,16,16,0,0,0,0,0,0,2,2,0,30,14,16,2,0,2,1,0,1,0,0,0,0,0,0,1,0,1,1235,443,792
5,67,349,800346,12,0,WARD,Rudrapur (NPP) WARD NO.-0012,Urban,328,1801,908,893,200,101,99,124,61,63,0,0,0,1294,683,611,507,225,282,808,558,250,675,494,181,2,2,0,106,83,23,64,43,21,503,366,137,133,64,69,0,0,0,15,6,9,0,0,0,118,58,60,129,61,68,0,0,0,15,6,9,0,0,0,114,55,59,4,3,1,0,0,0,0,0,0,0,0,0,4,3,1,993,350,643
5,67,349,800346,13,0,WARD,Rudrapur (NPP) WARD NO.-0013,Urban,735,3916,2028,1888,446,234,212,381,199,182,0,0,0,3171,1698,1473,745,330,415,1839,1325,514,1311,1057,254,10,10,0,34,28,6,459,344,115,808,675,133,528,268,260,4,4,0,6,4,2,54,25,29,464,235,229,414,232,182,2,2,0,6,4,2,36,20,16,370,206,164,114,36,78,2,2,0,0,0,0,18,5,13,94,29,65,2077,703,1374
5,67,349,800346,14,0,WARD,Rudrapur (NPP) WARD NO.-0014,Urban,1281,7123,3782,3341,1104,563,541,257,136,121,16,10,6,4160,2381,1779,2963,1401,1562,2139,1866,273,1921,1734,187,2,1,1,3,1,2,36,29,7,1880,1703,177,218,132,86,2,1,1,2,1,1,15,7,8,199,123,76,191,122,69,2,1,1,2,1,1,14,7,7,173,113,60,27,10,17,0,0,0,0,0,0,1,0,1,26,10,16,4984,1916,3068
5,67,349,800346,15,0,WARD,Rudrapur (NPP) WARD NO.-0015,Urban,806,4309,2235,2074,504,268,236,311,157,154,6,3,3,3360,1838,1522,949,397,552,1306,1158,148,1225,1097,128,2,2,0,24,23,1,102,97,5,1097,975,122,81,61,20,0,0,0,5,5,0,4,1,3,72,55,17,68,52,16,0,0,0,4,4,0,3,1,2,61,47,14,13,9,4,0,0,0,1,1,0,1,0,1,11,8,3,3003,1077,1926
5,67,349,800346,16,0,WARD,Rudrapur (NPP) WARD NO.-0016,Urban,762,4089,2035,2054,488,238,250,837,407,430,7,2,5,2408,1388,1020,1681,647,1034,1467,1079,388,1383,1035,348,6,6,0,214,165,49,34,20,14,1129,844,285,84,44,40,1,1,0,10,5,5,3,2,1,70,36,34,74,37,37,1,1,0,10,5,5,2,1,1,61,30,31,10,7,3,0,0,0,0,0,0,1,1,0,9,6,3,2622,956,1666
5,67,349,800346,17,0,WARD,Rudrapur (NPP) WARD NO.-0017,Urban,989,4679,2458,2221,555,294,261,1311,684,627,132,72,60,3664,2056,1608,1015,402,613,1551,1243,308,1366,1148,218,4,4,0,6,6,0,18,8,10,1338,1130,208,185,95,90,2,2,0,2,0,2,6,4,2,175,89,86,184,95,89,2,2,0,2,0,2,6,4,2,174,89,85,1,0,1,0,0,0,0,0,0,0,0,0,1,0,1,3128,1215,1913
5,67,349,800346,18,0,WARD,Rudrapur (NPP) WARD NO.-0018,Urban,1029,5060,2564,2496,603,300,303,1202,588,614,15,9,6,3475,1933,1542,1585,631,954,1688,1261,427,1350,1067,283,10,8,2,24,21,3,58,45,13,1258,993,265,338,194,144,15,8,7,19,12,7,7,3,4,297,171,126,304,177,127,15,8,7,17,10,7,5,3,2,267,156,111,34,17,17,0,0,0,2,2,0,2,0,2,30,15,15,3372,1303,2069
5,67,349,800346,19,0,WARD,Rudrapur (NPP) WARD NO.-0019,Urban,903,4615,2415,2200,464,244,220,151,74,77,14,8,6,4017,2140,1877,598,275,323,1646,1343,303,1470,1216,254,9,9,0,5,4,1,34,30,4,1422,1173,249,176,127,49,18,14,4,6,5,1,0,0,0,152,108,44,156,113,43,15,11,4,6,5,1,0,0,0,135,97,38,20,14,6,3,3,0,0,0,0,0,0,0,17,11,6,2969,1072,1897
5,67,349,800346,20,0,WARD,Rudrapur (NPP) WARD NO.-0020,Urban,1021,4994,2530,2464,601,301,300,191,94,97,46,23,23,3947,2097,1850,1047,433,614,1479,1277,202,1239,1079,160,5,3,2,11,9,2,10,10,0,1213,1057,156,240,198,42,1,1,0,8,6,2,5,4,1,226,187,39,136,102,34,1,1,0,8,6,2,5,4,1,122,91,31,104,96,8,0,0,0,0,0,0,0,0,0,104,96,8,3515,1253,2262
5,67,349,800346,21,0,WARD,Jagatpura (OG) WARD NO.-0021 (Rural MDDS CODE:056017),Urban,1362,6212,3234,2978,882,469,413,582,295,287,60,32,28,4806,2608,2198,1406,626,780,1914,1612,302,1823,1562,261,15,14,1,26,26,0,58,46,12,1724,1476,248,91,50,41,2,1,1,5,3,2,3,1,2,81,45,36,69,45,24,2,1,1,4,3,1,3,1,2,60,40,20,22,5,17,0,0,0,1,0,1,0,0,0,21,5,16,4298,1622,2676
5,67,349,800346,22,0,WARD,Rudrapur Sidkul (OG) (Part) WARD NO.-0022 (Rural MDDS CODE:055929),Urban,550,2126,1288,838,320,167,153,90,64,26,14,7,7,1472,914,558,654,374,280,1107,945,162,1050,905,145,2,1,1,1,0,1,4,1,3,1043,903,140,57,40,17,1,0,1,0,0,0,0,0,0,56,40,16,33,21,12,1,0,1,0,0,0,0,0,0,32,21,11,24,19,5,0,0,0,0,0,0,0,0,0,24,19,5,1019,343,676
5,67,349,800346,23,0,WARD,Rampura (OG) (Part) WARD NO.-0023 (Rural MDDS CODE:055936),Urban,1137,5359,2778,2581,616,322,294,123,70,53,18,8,10,4562,2397,2165,797,381,416,1755,1547,208,1680,1511,169,9,9,0,14,14,0,47,37,10,1610,1451,159,75,36,39,4,3,1,0,0,0,12,1,11,59,32,27,63,32,31,3,2,1,0,0,0,6,1,5,54,29,25,12,4,8,1,1,0,0,0,0,6,0,6,5,3,2,3604,1231,2373
5,67,349,800347,0,0,TOWN,Kichha (NPP),Urban,7999,41965,22043,19922,5885,3138,2747,4306,2232,2074,92,48,44,24624,13979,10645,17341,8064,9277,12507,10991,1516,11054,9993,1061,179,174,5,819,728,91,327,297,30,9729,8794,935,1453,998,455,15,12,3,267,123,144,42,14,28,1129,849,280,1303,877,426,13,10,3,243,107,136,39,11,28,1008,749,259,150,121,29,2,2,0,24,16,8,3,3,0,121,100,21,29458,11052,18406
5,67,349,800347,1,0,WARD,Kichha (NPP) WARD NO.-0001,Urban,541,2939,1548,1391,389,215,174,360,182,178,6,3,3,1848,1055,793,1091,493,598,935,810,125,861,753,108,7,6,1,149,133,16,55,48,7,650,566,84,74,57,17,0,0,0,37,27,10,0,0,0,37,30,7,55,44,11,0,0,0,26,19,7,0,0,0,29,25,4,19,13,6,0,0,0,11,8,3,0,0,0,8,5,3,2004,738,1266
5,67,349,800347,2,0,WARD,Kichha (NPP) WARD NO.-0002,Urban,418,2201,1145,1056,368,183,185,195,99,96,0,0,0,1290,746,544,911,399,512,643,583,60,603,549,54,0,0,0,31,21,10,22,22,0,550,506,44,40,34,6,0,0,0,2,2,0,0,0,0,38,32,6,39,33,6,0,0,0,2,2,0,0,0,0,37,31,6,1,1,0,0,0,0,0,0,0,0,0,0,1,1,0,1558,562,996
5,67,349,800347,3,0,WARD,Kichha (NPP) WARD NO.-0003,Urban,880,4175,2232,1943,525,308,217,614,297,317,8,4,4,2990,1678,1312,1185,554,631,1299,1106,193,1222,1048,174,20,19,1,54,48,6,35,32,3,1113,949,164,77,58,19,2,2,0,5,5,0,2,0,2,68,51,17,67,50,17,0,0,0,3,3,0,2,0,2,62,47,15,10,8,2,2,2,0,2,2,0,0,0,0,6,4,2,2876,1126,1750
5,67,349,800347,4,0,WARD,Kichha (NPP) WARD NO.-0004,Urban,556,2853,1515,1338,324,171,153,223,115,108,0,0,0,2108,1182,926,745,333,412,945,768,177,765,712,53,25,25,0,170,166,4,22,21,1,548,500,48,180,56,124,3,3,0,2,2,0,3,3,0,172,48,124,180,56,124,3,3,0,2,2,0,3,3,0,172,48,124,0,0,0,0,0,0,0,0,0,0,0,0,0,0,0,1908,747,1161
5,67,349,800347,5,0,WARD,Kichha (NPP) WARD NO.-0005,Urban,579,2665,1404,1261,266,150,116,55,29,26,5,3,2,2303,1230,1073,362,174,188,815,710,105,783,693,90,31,29,2,3,2,1,10,8,2,739,654,85,32,17,15,0,0,0,0,0,0,0,0,0,32,17,15,27,14,13,0,0,0,0,0,0,0,0,0,27,14,13,5,3,2,0,0,0,0,0,0,0,0,0,5,3,2,1850,694,1156
5,67,349,800347,6,0,WARD,Kichha (NPP) WARD NO.-0006,Urban,875,4923,2581,2342,732,400,332,322,169,153,0,0,0,2266,1341,925,2657,1240,1417,1347,1243,104,1175,1085,90,8,8,0,12,8,4,72,71,1,1083,998,85,172,158,14,0,0,0,0,0,0,2,2,0,170,156,14,110,98,12,0,0,0,0,0,0,1,1,0,109,97,12,62,60,2,0,0,0,0,0,0,1,1,0,61,59,2,3576,1338,2238
5,67,349,800347,7,0,WARD,Kichha (NPP) WARD NO.-0007,Urban,684,4224,2208,2016,685,344,341,147,74,73,56,29,27,1503,894,609,2721,1314,1407,1375,1174,201,1029,968,61,24,23,1,99,93,6,9,4,5,897,848,49,346,206,140,3,3,0,161,40,121,2,0,2,180,163,17,335,200,135,3,3,0,155,37,118,2,0,2,175,160,15,11,6,5,0,0,0,6,3,3,0,0,0,5,3,2,2849,1034,1815
5,67,349,800347,8,0,WARD,Kichha (NPP) WARD NO.-0008,Urban,518,2754,1455,1299,314,183,131,50,32,18,0,0,0,1945,1067,878,809,388,421,838,752,86,821,743,78,6,6,0,12,12,0,10,10,0,793,715,78,17,9,8,0,0,0,2,2,0,1,0,1,14,7,7,16,8,8,0,0,0,1,1,0,1,0,1,14,7,7,1,1,0,0,0,0,1,1,0,0,0,0,0,0,0,1916,703,1213
5,67,349,800347,9,0,WARD,Kichha (NPP) WARD NO.-0009,Urban,538,3122,1604,1518,475,237,238,11,6,5,0,0,0,1393,805,588,1729,799,930,831,779,52,736,700,36,28,28,0,5,5,0,11,9,2,692,658,34,95,79,16,1,0,1,0,0,0,4,0,4,90,79,11,81,68,13,1,0,1,0,0,0,4,0,4,76,68,8,14,11,3,0,0,0,0,0,0,0,0,0,14,11,3,2291,825,1466
5,67,349,800347,10,0,WARD,Kichha (NPP) WARD NO.-0010,Urban,826,4157,2188,1969,614,320,294,131,69,62,10,5,5,2719,1578,1141,1438,610,828,1160,1039,121,1067,955,112,8,8,0,7,6,1,29,27,2,1023,914,109,93,84,9,6,4,2,4,4,0,0,0,0,83,76,7,88,79,9,6,4,2,4,4,0,0,0,0,78,71,7,5,5,0,0,0,0,0,0,0,0,0,0,5,5,0,2997,1149,1848
5,67,349,800347,11,0,WARD,Kichha (NPP) WARD NO.-0011,Urban,435,2076,1074,1002,250,134,116,60,33,27,5,3,2,1613,878,735,463,196,267,594,520,74,579,512,67,11,11,0,21,20,1,17,16,1,530,465,65,15,8,7,0,0,0,0,0,0,1,0,1,14,8,6,13,7,6,0,0,0,0,0,0,1,0,1,12,7,5,2,1,1,0,0,0,0,0,0,0,0,0,2,1,1,1482,554,928
5,67,349,800347,12,0,WARD,Kichha (NPP) WARD NO.-0012,Urban,330,1777,933,844,315,165,150,620,330,290,0,0,0,810,466,344,967,467,500,467,422,45,353,329,24,0,0,0,80,69,11,6,6,0,267,254,13,114,93,21,0,0,0,7,5,2,1,1,0,106,87,19,104,85,19,0,0,0,6,4,2,1,1,0,97,80,17,10,8,2,0,0,0,1,1,0,0,0,0,9,7,2,1310,511,799
5,67,349,800347,13,0,WARD,Kichha (NPP) WARD NO.-0013,Urban,819,4099,2156,1943,628,328,300,1518,797,721,2,1,1,1836,1059,777,2263,1097,1166,1258,1085,173,1060,946,114,11,11,0,176,145,31,29,23,6,844,767,77,198,139,59,0,0,0,47,36,11,26,8,18,125,95,30,188,135,53,0,0,0,44,35,9,24,6,18,120,94,26,10,4,6,0,0,0,3,1,2,2,2,0,5,1,4,2841,1071,1770
5,67,350,0,0,0,SUB-DISTRICT,Gadarpur,Total,33800,174848,90831,84017,25239,13143,12096,16653,8762,7891,14657,7488,7169,106615,62017,44598,68233,28814,39419,67934,49105,18829,51037,41299,9738,10708,9610,1098,21683,16329,5354,1405,984,421,17241,14376,2865,16897,7806,9091,1539,686,853,11635,5537,6098,993,222,771,2730,1361,1369,12600,6345,6255,1116,496,620,8816,4630,4186,689,143,546,1979,1076,903,4297,1461,2836,423,190,233,2819,907,1912,304,79,225,751,285,466,106914,41726,65188
5,67,350,0,0,0,SUB-DISTRICT,Gadarpur,Rural,27623,144204,74775,69429,21239,11084,10155,14739,7733,7006,14639,7479,7160,85753,50177,35576,58451,24598,33853,57549,40740,16809,41568,33327,8241,10035,8979,1056,19971,15008,4963,1101,775,326,10461,8565,1896,15981,7413,8568,1530,679,851,11309,5383,5926,776,198,578,2366,1153,1213,11837,6020,5817,1107,489,618,8569,4509,4060,486,125,361,1675,897,778,4144,1393,2751,423,190,233,2740,874,1866,290,73,217,691,256,435,86655,34035,52620
5,67,350,0,0,0,SUB-DISTRICT,Gadarpur,Urban,6177,30644,16056,14588,4000,2059,1941,1914,1029,885,18,9,9,20862,11840,9022,9782,4216,5566,10385,8365,2020,9469,7972,1497,673,631,42,1712,1321,391,304,209,95,6780,5811,969,916,393,523,9,7,2,326,154,172,217,24,193,364,208,156,763,325,438,9,7,2,247,121,126,203,18,185,304,179,125,153,68,85,0,0,0,79,33,46,14,6,8,60,29,31,20259,7691,12568
5,67,350,800348,0,0,TOWN,Gadarpur (NPP),Urban,3854,19301,10168,9133,2673,1371,1302,1404,753,651,18,9,9,13246,7486,5760,6055,2682,3373,6220,5219,1001,5708,4991,717,381,362,19,165,156,9,157,108,49,5005,4365,640,512,228,284,4,4,0,65,56,9,208,21,187,235,147,88,469,201,268,4,4,0,64,55,9,194,15,179,207,127,80,43,27,16,0,0,0,1,1,0,14,6,8,28,20,8,13081,4949,8132
5,67,350,800348,1,0,WARD,Gadarpur (NPP) WARD NO.-0001,Urban,600,3126,1643,1483,434,231,203,624,331,293,3,2,1,2128,1209,919,998,434,564,956,842,114,947,835,112,37,37,0,7,6,1,31,28,3,872,764,108,9,7,2,0,0,0,0,0,0,0,0,0,9,7,2,6,5,1,0,0,0,0,0,0,0,0,0,6,5,1,3,2,1,0,0,0,0,0,0,0,0,0,3,2,1,2170,801,1369
5,67,350,800348,2,0,WARD,Gadarpur (NPP) WARD NO.-0002,Urban,384,2000,1086,914,276,137,139,163,85,78,4,2,2,1278,746,532,722,340,382,653,561,92,595,518,77,9,9,0,2,2,0,50,39,11,534,468,66,58,43,15,3,3,0,0,0,0,1,1,0,54,39,15,35,26,9,3,3,0,0,0,0,0,0,0,32,23,9,23,17,6,0,0,0,0,0,0,1,1,0,22,16,6,1347,525,822
5,67,350,800348,3,0,WARD,Gadarpur (NPP) WARD NO.-0003,Urban,391,1887,1002,885,257,135,122,387,209,178,0,0,0,1272,743,529,615,259,356,565,490,75,560,487,73,21,20,1,9,8,1,7,4,3,523,455,68,5,3,2,0,0,0,0,0,0,2,2,0,3,1,2,2,1,1,0,0,0,0,0,0,0,0,0,2,1,1,3,2,1,0,0,0,0,0,0,2,2,0,1,0,1,1322,512,810
5,67,350,800348,4,0,WARD,Gadarpur (NPP) WARD NO.-0004,Urban,446,2017,1046,971,226,116,110,55,33,22,5,2,3,1681,901,780,336,145,191,681,573,108,665,563,102,48,46,2,2,2,0,4,3,1,611,512,99,16,10,6,0,0,0,2,2,0,0,0,0,14,8,6,16,10,6,0,0,0,2,2,0,0,0,0,14,8,6,0,0,0,0,0,0,0,0,0,0,0,0,0,0,0,1336,473,863
5,67,350,800348,5,0,WARD,Gadarpur (NPP) WARD NO.-0005,Urban,542,2540,1345,1195,271,139,132,83,46,37,6,3,3,2103,1160,943,437,185,252,820,678,142,809,672,137,64,58,6,0,0,0,9,1,8,736,613,123,11,6,5,0,0,0,0,0,0,0,0,0,11,6,5,11,6,5,0,0,0,0,0,0,0,0,0,11,6,5,0,0,0,0,0,0,0,0,0,0,0,0,0,0,0,1720,667,1053
5,67,350,800348,6,0,WARD,Gadarpur (NPP) WARD NO.-0006,Urban,441,2681,1422,1259,525,266,259,0,0,0,0,0,0,1161,711,450,1520,711,809,716,645,71,697,639,58,18,15,3,87,82,5,19,15,4,573,527,46,19,6,13,0,0,0,3,1,2,0,0,0,16,5,11,18,5,13,0,0,0,3,1,2,0,0,0,15,4,11,1,1,0,0,0,0,0,0,0,0,0,0,1,1,0,1965,777,1188
5,67,350,800348,7,0,WARD,Gadarpur (NPP) WARD NO.-0007,Urban,355,1575,808,767,177,94,83,34,19,15,0,0,0,1195,639,556,380,169,211,470,429,41,410,373,37,56,55,1,30,29,1,2,2,0,322,287,35,60,56,4,1,1,0,44,42,2,1,1,0,14,12,2,59,55,4,1,1,0,43,41,2,1,1,0,14,12,2,1,1,0,0,0,0,1,1,0,0,0,0,0,0,0,1105,379,726
5,67,350,800348,8,0,WARD,Gadarpur (NPP) WARD NO.-0008,Urban,295,1381,707,674,196,89,107,10,7,3,0,0,0,986,555,431,395,152,243,431,387,44,362,326,36,84,81,3,23,23,0,1,1,0,254,221,33,69,61,8,0,0,0,15,11,4,1,0,1,53,50,3,69,61,8,0,0,0,15,11,4,1,0,1,53,50,3,0,0,0,0,0,0,0,0,0,0,0,0,0,0,0,950,320,630
5,67,350,800348,9,0,WARD,Gadarpur (NPP) WARD NO.-0009,Urban,400,2094,1109,985,311,164,147,48,23,25,0,0,0,1442,822,620,652,287,365,928,614,314,663,578,85,44,41,3,5,4,1,34,15,19,580,518,62,265,36,229,0,0,0,1,0,1,203,17,186,61,19,42,253,32,221,0,0,0,1,0,1,192,14,178,60,18,42,12,4,8,0,0,0,0,0,0,11,3,8,1,1,0,1166,495,671
5,67,350,800349,0,0,TOWN,Dineshpur (NP),Urban,2323,11343,5888,5455,1327,688,639,510,276,234,0,0,0,7616,4354,3262,3727,1534,2193,4165,3146,1019,3761,2981,780,292,269,23,1547,1165,382,147,101,46,1775,1446,329,404,165,239,5,3,2,261,98,163,9,3,6,129,61,68,294,124,170,5,3,2,183,66,117,9,3,6,97,52,45,110,41,69,0,0,0,78,32,46,0,0,0,32,9,23,7178,2742,4436
5,67,350,800349,1,0,WARD,Dineshpur (NP) WARD NO.-0001,Urban,517,2549,1313,1236,307,156,151,78,39,39,0,0,0,1596,922,674,953,391,562,878,699,179,751,638,113,51,51,0,453,375,78,15,13,2,232,199,33,127,61,66,0,0,0,97,40,57,1,1,0,29,20,9,97,45,52,0,0,0,68,25,43,1,1,0,28,19,9,30,16,14,0,0,0,29,15,14,0,0,0,1,1,0,1671,614,1057
5,67,350,800349,2,0,WARD,Dineshpur (NP) WARD NO.-0002,Urban,372,1736,906,830,226,122,104,29,17,12,0,0,0,1185,675,510,551,231,320,788,519,269,706,496,210,74,70,4,432,274,158,5,5,0,195,147,48,82,23,59,0,0,0,54,17,37,2,0,2,26,6,20,62,15,47,0,0,0,41,10,31,2,0,2,19,5,14,20,8,12,0,0,0,13,7,6,0,0,0,7,1,6,948,387,561
5,67,350,800349,3,0,WARD,Dineshpur (NP) WARD NO.-0003,Urban,252,1250,654,596,112,55,57,56,31,25,0,0,0,775,452,323,475,202,273,414,334,80,342,312,30,37,36,1,163,152,11,10,9,1,132,115,17,72,22,50,0,0,0,45,14,31,0,0,0,27,8,19,18,8,10,0,0,0,9,4,5,0,0,0,9,4,5,54,14,40,0,0,0,36,10,26,0,0,0,18,4,14,836,320,516
5,67,350,800349,4,0,WARD,Dineshpur (NP) WARD NO.-0004,Urban,276,1303,664,639,164,84,80,62,29,33,0,0,0,939,510,429,364,154,210,424,365,59,420,364,56,52,45,7,76,60,16,63,53,10,229,206,23,4,1,3,1,0,1,0,0,0,0,0,0,3,1,2,4,1,3,1,0,1,0,0,0,0,0,0,3,1,2,0,0,0,0,0,0,0,0,0,0,0,0,0,0,0,879,299,580
5,67,350,800349,5,0,WARD,Dineshpur (NP) WARD NO.-0005,Urban,242,1133,592,541,126,63,63,177,98,79,0,0,0,813,467,346,320,125,195,379,314,65,342,290,52,4,4,0,39,34,5,3,3,0,296,249,47,37,24,13,0,0,0,18,10,8,3,2,1,16,12,4,34,22,12,0,0,0,18,10,8,3,2,1,13,10,3,3,2,1,0,0,0,0,0,0,0,0,0,3,2,1,754,278,476
5,67,350,800349,6,0,WARD,Dineshpur (NP) WARD NO.-0006,Urban,233,1156,610,546,115,63,52,68,42,26,0,0,0,867,493,374,289,117,172,425,324,101,383,306,77,15,12,3,59,48,11,2,1,1,307,245,62,42,18,24,4,3,1,12,3,9,1,0,1,25,12,13,39,17,22,4,3,1,12,3,9,1,0,1,22,11,11,3,1,2,0,0,0,0,0,0,0,0,0,3,1,2,731,286,445
5,67,350,800349,7,0,WARD,Dineshpur (NP) WARD NO.-0007,Urban,431,2216,1149,1067,277,145,132,40,20,20,0,0,0,1441,835,606,775,314,461,857,591,266,817,575,242,59,51,8,325,222,103,49,17,32,384,285,99,40,16,24,0,0,0,35,14,21,2,0,2,3,2,1,40,16,24,0,0,0,35,14,21,2,0,2,3,2,1,0,0,0,0,0,0,0,0,0,0,0,0,0,0,0,1359,558,801
5,67,351,0,0,0,SUB-DISTRICT,Sitarganj,Total,38888,214428,110764,103664,27938,14608,13330,21271,11077,10194,37677,18946,18731,134180,77541,56639,80248,33223,47025,79548,58380,21168,60181,48610,11571,21231,18225,3006,17852,13053,4799,2036,1077,959,19062,16255,2807,19367,9770,9597,3691,1317,2374,8555,4907,3648,1693,366,1327,5428,3180,2248,15083,7857,7226,2805,1017,1788,6599,3964,2635,1327,276,1051,4352,2600,1752,4284,1913,2371,886,300,586,1956,943,1013,366,90,276,1076,580,496,134880,52384,82496
5,67,351,0,0,0,SUB-DISTRICT,Sitarganj,Rural,32014,178154,91916,86238,22882,11926,10956,18651,9747,8904,36992,18618,18374,110672,64337,46335,67482,27579,39903,67504,48615,18889,50470,40213,10257,20958,17972,2986,17042,12402,4640,1582,705,877,10888,9134,1754,17034,8402,8632,3557,1211,2346,8172,4662,3510,1412,304,1108,3893,2225,1668,13426,6835,6591,2681,915,1766,6359,3809,2550,1100,228,872,3286,1883,1403,3608,1567,2041,876,296,580,1813,853,960,312,76,236,607,342,265,110650,43301,67349
5,67,351,0,0,0,SUB-DISTRICT,Sitarganj,Urban,6874,36274,18848,17426,5056,2682,2374,2620,1330,1290,685,328,357,23508,13204,10304,12766,5644,7122,12044,9765,2279,9711,8397,1314,273,253,20,810,651,159,454,372,82,8174,7121,1053,2333,1368,965,134,106,28,383,245,138,281,62,219,1535,955,580,1657,1022,635,124,102,22,240,155,85,227,48,179,1066,717,349,676,346,330,10,4,6,143,90,53,54,14,40,469,238,231,24230,9083,15147
5,67,351,800350,0,0,TOWN,Shaktigarh (NP),Urban,1277,6309,3225,3084,807,406,401,365,200,165,6,3,3,4461,2485,1976,1848,740,1108,2512,1741,771,1674,1299,375,95,92,3,411,330,81,74,62,12,1094,815,279,838,442,396,105,85,20,171,114,57,147,22,125,415,221,194,446,225,221,96,82,14,62,36,26,133,17,116,155,90,65,392,217,175,9,3,6,109,78,31,14,5,9,260,131,129,3797,1484,2313
5,67,351,800350,1,0,WARD,Shaktigarh (NP) WARD NO.-0001,Urban,373,1795,905,890,213,97,116,224,126,98,6,3,3,1332,725,607,463,180,283,719,508,211,550,436,114,14,13,1,38,30,8,37,29,8,461,364,97,169,72,97,33,16,17,38,23,15,43,12,31,55,21,34,150,67,83,26,15,11,34,21,13,39,10,29,51,21,30,19,5,14,7,1,6,4,2,2,4,2,2,4,0,4,1076,397,679
5,67,351,800350,2,0,WARD,Shaktigarh (NP) WARD NO.-0002,Urban,376,1895,1004,891,232,128,104,106,54,52,0,0,0,1371,778,593,524,226,298,684,516,168,572,490,82,40,38,2,183,146,37,29,28,1,320,278,42,112,26,86,2,2,0,11,5,6,68,5,63,31,14,17,108,25,83,2,2,0,10,4,6,67,5,62,29,14,15,4,1,3,0,0,0,1,1,0,1,0,1,2,0,2,1211,488,723
5,67,351,800350,3,0,WARD,Shaktigarh (NP) WARD NO.-0003,Urban,243,1226,646,580,157,80,77,35,20,15,0,0,0,789,471,318,437,175,262,504,343,161,23,16,7,1,1,0,0,0,0,1,1,0,21,14,7,481,327,154,69,66,3,107,78,29,11,4,7,294,179,115,133,119,14,67,64,3,5,4,1,2,1,1,59,50,9,348,208,140,2,2,0,102,74,28,9,3,6,235,129,106,722,303,419
5,67,351,800350,4,0,WARD,Shaktigarh (NP) WARD NO.-0004,Urban,285,1393,670,723,205,101,104,0,0,0,0,0,0,969,511,458,424,159,265,605,374,231,529,357,172,40,40,0,190,154,36,7,4,3,292,159,133,76,17,59,1,1,0,15,8,7,25,1,24,35,7,28,55,14,41,1,1,0,13,7,6,25,1,24,16,5,11,21,3,18,0,0,0,2,1,1,0,0,0,19,2,17,788,296,492
5,67,351,800351,0,0,TOWN,Sitarganj (NPP),Urban,5597,29965,15623,14342,4249,2276,1973,2255,1130,1125,679,325,354,19047,10719,8328,10918,4904,6014,9532,8024,1508,8037,7098,939,178,161,17,399,321,78,380,310,70,7080,6306,774,1495,926,569,29,21,8,212,131,81,134,40,94,1120,734,386,1211,797,414,28,20,8,178,119,59,94,31,63,911,627,284,284,129,155,1,1,0,34,12,22,40,9,31,209,107,102,20433,7599,12834
5,67,351,800351,1,0,WARD,Sitarganj (NPP) WARD NO.-0001,Urban,425,2325,1208,1117,343,188,155,314,162,152,264,129,135,1359,770,589,966,438,528,677,599,78,609,545,64,20,16,4,16,14,2,20,16,4,553,499,54,68,54,14,17,14,3,24,18,6,0,0,0,27,22,5,59,45,14,16,13,3,20,14,6,0,0,0,23,18,5,9,9,0,1,1,0,4,4,0,0,0,0,4,4,0,1648,609,1039
5,67,351,800351,2,0,WARD,Sitarganj (NPP) WARD NO.-0002,Urban,535,3069,1579,1490,419,224,195,187,96,91,15,7,8,2077,1138,939,992,441,551,834,771,63,768,719,49,11,11,0,4,4,0,26,25,1,727,679,48,66,52,14,1,1,0,0,0,0,0,0,0,65,51,14,52,41,11,1,1,0,0,0,0,0,0,0,51,40,11,14,11,3,0,0,0,0,0,0,0,0,0,14,11,3,2235,808,1427
5,67,351,800351,3,0,WARD,Sitarganj (NPP) WARD NO.-0003,Urban,817,4368,2305,2063,606,322,284,78,37,41,5,3,2,2281,1334,947,2087,971,1116,1430,1159,271,1002,869,133,31,29,2,70,56,14,37,27,10,864,757,107,428,290,138,6,3,3,25,9,16,53,9,44,344,269,75,320,231,89,6,3,3,23,8,15,34,7,27,257,213,44,108,59,49,0,0,0,2,1,1,19,2,17,87,56,31,2938,1146,1792
5,67,351,800351,4,0,WARD,Sitarganj (NPP) WARD NO.-0004,Urban,423,2498,1342,1156,352,184,168,0,0,0,0,0,0,1270,771,499,1228,571,657,796,704,92,625,572,53,7,5,2,22,15,7,34,25,9,562,527,35,171,132,39,1,0,1,54,52,2,21,13,8,95,67,28,158,129,29,1,0,1,54,52,2,16,12,4,87,65,22,13,3,10,0,0,0,0,0,0,5,1,4,8,2,6,1702,638,1064
5,67,351,800351,5,0,WARD,Sitarganj (NPP) WARD NO.-0005,Urban,510,2677,1353,1324,351,191,160,270,120,150,36,8,28,1901,1026,875,776,327,449,823,722,101,726,652,74,28,27,1,61,56,5,82,76,6,555,493,62,97,70,27,2,1,1,2,2,0,2,1,1,91,66,25,90,65,25,2,1,1,2,2,0,1,0,1,85,62,23,7,5,2,0,0,0,0,0,0,1,1,0,6,4,2,1854,631,1223
5,67,351,800351,6,0,WARD,Sitarganj (NPP) WARD NO.-0006,Urban,644,3323,1733,1590,566,281,285,568,282,286,10,5,5,1847,1105,742,1476,628,848,1128,894,234,1023,855,168,17,16,1,136,102,34,36,25,11,834,712,122,105,39,66,0,0,0,46,18,28,11,1,10,48,20,28,77,29,48,0,0,0,36,15,21,6,0,6,35,14,21,28,10,18,0,0,0,10,3,7,5,1,4,13,6,7,2195,839,1356
5,67,351,800351,7,0,WARD,Sitarganj (NPP) WARD NO.-0007,Urban,387,1991,1040,951,225,122,103,47,23,24,56,30,26,1608,870,738,383,170,213,666,580,86,576,524,52,1,1,0,8,7,1,24,22,2,543,494,49,90,56,34,0,0,0,2,2,0,1,0,1,87,54,33,88,54,34,0,0,0,2,2,0,1,0,1,85,52,33,2,2,0,0,0,0,0,0,0,0,0,0,2,2,0,1325,460,865
5,67,351,800351,8,0,WARD,Sitarganj (NPP) WARD NO.-0008,Urban,531,2836,1493,1343,416,223,193,210,115,95,5,3,2,1930,1085,845,906,408,498,893,779,114,812,738,74,16,13,3,15,13,2,45,43,2,736,669,67,81,41,40,1,1,0,6,4,2,17,5,12,57,31,26,76,38,38,1,1,0,6,4,2,15,5,10,54,28,26,5,3,2,0,0,0,0,0,0,2,0,2,3,3,0,1943,714,1229
5,67,351,800351,9,0,WARD,Sitarganj (NPP) WARD NO.-0009,Urban,391,1836,951,885,197,109,88,27,13,14,14,8,6,1483,794,689,353,157,196,554,486,68,522,473,49,29,28,1,29,28,1,33,32,1,431,385,46,32,13,19,0,0,0,0,0,0,2,1,1,30,12,18,31,13,18,0,0,0,0,0,0,2,1,1,29,12,17,1,0,1,0,0,0,0,0,0,0,0,0,1,0,1,1282,465,817
5,67,351,800351,10,0,WARD,Sitarganj (NPP) WARD NO.-0010,Urban,478,2389,1242,1147,321,184,137,87,45,42,274,132,142,1744,953,791,645,289,356,841,658,183,704,612,92,13,12,1,8,4,4,22,14,8,661,582,79,137,46,91,0,0,0,19,2,17,9,2,7,109,42,67,67,29,38,0,0,0,5,2,3,5,0,5,57,27,30,70,17,53,0,0,0,14,0,14,4,2,2,52,15,37,1548,584,964
5,67,351,800351,11,0,WARD,Sitarganj (NPP) WARD NO.-0011,Urban,456,2653,1377,1276,453,248,205,467,237,230,0,0,0,1547,873,674,1106,504,602,890,672,218,670,539,131,5,3,2,30,22,8,21,5,16,614,509,105,220,133,87,1,1,0,34,24,10,18,8,10,167,100,67,193,123,70,1,1,0,30,20,10,14,6,8,148,96,52,27,10,17,0,0,0,4,4,0,4,2,2,19,4,15,1763,705,1058
5,67,352,0,0,0,SUB-DISTRICT,"Khatima
",Total,42922,227226,115366,111860,28274,15073,13201,30820,15782,15038,53692,26739,26953,151975,85490,66485,75251,29876,45375,98890,60506,38384,60743,44763,15980,23778,16515,7263,8825,5836,2989,2618,1331,1287,25522,21081,4441,38147,15743,22404,17777,5725,12052,10548,4972,5576,1905,617,1288,7917,4429,3488,27546,11515,16031,12644,3691,8953,7484,3882,3602,1510,507,1003,5908,3435,2473,10601,4228,6373,5133,2034,3099,3064,1090,1974,395,110,285,2009,994,1015,128336,54860,73476
5,67,352,0,0,0,SUB-DISTRICT,"Khatima
",Rural,34158,180575,91309,89266,21941,11770,10171,28258,14477,13781,50371,25023,25348,121814,68705,53109,58761,22604,36157,84526,48858,35668,48781,34622,14159,22766,15852,6914,8706,5746,2960,2155,1006,1149,15154,12018,3136,35745,14236,21509,17580,5661,11919,10343,4812,5531,1734,557,1177,6088,3206,2882,25776,10311,15465,12499,3645,8854,7304,3735,3569,1395,464,931,4578,2467,2111,9969,3925,6044,5081,2016,3065,3039,1077,1962,339,93,246,1510,739,771,96049,42451,53598
5,67,352,0,0,0,SUB-DISTRICT,"Khatima
",Urban,8764,46651,24057,22594,6333,3303,3030,2562,1305,1257,3321,1716,1605,30161,16785,13376,16490,7272,9218,14364,11648,2716,11962,10141,1821,1012,663,349,119,90,29,463,325,138,10368,9063,1305,2402,1507,895,197,64,133,205,160,45,171,60,111,1829,1223,606,1770,1204,566,145,46,99,180,147,33,115,43,72,1330,968,362,632,303,329,52,18,34,25,13,12,56,17,39,499,255,244,32287,12409,19878
5,67,352,56316,0,0,TOWN,Umru Khurd (CT),Urban,3529,20593,10592,10001,3217,1638,1579,218,114,104,1788,872,916,10687,6121,4566,9906,4471,5435,6361,5139,1222,5123,4357,766,643,387,256,71,55,16,222,135,87,4187,3780,407,1238,782,456,120,46,74,161,133,28,61,17,44,896,586,310,879,590,289,102,36,66,148,127,21,41,12,29,588,415,173,359,192,167,18,10,8,13,6,7,20,5,15,308,171,137,14232,5453,8779
5,67,352,56316,1,0,WARD,Umru Khurd (CT) WARD NO.-0001,Urban,3529,20593,10592,10001,3217,1638,1579,218,114,104,1788,872,916,10687,6121,4566,9906,4471,5435,6361,5139,1222,5123,4357,766,643,387,256,71,55,16,222,135,87,4187,3780,407,1238,782,456,120,46,74,161,133,28,61,17,44,896,586,310,879,590,289,102,36,66,148,127,21,41,12,29,588,415,173,359,192,167,18,10,8,13,6,7,20,5,15,308,171,137,14232,5453,8779
5,67,352,56317,0,0,TOWN,Maholiya (CT),Urban,2323,10965,5441,5524,1252,668,584,609,291,318,1154,534,620,8471,4420,4051,2494,1021,1473,3238,2473,765,2752,2224,528,335,245,90,31,19,12,121,96,25,2265,1864,401,486,249,237,72,14,58,26,9,17,44,12,32,344,214,130,362,209,153,39,7,32,20,8,12,36,9,27,267,185,82,124,40,84,33,7,26,6,1,5,8,3,5,77,29,48,7727,2968,4759
5,67,352,56317,1,0,WARD,Maholiya (CT) WARD NO.-0001,Urban,2323,10965,5441,5524,1252,668,584,609,291,318,1154,534,620,8471,4420,4051,2494,1021,1473,3238,2473,765,2752,2224,528,335,245,90,31,19,12,121,96,25,2265,1864,401,486,249,237,72,14,58,26,9,17,44,12,32,344,214,130,362,209,153,39,7,32,20,8,12,36,9,27,267,185,82,124,40,84,33,7,26,6,1,5,8,3,5,77,29,48,7727,2968,4759
5,67,352,800352,0,0,TOWN,Khatima (NPP),Urban,2912,15093,8024,7069,1864,997,867,1735,900,835,379,310,69,11003,6244,4759,4090,1780,2310,4765,4036,729,4087,3560,527,34,31,3,17,16,1,120,94,26,3916,3419,497,678,476,202,5,4,1,18,18,0,66,31,35,589,423,166,529,405,124,4,3,1,12,12,0,38,22,16,475,368,107,149,71,78,1,1,0,6,6,0,28,9,19,114,55,59,10328,3988,6340
5,67,352,800352,1,0,WARD,Khatima (NPP) WARD NO.-0001,Urban,352,2041,1072,969,285,155,130,107,55,52,47,26,21,1293,728,565,748,344,404,523,459,64,470,416,54,2,2,0,11,10,1,31,29,2,426,375,51,53,43,10,1,1,0,10,10,0,8,5,3,34,27,7,30,24,6,0,0,0,5,5,0,4,2,2,21,17,4,23,19,4,1,1,0,5,5,0,4,3,1,13,10,3,1518,613,905
5,67,352,800352,2,0,WARD,Khatima (NPP) WARD NO.-0002,Urban,348,2080,1071,1009,292,147,145,133,71,62,0,0,0,1361,773,588,719,298,421,672,573,99,501,468,33,0,0,0,0,0,0,5,5,0,496,463,33,171,105,66,0,0,0,0,0,0,19,2,17,152,103,49,132,95,37,0,0,0,0,0,0,3,1,2,129,94,35,39,10,29,0,0,0,0,0,0,16,1,15,23,9,14,1408,498,910
5,67,352,800352,3,0,WARD,Khatima (NPP) WARD NO.-0003,Urban,317,1901,1133,768,199,113,86,74,40,34,225,225,0,1380,900,480,521,233,288,578,507,71,397,362,35,2,1,1,2,2,0,16,10,6,377,349,28,181,145,36,1,1,0,1,1,0,16,10,6,163,133,30,153,132,21,1,1,0,1,1,0,11,7,4,140,123,17,28,13,15,0,0,0,0,0,0,5,3,2,23,10,13,1323,626,697
5,67,352,800352,4,0,WARD,Khatima (NPP) WARD NO.-0004,Urban,317,1631,843,788,195,101,94,103,49,54,12,8,4,1309,709,600,322,134,188,575,471,104,501,433,68,4,4,0,0,0,0,6,6,0,491,423,68,74,38,36,0,0,0,0,0,0,8,4,4,66,34,32,38,25,13,0,0,0,0,0,0,5,2,3,33,23,10,36,13,23,0,0,0,0,0,0,3,2,1,33,11,22,1056,372,684
5,67,352,800352,5,0,WARD,Khatima (NPP) WARD NO.-0005,Urban,272,1235,661,574,119,67,52,98,50,48,10,4,6,1014,566,448,221,95,126,434,372,62,400,350,50,4,4,0,0,0,0,5,4,1,391,342,49,34,22,12,0,0,0,0,0,0,0,0,0,34,22,12,32,21,11,0,0,0,0,0,0,0,0,0,32,21,11,2,1,1,0,0,0,0,0,0,0,0,0,2,1,1,801,289,512
5,67,352,800352,6,0,WARD,Khatima (NPP) WARD NO.-0006,Urban,377,1721,874,847,203,117,86,105,58,47,40,23,17,1315,695,620,406,179,227,489,417,72,457,397,60,1,1,0,0,0,0,10,7,3,446,389,57,32,20,12,0,0,0,0,0,0,4,1,3,28,19,9,30,19,11,0,0,0,0,0,0,4,1,3,26,18,8,2,1,1,0,0,0,0,0,0,0,0,0,2,1,1,1232,457,775
5,67,352,800352,7,0,WARD,Khatima (NPP) WARD NO.-0007,Urban,361,1744,920,824,222,127,95,330,178,152,14,7,7,1280,704,576,464,216,248,520,449,71,482,413,69,8,7,1,0,0,0,15,9,6,459,397,62,38,36,2,0,0,0,0,0,0,2,1,1,36,35,1,32,30,2,0,0,0,0,0,0,2,1,1,30,29,1,6,6,0,0,0,0,0,0,0,0,0,0,6,6,0,1224,471,753
5,67,352,800352,8,0,WARD,Khatima (NPP) WARD NO.-0008,Urban,293,1502,771,731,197,95,102,625,314,311,16,7,9,1060,595,465,442,176,266,508,415,93,461,378,83,2,2,0,4,4,0,9,7,2,446,365,81,47,37,10,1,1,0,7,7,0,4,4,0,35,25,10,43,33,10,1,1,0,6,6,0,4,4,0,32,22,10,4,4,0,0,0,0,1,1,0,0,0,0,3,3,0,994,356,638
5,67,352,800352,9,0,WARD,Khatima (NPP) WARD NO.-0009,Urban,275,1238,679,559,152,75,77,160,85,75,15,10,5,991,574,417,247,105,142,466,373,93,418,343,75,11,10,1,0,0,0,23,17,6,384,316,68,48,30,18,2,1,1,0,0,0,5,4,1,41,25,16,39,26,13,2,1,1,0,0,0,5,4,1,32,21,11,9,4,5,0,0,0,0,0,0,0,0,0,9,4,5,772,306,466
5,68,0,0,0,0,DISTRICT,Hardwar,Total,338104,1890422,1005295,885127,285693,152173,133520,411274,217981,193293,6323,3385,2938,1178354,691411,486943,712068,313884,398184,578121,497810,80311,495152,440422,54730,87950,81752,6198,75953,68451,7502,14924,11434,3490,316325,278785,37540,82969,57388,25581,5710,2983,2727,27162,19588,7574,5031,2400,2631,45066,32417,12649,70262,49010,21252,4537,2501,2036,22020,16244,5776,4249,1986,2263,39456,28279,11177,12707,8378,4329,1173,482,691,5142,3344,1798,782,414,368,5610,4138,1472,1312301,507485,804816
5,68,0,0,0,0,DISTRICT,Hardwar,Rural,204477,1197328,633784,563544,197796,105031,92765,307320,163136,144184,5249,2810,2439,682616,409053,273563,514712,224731,289981,359251,308299,50952,298794,266838,31956,84797,78750,6047,71227,64094,7133,7518,5550,1968,135252,118444,16808,60457,41461,18996,5468,2841,2627,26133,18761,7372,3723,1649,2074,25133,18210,6923,49946,34709,15237,4304,2366,1938,21190,15550,5640,3078,1321,1757,21374,15472,5902,10511,6752,3759,1164,475,689,4943,3211,1732,645,328,317,3759,2738,1021,838077,325485,512592
5,68,0,0,0,0,DISTRICT,Hardwar,Urban,133627,693094,371511,321583,87897,47142,40755,103954,54845,49109,1074,575,499,495738,282358,213380,197356,89153,108203,218870,189511,29359,196358,173584,22774,3153,3002,151,4726,4357,369,7406,5884,1522,181073,160341,20732,22512,15927,6585,242,142,100,1029,827,202,1308,751,557,19933,14207,5726,20316,14301,6015,233,135,98,830,694,136,1171,665,506,18082,12807,5275,2196,1626,570,9,7,2,199,133,66,137,86,51,1851,1400,451,474224,182000,292224
5,68,353,0,0,0,SUB-DISTRICT,Roorkee,Total,172335,996344,531481,464863,151761,81074,70687,220147,117242,102905,1735,929,806,608021,359573,248448,388323,171908,216415,297663,258770,38893,256318,228590,27728,45347,42825,2522,42491,38466,4025,9527,6990,2537,158953,140309,18644,41345,30180,11165,2059,1449,610,13088,10708,2380,3070,1511,1559,23128,16512,6616,35405,25768,9637,1704,1250,454,10893,9034,1859,2538,1213,1325,20270,14271,5999,5940,4412,1528,355,199,156,2195,1674,521,532,298,234,2858,2241,617,698681,272711,425970
5,68,353,0,0,0,SUB-DISTRICT,Roorkee,Rural,108928,645902,342776,303126,106068,56457,49611,176504,94139,82365,1339,710,629,366705,220231,146474,279197,122545,156652,190608,165331,25277,159814,142418,17396,42925,40500,2425,39113,35284,3829,4909,3476,1433,72867,63158,9709,30794,22913,7881,1935,1377,558,12608,10281,2327,2203,1055,1148,14048,10200,3848,25922,19298,6624,1582,1179,403,10492,8675,1817,1737,797,940,12111,8647,3464,4872,3615,1257,353,198,155,2116,1606,510,466,258,208,1937,1553,384,455294,177445,277849
5,68,353,0,0,0,SUB-DISTRICT,Roorkee,Urban,63407,350442,188705,161737,45693,24617,21076,43643,23103,20540,396,219,177,241316,139342,101974,109126,49363,59763,107055,93439,13616,96504,86172,10332,2422,2325,97,3378,3182,196,4618,3514,1104,86086,77151,8935,10551,7267,3284,124,72,52,480,427,53,867,456,411,9080,6312,2768,9483,6470,3013,122,71,51,401,359,42,801,416,385,8159,5624,2535,1068,797,271,2,1,1,79,68,11,66,40,26,921,688,233,243387,95266,148121
5,68,353,56627,0,0,TOWN,Shahpur (CT),Urban,957,5684,3012,2672,1048,547,501,652,358,294,0,0,0,3138,1850,1288,2546,1162,1384,1903,1444,459,1737,1349,388,50,42,8,559,526,33,253,69,184,875,712,163,166,95,71,0,0,0,2,2,0,11,3,8,153,90,63,151,83,68,0,0,0,1,1,0,8,1,7,142,81,61,15,12,3,0,0,0,1,1,0,3,2,1,11,9,2,3781,1568,2213
5,68,353,56627,1,0,WARD,Shahpur (CT) WARD NO.-0001,Urban,957,5684,3012,2672,1048,547,501,652,358,294,0,0,0,3138,1850,1288,2546,1162,1384,1903,1444,459,1737,1349,388,50,42,8,559,526,33,253,69,184,875,712,163,166,95,71,0,0,0,2,2,0,11,3,8,153,90,63,151,83,68,0,0,0,1,1,0,8,1,7,142,81,61,15,12,3,0,0,0,1,1,0,3,2,1,11,9,2,3781,1568,2213
5,68,353,56628,0,0,TOWN,Bhagwanpur (CT),Urban,1386,7573,3961,3612,1139,604,535,1749,889,860,1,0,1,5226,2903,2323,2347,1058,1289,2268,1991,277,2191,1944,247,25,24,1,134,114,20,49,41,8,1983,1765,218,77,47,30,1,0,1,5,3,2,9,1,8,62,43,19,75,45,30,1,0,1,3,1,2,9,1,8,62,43,19,2,2,0,0,0,0,2,2,0,0,0,0,0,0,0,5305,1970,3335
5,68,353,56628,1,0,WARD,Bhagwanpur (CT) WARD NO.-0001,Urban,1386,7573,3961,3612,1139,604,535,1749,889,860,1,0,1,5226,2903,2323,2347,1058,1289,2268,1991,277,2191,1944,247,25,24,1,134,114,20,49,41,8,1983,1765,218,77,47,30,1,0,1,5,3,2,9,1,8,62,43,19,75,45,30,1,0,1,3,1,2,9,1,8,62,43,19,2,2,0,0,0,0,2,2,0,0,0,0,0,0,0,5305,1970,3335
5,68,353,56629,0,0,TOWN,Saidpura (CT),Urban,969,5640,2985,2655,821,432,389,1076,575,501,2,1,1,3587,2113,1474,2053,872,1181,1694,1495,199,1389,1242,147,112,111,1,128,125,3,65,44,21,1084,962,122,305,253,52,1,1,0,40,39,1,14,11,3,250,202,48,275,226,49,1,1,0,23,22,1,11,9,2,240,194,46,30,27,3,0,0,0,17,17,0,3,2,1,10,8,2,3946,1490,2456
5,68,353,56629,1,0,WARD,Saidpura (CT) WARD NO.-0001,Urban,969,5640,2985,2655,821,432,389,1076,575,501,2,1,1,3587,2113,1474,2053,872,1181,1694,1495,199,1389,1242,147,112,111,1,128,125,3,65,44,21,1084,962,122,305,253,52,1,1,0,40,39,1,14,11,3,250,202,48,275,226,49,1,1,0,23,22,1,11,9,2,240,194,46,30,27,3,0,0,0,17,17,0,3,2,1,10,8,2,3946,1490,2456
5,68,353,56630,0,0,TOWN,Piran Kaliyar (CT),Urban,1626,10043,5271,4772,1865,967,898,526,290,236,0,0,0,4514,2776,1738,5529,2495,3034,2430,2308,122,2329,2217,112,78,78,0,136,136,0,51,46,5,2064,1957,107,101,91,10,1,0,1,4,4,0,1,1,0,95,86,9,88,79,9,1,0,1,2,2,0,1,1,0,84,76,8,13,12,1,0,0,0,2,2,0,0,0,0,11,10,1,7613,2963,4650
5,68,353,56630,1,0,WARD,Piran Kaliyar (CT) WARD NO.-0001,Urban,1626,10043,5271,4772,1865,967,898,526,290,236,0,0,0,4514,2776,1738,5529,2495,3034,2430,2308,122,2329,2217,112,78,78,0,136,136,0,51,46,5,2064,1957,107,101,91,10,1,0,1,4,4,0,1,1,0,95,86,9,88,79,9,1,0,1,2,2,0,1,1,0,84,76,8,13,12,1,0,0,0,2,2,0,0,0,0,11,10,1,7613,2963,4650
5,68,353,56631,0,0,TOWN,Salempur Rajputan (CT),Urban,2148,10340,5513,4827,1310,707,603,1516,800,716,4,2,2,8153,4608,3545,2187,905,1282,3142,2742,400,3055,2688,367,122,120,2,274,250,24,109,81,28,2550,2237,313,87,54,33,2,1,1,3,3,0,7,2,5,75,48,27,78,49,29,2,1,1,3,3,0,5,0,5,68,45,23,9,5,4,0,0,0,0,0,0,2,2,0,7,3,4,7198,2771,4427
5,68,353,56631,1,0,WARD,Salempur Rajputan (CT) WARD NO.-0001,Urban,2148,10340,5513,4827,1310,707,603,1516,800,716,4,2,2,8153,4608,3545,2187,905,1282,3142,2742,400,3055,2688,367,122,120,2,274,250,24,109,81,28,2550,2237,313,87,54,33,2,1,1,3,3,0,7,2,5,75,48,27,78,49,29,2,1,1,3,3,0,5,0,5,68,45,23,9,5,4,0,0,0,0,0,0,2,2,0,7,3,4,7198,2771,4427
5,68,353,56632,0,0,TOWN,Sunhaira (CT),Urban,2464,13248,7113,6135,1840,1033,807,5004,2687,2317,5,3,2,9337,5380,3957,3911,1733,2178,3687,3305,382,3366,3038,328,23,23,0,42,37,5,102,92,10,3199,2886,313,321,267,54,4,2,2,6,5,1,12,7,5,299,253,46,283,230,53,4,2,2,4,3,1,11,6,5,264,219,45,38,37,1,0,0,0,2,2,0,1,1,0,35,34,1,9561,3808,5753
5,68,353,56632,1,0,WARD,Sunhaira (CT) WARD NO.-0001,Urban,2464,13248,7113,6135,1840,1033,807,5004,2687,2317,5,3,2,9337,5380,3957,3911,1733,2178,3687,3305,382,3366,3038,328,23,23,0,42,37,5,102,92,10,3199,2886,313,321,267,54,4,2,2,6,5,1,12,7,5,299,253,46,283,230,53,4,2,2,4,3,1,11,6,5,264,219,45,38,37,1,0,0,0,2,2,0,1,1,0,35,34,1,9561,3808,5753
5,68,353,56633,0,0,TOWN,Shafipur (CT),Urban,2316,11135,5910,5225,1208,713,495,444,239,205,5,3,2,9378,5112,4266,1757,798,959,3542,2888,654,3356,2778,578,77,69,8,29,26,3,52,43,9,3198,2640,558,186,110,76,0,0,0,1,1,0,3,1,2,182,108,74,184,109,75,0,0,0,1,1,0,3,1,2,180,107,73,2,1,1,0,0,0,0,0,0,0,0,0,2,1,1,7593,3022,4571
5,68,353,56633,1,0,WARD,Shafipur (CT) WARD NO.-0001,Urban,2316,11135,5910,5225,1208,713,495,444,239,205,5,3,2,9378,5112,4266,1757,798,959,3542,2888,654,3356,2778,578,77,69,8,29,26,3,52,43,9,3198,2640,558,186,110,76,0,0,0,1,1,0,3,1,2,182,108,74,184,109,75,0,0,0,1,1,0,3,1,2,180,107,73,2,1,1,0,0,0,0,0,0,0,0,0,2,1,1,7593,3022,4571
5,68,353,56634,0,0,TOWN,Khanjarpur (CT),Urban,1217,6435,3412,3023,769,428,341,2109,1102,1007,0,0,0,4695,2702,1993,1740,710,1030,2015,1686,329,1456,1217,239,62,61,1,109,104,5,129,90,39,1156,962,194,559,469,90,0,0,0,12,7,5,13,8,5,534,454,80,470,389,81,0,0,0,8,6,2,13,8,5,449,375,74,89,80,9,0,0,0,4,1,3,0,0,0,85,79,6,4420,1726,2694
5,68,353,56634,1,0,WARD,Khanjarpur (CT) WARD NO.-0001,Urban,1217,6435,3412,3023,769,428,341,2109,1102,1007,0,0,0,4695,2702,1993,1740,710,1030,2015,1686,329,1456,1217,239,62,61,1,109,104,5,129,90,39,1156,962,194,559,469,90,0,0,0,12,7,5,13,8,5,534,454,80,470,389,81,0,0,0,8,6,2,13,8,5,449,375,74,89,80,9,0,0,0,4,1,3,0,0,0,85,79,6,4420,1726,2694
5,68,353,56635,0,0,TOWN,Bangherimahabatpur (Must) (CT),Urban,1583,8583,4491,4092,1168,616,552,2107,1076,1031,0,0,0,5577,3240,2337,3006,1251,1755,2180,2053,127,2120,2001,119,16,16,0,26,25,1,53,45,8,2025,1915,110,60,52,8,0,0,0,4,4,0,0,0,0,56,48,8,51,45,6,0,0,0,4,4,0,0,0,0,47,41,6,9,7,2,0,0,0,0,0,0,0,0,0,9,7,2,6403,2438,3965
5,68,353,56635,1,0,WARD,Bangherimahabatpur (Must) (CT) WARD NO.-0001,Urban,1583,8583,4491,4092,1168,616,552,2107,1076,1031,0,0,0,5577,3240,2337,3006,1251,1755,2180,2053,127,2120,2001,119,16,16,0,26,25,1,53,45,8,2025,1915,110,60,52,8,0,0,0,4,4,0,0,0,0,56,48,8,51,45,6,0,0,0,4,4,0,0,0,0,47,41,6,9,7,2,0,0,0,0,0,0,0,0,0,9,7,2,6403,2438,3965
5,68,353,56636,0,0,TOWN,Padali Gujar (CT),Urban,2120,12901,6750,6151,2197,1155,1042,1894,993,901,0,0,0,6398,3869,2529,6503,2881,3622,3551,3159,392,2979,2748,231,47,46,1,88,86,2,144,130,14,2700,2486,214,572,411,161,9,6,3,36,32,4,103,51,52,424,322,102,543,398,145,9,6,3,36,32,4,97,50,47,401,310,91,29,13,16,0,0,0,0,0,0,6,1,5,23,12,11,9350,3591,5759
5,68,353,56636,1,0,WARD,Padali Gujar (CT) WARD NO.-0001,Urban,2120,12901,6750,6151,2197,1155,1042,1894,993,901,0,0,0,6398,3869,2529,6503,2881,3622,3551,3159,392,2979,2748,231,47,46,1,88,86,2,144,130,14,2700,2486,214,572,411,161,9,6,3,36,32,4,103,51,52,424,322,102,543,398,145,9,6,3,36,32,4,97,50,47,401,310,91,29,13,16,0,0,0,0,0,0,6,1,5,23,12,11,9350,3591,5759
5,68,353,56637,0,0,TOWN,Nagala Imarti (CT),Urban,1018,5774,3044,2730,1071,562,509,999,537,462,0,0,0,2879,1825,1054,2895,1219,1676,1592,1413,179,1528,1366,162,233,225,8,77,77,0,16,14,2,1202,1050,152,64,47,17,3,3,0,1,1,0,0,0,0,60,43,17,61,44,17,2,2,0,1,1,0,0,0,0,58,41,17,3,3,0,1,1,0,0,0,0,0,0,0,2,2,0,4182,1631,2551
5,68,353,56637,1,0,WARD,Nagala Imarti (CT) WARD NO.-0001,Urban,1018,5774,3044,2730,1071,562,509,999,537,462,0,0,0,2879,1825,1054,2895,1219,1676,1592,1413,179,1528,1366,162,233,225,8,77,77,0,16,14,2,1202,1050,152,64,47,17,3,3,0,1,1,0,0,0,0,60,43,17,61,44,17,2,2,0,1,1,0,0,0,0,58,41,17,3,3,0,1,1,0,0,0,0,0,0,0,2,2,0,4182,1631,2551
5,68,353,56638,0,0,TOWN,Dhandera (CT),Urban,4490,23276,11944,11332,3158,1698,1460,5265,2743,2522,7,5,2,16311,9036,7275,6965,2908,4057,5465,4825,640,4827,4350,477,148,143,5,96,89,7,235,208,27,4348,3910,438,638,475,163,11,8,3,25,21,4,27,17,10,575,429,146,584,427,157,11,8,3,23,19,4,26,16,10,524,384,140,54,48,6,0,0,0,2,2,0,1,1,0,51,45,6,17811,7119,10692
5,68,353,56638,1,0,WARD,Dhandera (CT) WARD NO.-0001,Urban,4490,23276,11944,11332,3158,1698,1460,5265,2743,2522,7,5,2,16311,9036,7275,6965,2908,4057,5465,4825,640,4827,4350,477,148,143,5,96,89,7,235,208,27,4348,3910,438,638,475,163,11,8,3,25,21,4,27,17,10,575,429,146,584,427,157,11,8,3,23,19,4,26,16,10,524,384,140,54,48,6,0,0,0,2,2,0,1,1,0,51,45,6,17811,7119,10692
5,68,353,56639,0,0,TOWN,Maohanpur Mohammadpur (CT),Urban,2676,14394,7572,6822,1756,991,765,2911,1489,1422,9,5,4,10793,6024,4769,3601,1548,2053,4121,3560,561,3610,3198,412,66,61,5,116,107,9,121,84,37,3307,2946,361,511,362,149,6,2,4,38,34,4,28,16,12,439,310,129,469,327,142,6,2,4,36,32,4,22,11,11,405,282,123,42,35,7,0,0,0,2,2,0,6,5,1,34,28,6,10273,4012,6261
5,68,353,56639,1,0,WARD,Maohanpur Mohammadpur (CT) WARD NO.-0001,Urban,2676,14394,7572,6822,1756,991,765,2911,1489,1422,9,5,4,10793,6024,4769,3601,1548,2053,4121,3560,561,3610,3198,412,66,61,5,116,107,9,121,84,37,3307,2946,361,511,362,149,6,2,4,38,34,4,28,16,12,439,310,129,469,327,142,6,2,4,36,32,4,22,11,11,405,282,123,42,35,7,0,0,0,2,2,0,6,5,1,34,28,6,10273,4012,6261
5,68,353,800353,0,0,TOWN,Roorkee (NPP),Urban,22806,118200,63434,54766,11974,6579,5395,12979,6941,6038,152,82,70,95048,52967,42081,23152,10467,12685,35736,30112,5624,32239,27965,4274,396,365,31,331,304,27,1983,1824,159,29529,25472,4057,3497,2147,1350,61,33,28,118,103,15,113,80,33,3205,1931,1274,3251,1984,1267,60,33,27,93,82,11,94,67,27,3004,1802,1202,246,163,83,1,0,1,25,21,4,19,13,6,201,129,72,82464,33322,49142
5,68,353,800353,1,0,WARD,Roorkee (NPP) WARD NO.-0001,Urban,1575,7847,4101,3746,734,423,311,1629,886,743,2,1,1,6659,3556,3103,1188,545,643,2480,2049,431,2405,1996,409,26,24,2,49,43,6,186,167,19,2144,1762,382,75,53,22,2,1,1,4,3,1,3,2,1,66,47,19,67,45,22,2,1,1,4,3,1,2,1,1,59,40,19,8,8,0,0,0,0,0,0,0,1,1,0,7,7,0,5367,2052,3315
5,68,353,800353,2,0,WARD,Roorkee (NPP) WARD NO.-0002,Urban,1359,6845,3570,3275,739,419,320,1836,967,869,0,0,0,5379,2907,2472,1466,663,803,2309,1843,466,1803,1576,227,11,10,1,48,47,1,31,28,3,1713,1491,222,506,267,239,3,1,2,28,23,5,6,2,4,469,241,228,470,240,230,3,1,2,16,14,2,4,2,2,447,223,224,36,27,9,0,0,0,12,9,3,2,0,2,22,18,4,4536,1727,2809
5,68,353,800353,3,0,WARD,Roorkee (NPP) WARD NO.-0003,Urban,1710,8953,4719,4234,982,559,423,2000,1052,948,5,2,3,6886,3796,3090,2067,923,1144,2527,2228,299,2256,2034,222,55,54,1,41,38,3,111,104,7,2049,1838,211,271,194,77,5,3,2,10,9,1,20,16,4,236,166,70,239,173,66,5,3,2,8,7,1,18,15,3,208,148,60,32,21,11,0,0,0,2,2,0,2,1,1,28,18,10,6426,2491,3935
5,68,353,800353,4,0,WARD,Roorkee (NPP) WARD NO.-0004,Urban,2272,10949,5736,5213,1067,581,486,1549,815,734,7,3,4,9189,4943,4246,1760,793,967,3187,2759,428,3037,2654,383,69,64,5,20,20,0,131,123,8,2817,2447,370,150,105,45,10,5,5,2,2,0,5,3,2,133,95,38,139,95,44,10,5,5,1,1,0,5,3,2,123,86,37,11,10,1,0,0,0,1,1,0,0,0,0,10,9,1,7762,2977,4785
5,68,353,800353,5,0,WARD,Roorkee (NPP) WARD NO.-0005,Urban,665,3445,1768,1677,341,188,153,904,472,432,4,2,2,2746,1487,1259,699,281,418,1148,903,245,1082,859,223,9,7,2,31,29,2,147,134,13,895,689,206,66,44,22,1,0,1,3,1,2,0,0,0,62,43,19,62,40,22,1,0,1,3,1,2,0,0,0,58,39,19,4,4,0,0,0,0,0,0,0,0,0,0,4,4,0,2297,865,1432
5,68,353,800353,6,0,WARD,Roorkee (NPP) WARD NO.-0006,Urban,1003,4866,2525,2341,470,255,215,1506,789,717,14,7,7,3701,2029,1672,1165,496,669,1456,1245,211,1295,1118,177,5,3,2,12,12,0,20,18,2,1258,1085,173,161,127,34,1,0,1,3,3,0,9,8,1,148,116,32,157,124,33,1,0,1,3,3,0,9,8,1,144,113,31,4,3,1,0,0,0,0,0,0,0,0,0,4,3,1,3410,1280,2130
5,68,353,800353,7,0,WARD,Roorkee (NPP) WARD NO.-0007,Urban,1327,9211,6486,2725,371,186,185,914,543,371,6,3,3,8411,6144,2267,800,342,458,1695,1313,382,1337,1135,202,3,3,0,2,2,0,4,3,1,1328,1127,201,358,178,180,1,1,0,3,3,0,4,2,2,350,172,178,348,169,179,1,1,0,3,3,0,3,1,2,341,164,177,10,9,1,0,0,0,0,0,0,1,1,0,9,8,1,7516,5173,2343
5,68,353,800353,8,0,WARD,Roorkee (NPP) WARD NO.-0008,Urban,813,3526,1825,1701,318,175,143,216,113,103,66,32,34,3071,1621,1450,455,204,251,1057,853,204,982,805,177,10,8,2,10,10,0,35,29,6,927,758,169,75,48,27,6,4,2,7,7,0,1,0,1,61,37,24,72,46,26,6,4,2,5,5,0,1,0,1,60,37,23,3,2,1,0,0,0,2,2,0,0,0,0,1,0,1,2469,972,1497
5,68,353,800353,9,0,WARD,Roorkee (NPP) WARD NO.-0009,Urban,748,3898,2096,1802,419,228,191,307,170,137,4,3,1,3218,1782,1436,680,314,366,1184,1042,142,1124,1008,116,8,8,0,2,1,1,15,14,1,1099,985,114,60,34,26,1,1,0,1,1,0,1,0,1,57,32,25,59,33,26,1,1,0,1,1,0,1,0,1,56,31,25,1,1,0,0,0,0,0,0,0,0,0,0,1,1,0,2714,1054,1660
5,68,353,800353,10,0,WARD,Roorkee (NPP) WARD NO.-0010,Urban,1952,10148,5300,4848,1034,587,447,682,356,326,7,5,2,8228,4429,3799,1920,871,1049,3332,2701,631,2638,2328,310,41,33,8,29,26,3,137,125,12,2431,2144,287,694,373,321,11,6,5,12,11,1,14,11,3,657,345,312,651,364,287,11,6,5,8,8,0,11,10,1,621,340,281,43,9,34,0,0,0,4,3,1,3,1,2,36,5,31,6816,2599,4217
5,68,353,800353,11,0,WARD,Roorkee (NPP) WARD NO.-0011,Urban,707,3234,1660,1574,326,173,153,207,114,93,4,3,1,2766,1448,1318,468,212,256,1052,859,193,1015,837,178,2,2,0,2,1,1,47,41,6,964,793,171,37,22,15,1,0,1,1,1,0,5,2,3,30,19,11,34,19,15,1,0,1,1,1,0,4,1,3,28,17,11,3,3,0,0,0,0,0,0,0,1,1,0,2,2,0,2182,801,1381
5,68,353,800353,12,0,WARD,Roorkee (NPP) WARD NO.-0012,Urban,796,3554,1842,1712,304,175,129,233,118,115,4,2,2,3100,1623,1477,454,219,235,1430,1034,396,1276,992,284,14,14,0,3,2,1,91,74,17,1168,902,266,154,42,112,1,0,1,3,2,1,3,3,0,147,37,110,142,34,108,1,0,1,2,1,1,0,0,0,139,33,106,12,8,4,0,0,0,1,1,0,3,3,0,8,4,4,2124,808,1316
5,68,353,800353,13,0,WARD,Roorkee (NPP) WARD NO.-0013,Urban,1009,5041,2567,2474,495,268,227,165,78,87,2,1,1,4304,2241,2063,737,326,411,1521,1274,247,1472,1240,232,21,20,1,9,7,2,73,69,4,1369,1144,225,49,34,15,0,0,0,2,2,0,3,3,0,44,29,15,38,27,11,0,0,0,2,2,0,3,3,0,33,22,11,11,7,4,0,0,0,0,0,0,0,0,0,11,7,4,3520,1293,2227
5,68,353,800353,14,0,WARD,Roorkee (NPP) WARD NO.-0014,Urban,636,2761,1439,1322,228,128,100,141,82,59,22,15,7,2467,1294,1173,294,145,149,1090,857,233,1029,835,194,2,2,0,8,7,1,45,35,10,974,791,183,61,22,39,0,0,0,0,0,0,4,0,4,57,22,35,59,22,37,0,0,0,0,0,0,4,0,4,55,22,33,2,0,2,0,0,0,0,0,0,0,0,0,2,0,2,1671,582,1089
5,68,353,800353,15,0,WARD,Roorkee (NPP) WARD NO.-0015,Urban,929,4692,2580,2112,446,251,195,214,147,67,5,3,2,3944,2205,1739,748,375,373,1555,1358,197,1445,1280,165,39,39,0,5,4,1,72,68,4,1329,1169,160,110,78,32,1,0,1,1,1,0,2,2,0,106,75,31,96,69,27,0,0,0,0,0,0,2,2,0,94,67,27,14,9,5,1,0,1,1,1,0,0,0,0,12,8,4,3137,1222,1915
5,68,353,800353,16,0,WARD,Roorkee (NPP) WARD NO.-0016,Urban,1739,10580,5492,5088,1637,862,775,56,29,27,0,0,0,5895,3321,2574,4685,2171,2514,2898,2695,203,2686,2525,161,19,17,2,22,21,1,141,135,6,2504,2352,152,212,170,42,7,3,4,8,6,2,16,13,3,181,148,33,198,158,40,7,3,4,8,6,2,11,9,2,172,140,32,14,12,2,0,0,0,0,0,0,5,4,1,9,8,1,7682,2797,4885
5,68,353,800353,17,0,WARD,Roorkee (NPP) WARD NO.-0017,Urban,681,3332,1726,1606,299,165,134,230,129,101,0,0,0,2864,1515,1349,468,211,257,1106,950,156,1074,929,145,18,17,1,2,2,0,67,65,2,987,845,142,32,21,11,0,0,0,0,0,0,1,1,0,31,20,11,32,21,11,0,0,0,0,0,0,1,1,0,31,20,11,0,0,0,0,0,0,0,0,0,0,0,0,0,0,0,2226,776,1450
5,68,353,800353,18,0,WARD,Roorkee (NPP) WARD NO.-0018,Urban,782,3654,1862,1792,315,168,147,77,19,58,0,0,0,3271,1679,1592,383,183,200,1217,1025,192,1148,982,166,1,1,0,3,3,0,140,136,4,1004,842,162,69,43,26,3,2,1,1,1,0,3,2,1,62,38,24,59,36,23,3,2,1,0,0,0,3,2,1,53,32,21,10,7,3,0,0,0,1,1,0,0,0,0,9,6,3,2437,837,1600
5,68,353,800353,19,0,WARD,Roorkee (NPP) WARD NO.-0019,Urban,1085,5903,3123,2780,681,392,289,93,49,44,0,0,0,4604,2538,2066,1299,585,714,1824,1604,220,1595,1410,185,32,29,3,16,14,2,315,286,29,1232,1081,151,229,194,35,5,4,1,26,24,2,8,6,2,190,160,30,220,187,33,5,4,1,26,24,2,8,6,2,181,153,28,9,7,2,0,0,0,0,0,0,0,0,0,9,7,2,4079,1519,2560
5,68,353,800353,20,0,WARD,Roorkee (NPP) WARD NO.-0020,Urban,1018,5761,3017,2744,768,396,372,20,13,7,0,0,0,4345,2409,1936,1416,608,808,1668,1520,148,1540,1422,118,11,10,1,17,15,2,175,170,5,1337,1227,110,128,98,30,2,2,0,3,3,0,5,4,1,118,89,29,109,82,27,2,2,0,2,2,0,4,3,1,101,75,26,19,16,3,0,0,0,1,1,0,1,1,0,17,14,3,4093,1497,2596
5,68,353,800354,0,0,TOWN,Roorkee (CB),Urban,2211,14689,10840,3849,1325,736,589,687,392,295,74,40,34,13076,10001,3075,1613,839,774,8861,8510,351,8576,8300,276,91,90,1,7,7,0,55,18,37,8423,8185,238,285,210,75,1,0,1,3,3,0,18,17,1,263,190,73,270,202,68,1,0,1,3,3,0,15,14,1,251,185,66,15,8,7,0,0,0,0,0,0,3,3,0,12,5,7,5828,2330,3498
5,68,353,800354,1,0,WARD,Roorkee (CB) WARD NO.-0001,Urban,1885,12959,9928,3031,1165,648,517,156,110,46,34,22,12,11652,9217,2435,1307,711,596,8298,8007,291,8048,7825,223,91,90,1,6,6,0,38,1,37,7913,7728,185,250,182,68,1,0,1,3,3,0,2,2,0,244,177,67,241,179,62,1,0,1,3,3,0,2,2,0,235,174,61,9,3,6,0,0,0,0,0,0,0,0,0,9,3,6,4661,1921,2740
5,68,353,800354,2,0,WARD,Roorkee (CB) WARD NO.-0002,Urban,70,342,183,159,24,12,12,90,50,40,34,14,20,296,168,128,46,15,31,112,102,10,107,98,9,0,0,0,1,1,0,0,0,0,106,97,9,5,4,1,0,0,0,0,0,0,0,0,0,5,4,1,3,2,1,0,0,0,0,0,0,0,0,0,3,2,1,2,2,0,0,0,0,0,0,0,0,0,0,2,2,0,230,81,149
5,68,353,800354,3,0,WARD,Roorkee (CB) WARD NO.-0003,Urban,116,642,334,308,73,39,34,326,169,157,6,4,2,473,265,208,169,69,100,194,174,20,185,167,18,0,0,0,0,0,0,15,15,0,170,152,18,9,7,2,0,0,0,0,0,0,0,0,0,9,7,2,8,7,1,0,0,0,0,0,0,0,0,0,8,7,1,1,0,1,0,0,0,0,0,0,0,0,0,1,0,1,448,160,288
5,68,353,800354,4,0,WARD,Roorkee (CB) WARD NO.-0004,Urban,117,613,323,290,53,30,23,110,61,49,0,0,0,533,287,246,80,36,44,213,185,28,196,172,24,0,0,0,0,0,0,2,2,0,194,170,24,17,13,4,0,0,0,0,0,0,12,11,1,5,2,3,14,10,4,0,0,0,0,0,0,9,8,1,5,2,3,3,3,0,0,0,0,0,0,0,3,3,0,0,0,0,400,138,262
5,68,353,800354,5,0,WARD,Roorkee (CB) WARD NO.-0005,Urban,23,133,72,61,10,7,3,5,2,3,0,0,0,122,64,58,11,8,3,44,42,2,40,38,2,0,0,0,0,0,0,0,0,0,40,38,2,4,4,0,0,0,0,0,0,0,4,4,0,0,0,0,4,4,0,0,0,0,0,0,0,4,4,0,0,0,0,0,0,0,0,0,0,0,0,0,0,0,0,0,0,0,89,30,59
5,68,353,800355,0,0,TOWN,Jhabrera (NP),Urban,1793,11186,5909,5277,1553,851,702,933,485,448,1,1,0,7499,4293,3206,3687,1616,2071,3220,3036,184,2969,2817,152,222,219,3,197,193,4,61,58,3,2489,2347,142,251,219,32,2,1,1,47,39,8,9,7,2,193,172,21,220,189,31,2,1,1,42,35,7,9,7,2,167,146,21,31,30,1,0,0,0,5,4,1,0,0,0,26,26,0,7966,2873,5093
5,68,353,800355,1,0,WARD,Jhabrera (NP) WARD NO.-0001,Urban,176,1153,608,545,184,98,86,127,61,66,0,0,0,610,366,244,543,242,301,363,340,23,359,339,20,17,14,3,11,11,0,1,1,0,330,313,17,4,1,3,0,0,0,2,0,2,0,0,0,2,1,1,4,1,3,0,0,0,2,0,2,0,0,0,2,1,1,0,0,0,0,0,0,0,0,0,0,0,0,0,0,0,790,268,522
5,68,353,800355,2,0,WARD,Jhabrera (NP) WARD NO.-0002,Urban,255,1616,856,760,245,129,116,416,221,195,1,1,0,1072,614,458,544,242,302,405,395,10,389,381,8,60,60,0,71,70,1,20,20,0,238,231,7,16,14,2,0,0,0,3,3,0,2,0,2,11,11,0,11,9,2,0,0,0,3,3,0,2,0,2,6,6,0,5,5,0,0,0,0,0,0,0,0,0,0,5,5,0,1211,461,750
5,68,353,800355,3,0,WARD,Jhabrera (NP) WARD NO.-0003,Urban,368,2021,1066,955,296,168,128,13,9,4,0,0,0,1361,775,586,660,291,369,600,564,36,589,555,34,12,12,0,82,82,0,8,8,0,487,453,34,11,9,2,0,0,0,4,4,0,0,0,0,7,5,2,10,8,2,0,0,0,3,3,0,0,0,0,7,5,2,1,1,0,0,0,0,1,1,0,0,0,0,0,0,0,1421,502,919
5,68,353,800355,4,0,WARD,Jhabrera (NP) WARD NO.-0004,Urban,364,2343,1242,1101,292,165,127,288,148,140,0,0,0,1588,916,672,755,326,429,646,592,54,494,452,42,91,91,0,19,17,2,19,16,3,365,328,37,152,140,12,0,0,0,36,30,6,1,1,0,115,109,6,144,133,11,0,0,0,32,27,5,1,1,0,111,105,6,8,7,1,0,0,0,4,3,1,0,0,0,4,4,0,1697,650,1047
5,68,353,800355,5,0,WARD,Jhabrera (NP) WARD NO.-0005,Urban,163,964,509,455,121,64,57,89,46,43,0,0,0,684,393,291,280,116,164,293,276,17,282,267,15,5,5,0,0,0,0,3,3,0,274,259,15,11,9,2,1,1,0,0,0,0,0,0,0,10,8,2,11,9,2,1,1,0,0,0,0,0,0,0,10,8,2,0,0,0,0,0,0,0,0,0,0,0,0,0,0,0,671,233,438
5,68,353,800355,6,0,WARD,Jhabrera (NP) WARD NO.-0006,Urban,322,2139,1133,1006,278,160,118,0,0,0,0,0,0,1474,837,637,665,296,369,640,614,26,602,581,21,30,30,0,5,5,0,10,10,0,557,536,21,38,33,5,1,0,1,2,2,0,6,6,0,29,25,4,23,18,5,1,0,1,2,2,0,6,6,0,14,10,4,15,15,0,0,0,0,0,0,0,0,0,0,15,15,0,1499,519,980
5,68,353,800355,7,0,WARD,Jhabrera (NP) WARD NO.-0007,Urban,145,950,495,455,137,67,70,0,0,0,0,0,0,710,392,318,240,103,137,273,255,18,254,242,12,7,7,0,9,8,1,0,0,0,238,227,11,19,13,6,0,0,0,0,0,0,0,0,0,19,13,6,17,11,6,0,0,0,0,0,0,0,0,0,17,11,6,2,2,0,0,0,0,0,0,0,0,0,0,2,2,0,677,240,437
5,68,353,800356,0,0,TOWN,Manglaur (NPP),Urban,8737,52971,27761,25210,8240,4267,3973,1024,544,480,133,74,59,26411,15065,11346,26560,12696,13864,15657,13958,1699,14335,12974,1361,252,234,18,869,840,29,1064,567,497,12150,11333,817,1322,984,338,20,14,6,118,112,6,138,26,112,1046,832,214,1186,889,297,20,14,6,104,101,3,121,20,101,941,754,187,136,95,41,0,0,0,14,11,3,17,6,11,105,78,27,37314,13803,23511
5,68,353,800356,1,0,WARD,Manglaur (NPP) WARD NO.-0001,Urban,439,2655,1406,1249,421,206,215,513,280,233,0,0,0,1372,810,562,1283,596,687,1106,868,238,920,743,177,26,25,1,85,84,1,195,147,48,614,487,127,186,125,61,2,2,0,20,18,2,4,2,2,160,103,57,157,107,50,2,2,0,16,16,0,4,2,2,135,87,48,29,18,11,0,0,0,4,2,2,0,0,0,25,16,9,1549,538,1011
5,68,353,800356,2,0,WARD,Manglaur (NPP) WARD NO.-0002,Urban,609,3761,1943,1818,600,310,290,205,102,103,0,0,0,1987,1100,887,1774,843,931,960,883,77,880,837,43,31,31,0,49,48,1,27,12,15,773,746,27,80,46,34,2,1,1,4,4,0,14,0,14,60,41,19,67,38,29,2,1,1,4,4,0,13,0,13,48,33,15,13,8,5,0,0,0,0,0,0,1,0,1,12,8,4,2801,1060,1741
5,68,353,800356,3,0,WARD,Manglaur (NPP) WARD NO.-0003,Urban,614,3841,2015,1826,662,356,306,0,0,0,0,0,0,1197,693,504,2644,1322,1322,971,928,43,923,884,39,8,8,0,51,51,0,38,27,11,826,798,28,48,44,4,1,1,0,1,1,0,0,0,0,46,42,4,29,26,3,1,1,0,1,1,0,0,0,0,27,24,3,19,18,1,0,0,0,0,0,0,0,0,0,19,18,1,2870,1087,1783
5,68,353,800356,4,0,WARD,Manglaur (NPP) WARD NO.-0004,Urban,454,2477,1289,1188,327,178,149,103,55,48,0,0,0,1690,932,758,787,357,430,762,645,117,728,626,102,5,4,1,28,28,0,25,20,5,670,574,96,34,19,15,2,2,0,1,1,0,10,2,8,21,14,7,29,18,11,2,2,0,1,1,0,5,1,4,21,14,7,5,1,4,0,0,0,0,0,0,5,1,4,0,0,0,1715,644,1071
5,68,353,800356,5,0,WARD,Manglaur (NPP) WARD NO.-0005,Urban,732,4153,2140,2013,743,391,352,0,0,0,0,0,0,2167,1274,893,1986,866,1120,1048,966,82,998,927,71,34,30,4,23,23,0,28,3,25,913,871,42,50,39,11,2,0,2,8,8,0,3,0,3,37,31,6,49,38,11,2,0,2,8,8,0,3,0,3,36,30,6,1,1,0,0,0,0,0,0,0,0,0,0,1,1,0,3105,1174,1931
5,68,353,800356,6,0,WARD,Manglaur (NPP) WARD NO.-0006,Urban,793,4440,2357,2083,604,316,288,36,20,16,0,0,0,2488,1420,1068,1952,937,1015,1254,1192,62,932,878,54,16,16,0,33,30,3,15,14,1,868,818,50,322,314,8,1,1,0,11,11,0,2,1,1,308,301,7,322,314,8,1,1,0,11,11,0,2,1,1,308,301,7,0,0,0,0,0,0,0,0,0,0,0,0,0,0,0,3186,1165,2021
5,68,353,800356,7,0,WARD,Manglaur (NPP) WARD NO.-0007,Urban,724,4510,2395,2115,667,344,323,11,7,4,0,0,0,2508,1406,1102,2002,989,1013,1255,1171,84,1215,1149,66,19,18,1,68,65,3,11,9,2,1117,1057,60,40,22,18,1,0,1,1,1,0,1,0,1,37,21,16,40,22,18,1,0,1,1,1,0,1,0,1,37,21,16,0,0,0,0,0,0,0,0,0,0,0,0,0,0,0,3255,1224,2031
5,68,353,800356,8,0,WARD,Manglaur (NPP) WARD NO.-0008,Urban,421,2338,1200,1138,324,156,168,0,0,0,0,0,0,1560,854,706,778,346,432,747,679,68,712,657,55,3,3,0,10,10,0,71,69,2,628,575,53,35,22,13,1,0,1,1,1,0,2,2,0,31,19,12,30,20,10,1,0,1,0,0,0,2,2,0,27,18,9,5,2,3,0,0,0,1,1,0,0,0,0,4,1,3,1591,521,1070
5,68,353,800356,9,0,WARD,Manglaur (NPP) WARD NO.-0009,Urban,776,4782,2494,2288,766,386,380,14,8,6,0,0,0,2194,1217,977,2588,1277,1311,1270,1190,80,1065,1025,40,23,23,0,28,28,0,11,5,6,1003,969,34,205,165,40,3,2,1,45,43,2,16,4,12,141,116,25,198,160,38,3,2,1,45,43,2,14,2,12,136,113,23,7,5,2,0,0,0,0,0,0,2,2,0,5,3,2,3512,1304,2208
5,68,353,800356,10,0,WARD,Manglaur (NPP) WARD NO.-0010,Urban,543,3204,1669,1535,514,273,241,0,0,0,133,74,59,1597,910,687,1607,759,848,912,860,52,846,819,27,16,16,0,130,129,1,20,20,0,680,654,26,66,41,25,0,0,0,7,6,1,8,0,8,51,35,16,60,39,21,0,0,0,6,6,0,7,0,7,47,33,14,6,2,4,0,0,0,1,0,1,1,0,1,4,2,2,2292,809,1483
5,68,353,800356,11,0,WARD,Manglaur (NPP) WARD NO.-0011,Urban,636,4072,2140,1932,672,363,309,0,0,0,0,0,0,1665,960,705,2407,1180,1227,1289,1097,192,1227,1050,177,8,6,2,51,49,2,61,9,52,1107,986,121,62,47,15,3,3,0,1,1,0,9,5,4,49,38,11,40,30,10,3,3,0,1,1,0,6,4,2,30,22,8,22,17,5,0,0,0,0,0,0,3,1,2,19,16,3,2783,1043,1740
5,68,353,800356,12,0,WARD,Manglaur (NPP) WARD NO.-0012,Urban,509,3400,1829,1571,474,242,232,0,0,0,0,0,0,1772,1055,717,1628,774,854,1013,911,102,984,891,93,5,3,2,40,33,7,31,7,24,908,848,60,29,20,9,1,1,0,0,0,0,2,1,1,26,18,8,26,17,9,1,1,0,0,0,0,1,0,1,24,16,8,3,3,0,0,0,0,0,0,0,1,1,0,2,2,0,2387,918,1469
5,68,353,800356,13,0,WARD,Manglaur (NPP) WARD NO.-0013,Urban,390,2264,1155,1109,276,133,143,0,0,0,0,0,0,1388,790,598,876,365,511,703,598,105,662,588,74,15,11,4,12,12,0,36,3,33,599,562,37,41,10,31,0,0,0,3,2,1,19,1,18,19,7,12,40,10,30,0,0,0,3,2,1,19,1,18,18,7,11,1,0,1,0,0,0,0,0,0,0,0,0,1,0,1,1561,557,1004
5,68,353,800356,14,0,WARD,Manglaur (NPP) WARD NO.-0014,Urban,575,3704,1945,1759,606,318,288,142,72,70,0,0,0,1483,837,646,2221,1108,1113,1235,1048,187,1196,1018,178,33,33,0,253,242,11,360,213,147,550,530,20,39,30,9,0,0,0,15,15,0,13,6,7,11,9,2,27,19,8,0,0,0,7,7,0,12,5,7,8,7,1,12,11,1,0,0,0,8,8,0,1,1,0,3,2,1,2469,897,1572
5,68,353,800356,15,0,WARD,Manglaur (NPP) WARD NO.-0015,Urban,522,3370,1784,1586,584,295,289,0,0,0,0,0,0,1343,807,536,2027,977,1050,1132,922,210,1047,882,165,10,7,3,8,8,0,135,9,126,894,858,36,85,40,45,1,1,0,0,0,0,35,2,33,49,37,12,72,31,41,1,1,0,0,0,0,32,2,30,39,28,11,13,9,4,0,0,0,0,0,0,3,0,3,10,9,1,2238,862,1376
5,68,353,800357,0,0,TOWN,Landhaura (NP),Urban,2890,18370,9783,8587,3251,1731,1520,1768,963,805,3,3,0,9296,5578,3718,9074,4205,4869,5991,4954,1037,4442,3980,462,402,398,4,160,136,24,76,60,16,3804,3386,418,1549,974,575,2,1,1,17,14,3,361,208,153,1169,751,418,1244,755,489,2,1,1,14,11,3,356,204,152,872,539,333,305,219,86,0,0,0,3,3,0,5,4,1,297,212,85,12379,4829,7550
5,68,353,800357,1,0,WARD,Landhaura (NP) WARD NO.-0001,Urban,225,1390,733,657,233,120,113,855,449,406,3,3,0,627,375,252,763,358,405,363,326,37,357,324,33,0,0,0,115,93,22,1,1,0,241,230,11,6,2,4,0,0,0,3,2,1,0,0,0,3,0,3,6,2,4,0,0,0,3,2,1,0,0,0,3,0,3,0,0,0,0,0,0,0,0,0,0,0,0,0,0,0,1027,407,620
5,68,353,800357,2,0,WARD,Landhaura (NP) WARD NO.-0002,Urban,188,1146,593,553,155,82,73,494,261,233,0,0,0,766,442,324,380,151,229,400,294,106,372,274,98,5,5,0,3,3,0,0,0,0,364,266,98,28,20,8,0,0,0,3,1,2,0,0,0,25,19,6,22,16,6,0,0,0,3,1,2,0,0,0,19,15,4,6,4,2,0,0,0,0,0,0,0,0,0,6,4,2,746,299,447
5,68,353,800357,3,0,WARD,Landhaura (NP) WARD NO.-0003,Urban,293,1840,958,882,340,179,161,0,0,0,0,0,0,1068,617,451,772,341,431,450,432,18,419,405,14,8,8,0,6,6,0,9,8,1,396,383,13,31,27,4,0,0,0,0,0,0,1,1,0,30,26,4,25,21,4,0,0,0,0,0,0,0,0,0,25,21,4,6,6,0,0,0,0,0,0,0,1,1,0,5,5,0,1390,526,864
5,68,353,800357,4,0,WARD,Landhaura (NP) WARD NO.-0004,Urban,302,1906,1037,869,303,171,132,43,19,24,0,0,0,1008,604,404,898,433,465,648,530,118,493,397,96,14,14,0,8,6,2,29,20,9,442,357,85,155,133,22,0,0,0,3,3,0,4,3,1,148,127,21,101,81,20,0,0,0,2,2,0,3,2,1,96,77,19,54,52,2,0,0,0,1,1,0,1,1,0,52,50,2,1258,507,751
5,68,353,800357,5,0,WARD,Landhaura (NP) WARD NO.-0005,Urban,643,3938,2155,1783,745,392,353,132,84,48,0,0,0,1479,932,547,2459,1223,1236,1617,1202,415,822,727,95,0,0,0,7,7,0,1,1,0,814,719,95,795,475,320,2,1,1,3,3,0,4,2,2,786,469,317,568,324,244,2,1,1,3,3,0,2,0,2,561,320,241,227,151,76,0,0,0,0,0,0,2,2,0,225,149,76,2321,953,1368
5,68,353,800357,6,0,WARD,Landhaura (NP) WARD NO.-0006,Urban,362,2469,1350,1119,439,234,205,152,97,55,0,0,0,1168,715,453,1301,635,666,1030,768,262,546,493,53,24,23,1,5,5,0,15,9,6,502,456,46,484,275,209,0,0,0,2,2,0,349,200,149,133,73,60,475,271,204,0,0,0,1,1,0,349,200,149,125,70,55,9,4,5,0,0,0,1,1,0,0,0,0,8,3,5,1439,582,857
5,68,353,800357,7,0,WARD,Landhaura (NP) WARD NO.-0007,Urban,241,1553,830,723,287,166,121,0,0,0,0,0,0,877,530,347,676,300,376,382,372,10,363,354,9,83,82,1,0,0,0,0,0,0,280,272,8,19,18,1,0,0,0,0,0,0,2,2,0,17,16,1,19,18,1,0,0,0,0,0,0,2,2,0,17,16,1,0,0,0,0,0,0,0,0,0,0,0,0,0,0,0,1171,458,713
5,68,353,800357,8,0,WARD,Landhaura (NP) WARD NO.-0008,Urban,258,1605,828,777,255,129,126,5,3,2,0,0,0,1044,601,443,561,227,334,432,403,29,422,398,24,144,142,2,3,3,0,8,8,0,267,245,22,10,5,5,0,0,0,2,2,0,1,0,1,7,3,4,8,4,4,0,0,0,1,1,0,0,0,0,7,3,4,2,1,1,0,0,0,1,1,0,1,0,1,0,0,0,1173,425,748
5,68,353,800357,9,0,WARD,Landhaura (NP) WARD NO.-0009,Urban,378,2523,1299,1224,494,258,236,87,50,37,0,0,0,1259,762,497,1264,537,727,669,627,42,648,608,40,124,124,0,13,13,0,13,13,0,498,458,40,21,19,2,0,0,0,1,1,0,0,0,0,20,18,2,20,18,2,0,0,0,1,1,0,0,0,0,19,17,2,1,1,0,0,0,0,0,0,0,0,0,0,1,1,0,1854,672,1182
5,68,354,0,0,0,SUB-DISTRICT,Hardwar,Total,125249,657829,348763,309066,95738,50621,45117,133086,70129,62957,4524,2419,2105,430300,247794,182506,227529,100969,126560,209806,178283,31523,178939,157617,21322,19093,17302,1791,17981,16021,1960,4130,3453,677,137735,120841,16894,30867,20666,10201,2062,868,1194,9204,5703,3501,1043,535,508,18558,13560,4998,25731,17602,8129,1709,776,933,6903,4416,2487,841,439,402,16278,11971,4307,5136,3064,2072,353,92,261,2301,1287,1014,202,96,106,2280,1589,691,448023,170480,277543
5,68,354,0,0,0,SUB-DISTRICT,Hardwar,Rural,59160,336937,177694,159243,56247,29586,26661,76722,40470,36252,3858,2070,1788,191892,114045,77847,145045,63649,81396,104550,88157,16393,84630,75321,9309,18512,16769,1743,16821,15026,1795,1610,1317,293,47687,42209,5478,19920,12836,7084,1959,813,1146,8748,5377,3371,670,297,373,8543,6349,2194,15813,10522,5291,1612,726,886,6541,4135,2406,537,246,291,7123,5415,1708,4107,2314,1793,347,87,260,2207,1242,965,133,51,82,1420,934,486,232387,89537,142850
5,68,354,0,0,0,SUB-DISTRICT,Hardwar,Urban,66089,320892,171069,149823,39491,21035,18456,56364,29659,26705,666,349,317,238408,133749,104659,82484,37320,45164,105256,90126,15130,94309,82296,12013,581,533,48,1160,995,165,2520,2136,384,90048,78632,11416,10947,7830,3117,103,55,48,456,326,130,373,238,135,10015,7211,2804,9918,7080,2838,97,50,47,362,281,81,304,193,111,9155,6556,2599,1029,750,279,6,5,1,94,45,49,69,45,24,860,655,205,215636,80943,134693
5,68,354,56777,0,0,TOWN,Rawali Mahdood (CT),Urban,3464,17467,9438,8029,2686,1486,1200,8259,4406,3853,20,11,9,12005,7154,4851,5462,2284,3178,5958,4843,1115,5187,4288,899,66,65,1,174,140,34,54,45,9,4893,4038,855,771,555,216,3,2,1,59,46,13,6,4,2,703,503,200,698,495,203,3,2,1,50,37,13,5,3,2,640,453,187,73,60,13,0,0,0,9,9,0,1,1,0,63,50,13,11509,4595,6914
5,68,354,56777,1,0,WARD,Rawali Mahdood (CT) WARD NO.-0001,Urban,3464,17467,9438,8029,2686,1486,1200,8259,4406,3853,20,11,9,12005,7154,4851,5462,2284,3178,5958,4843,1115,5187,4288,899,66,65,1,174,140,34,54,45,9,4893,4038,855,771,555,216,3,2,1,59,46,13,6,4,2,703,503,200,698,495,203,3,2,1,50,37,13,5,3,2,640,453,187,73,60,13,0,0,0,9,9,0,1,1,0,63,50,13,11509,4595,6914
5,68,354,56778,0,0,TOWN,Bahadarabad (CT),Urban,1903,10096,5366,4730,1400,750,650,2653,1385,1268,0,0,0,7107,4101,3006,2989,1265,1724,3281,2846,435,3061,2737,324,176,174,2,197,187,10,112,83,29,2576,2293,283,220,109,111,0,0,0,78,14,64,11,1,10,131,94,37,161,96,65,0,0,0,33,10,23,11,1,10,117,85,32,59,13,46,0,0,0,45,4,41,0,0,0,14,9,5,6815,2520,4295
5,68,354,56778,1,0,WARD,Bahadarabad (CT) WARD NO.-0001,Urban,1903,10096,5366,4730,1400,750,650,2653,1385,1268,0,0,0,7107,4101,3006,2989,1265,1724,3281,2846,435,3061,2737,324,176,174,2,197,187,10,112,83,29,2576,2293,283,220,109,111,0,0,0,78,14,64,11,1,10,131,94,37,161,96,65,0,0,0,33,10,23,11,1,10,117,85,32,59,13,46,0,0,0,45,4,41,0,0,0,14,9,5,6815,2520,4295
5,68,354,56779,0,0,TOWN,Jagjeetpur (CT),Urban,3090,15043,7917,7126,2060,1070,990,4235,2227,2008,0,0,0,11180,6296,4884,3863,1621,2242,4714,4135,579,4435,3929,506,93,89,4,153,116,37,87,79,8,4102,3645,457,279,206,73,2,1,1,17,10,7,8,3,5,252,192,60,259,194,65,2,1,1,16,10,6,7,2,5,234,181,53,20,12,8,0,0,0,1,0,1,1,1,0,18,11,7,10329,3782,6547
5,68,354,56779,1,0,WARD,Jagjeetpur (CT) WARD NO.-0001,Urban,3090,15043,7917,7126,2060,1070,990,4235,2227,2008,0,0,0,11180,6296,4884,3863,1621,2242,4714,4135,579,4435,3929,506,93,89,4,153,116,37,87,79,8,4102,3645,457,279,206,73,2,1,1,17,10,7,8,3,5,252,192,60,259,194,65,2,1,1,16,10,6,7,2,5,234,181,53,20,12,8,0,0,0,1,0,1,1,1,0,18,11,7,10329,3782,6547
5,68,354,800358,0,0,TOWN,Bharat Heavy Electricals Limited Ranipur (ITS),Urban,10381,46948,24893,22055,5331,2878,2453,9337,4961,4376,212,109,103,37633,20856,16777,9315,4037,5278,15147,12756,2391,14017,12044,1973,15,13,2,61,52,9,188,152,36,13753,11827,1926,1130,712,418,12,4,8,12,10,2,31,22,9,1075,676,399,1039,639,400,12,4,8,12,10,2,29,20,9,986,605,381,91,73,18,0,0,0,0,0,0,2,2,0,89,71,18,31801,12137,19664
5,68,354,800358,1,0,WARD,Bharat Heavy Electricals Limited Ranipur (ITS) WARD NO.-0001,Urban,1673,7850,4181,3669,764,418,346,1438,765,673,5,3,2,6382,3550,2832,1468,631,837,2649,2158,491,2495,2082,413,10,9,1,10,9,1,36,33,3,2439,2031,408,154,76,78,1,1,0,1,1,0,4,3,1,148,71,77,136,64,72,1,1,0,1,1,0,2,1,1,132,61,71,18,12,6,0,0,0,0,0,0,2,2,0,16,10,6,5201,2023,3178
5,68,354,800358,2,0,WARD,Bharat Heavy Electricals Limited Ranipur (ITS) WARD NO.-0002,Urban,854,4286,2215,2071,430,222,208,516,265,251,6,2,4,3664,1951,1713,622,264,358,1361,1084,277,1248,1023,225,0,0,0,19,14,5,30,29,1,1199,980,219,113,61,52,1,0,1,1,1,0,0,0,0,111,60,51,109,57,52,1,0,1,1,1,0,0,0,0,107,56,51,4,4,0,0,0,0,0,0,0,0,0,0,4,4,0,2925,1131,1794
5,68,354,800358,3,0,WARD,Bharat Heavy Electricals Limited Ranipur (ITS) WARD NO.-0003,Urban,780,3765,1931,1834,395,214,181,172,88,84,2,1,1,3281,1700,1581,484,231,253,1162,931,231,1125,909,216,1,1,0,3,3,0,49,41,8,1072,864,208,37,22,15,1,0,1,2,1,1,5,5,0,29,16,13,34,20,14,1,0,1,2,1,1,5,5,0,26,14,12,3,2,1,0,0,0,0,0,0,0,0,0,3,2,1,2603,1000,1603
5,68,354,800358,4,0,WARD,Bharat Heavy Electricals Limited Ranipur (ITS) WARD NO.-0004,Urban,482,2116,1106,1010,191,104,87,134,68,66,8,3,5,1874,985,889,242,121,121,684,523,161,591,468,123,0,0,0,1,1,0,6,6,0,584,461,123,93,55,38,0,0,0,2,2,0,2,1,1,89,52,37,92,55,37,0,0,0,2,2,0,2,1,1,88,52,36,1,0,1,0,0,0,0,0,0,0,0,0,1,0,1,1432,583,849
5,68,354,800358,5,0,WARD,Bharat Heavy Electricals Limited Ranipur (ITS) WARD NO.-0005,Urban,1187,5187,2844,2343,678,391,287,942,525,417,83,42,41,4226,2396,1830,961,448,513,1580,1414,166,1488,1356,132,0,0,0,2,2,0,37,19,18,1449,1335,114,92,58,34,0,0,0,0,0,0,7,6,1,85,52,33,88,56,32,0,0,0,0,0,0,7,6,1,81,50,31,4,2,2,0,0,0,0,0,0,0,0,0,4,2,2,3607,1430,2177
5,68,354,800358,6,0,WARD,Bharat Heavy Electricals Limited Ranipur (ITS) WARD NO.-0006,Urban,450,1775,921,854,166,89,77,220,117,103,22,12,10,1560,826,734,215,95,120,547,464,83,527,453,74,0,0,0,1,1,0,0,0,0,526,452,74,20,11,9,0,0,0,0,0,0,0,0,0,20,11,9,19,10,9,0,0,0,0,0,0,0,0,0,19,10,9,1,1,0,0,0,0,0,0,0,0,0,0,1,1,0,1228,457,771
5,68,354,800358,7,0,WARD,Bharat Heavy Electricals Limited Ranipur (ITS) WARD NO.-0007,Urban,575,2566,1394,1172,346,193,153,767,411,356,7,3,4,2085,1181,904,481,213,268,751,692,59,695,651,44,0,0,0,2,1,1,0,0,0,693,650,43,56,41,15,1,0,1,0,0,0,0,0,0,55,41,14,35,20,15,1,0,1,0,0,0,0,0,0,34,20,14,21,21,0,0,0,0,0,0,0,0,0,0,21,21,0,1815,702,1113
5,68,354,800358,8,0,WARD,Bharat Heavy Electricals Limited Ranipur (ITS) WARD NO.-0008,Urban,680,2745,1448,1297,307,171,136,473,262,211,22,10,12,2277,1246,1031,468,202,266,1013,837,176,886,784,102,1,1,0,0,0,0,4,4,0,881,779,102,127,53,74,0,0,0,0,0,0,6,1,5,121,52,69,124,50,74,0,0,0,0,0,0,6,1,5,118,49,69,3,3,0,0,0,0,0,0,0,0,0,0,3,3,0,1732,611,1121
5,68,354,800358,9,0,WARD,Bharat Heavy Electricals Limited Ranipur (ITS) WARD NO.-0009,Urban,332,1179,595,584,165,72,93,479,233,246,0,0,0,902,496,406,277,99,178,422,345,77,387,323,64,0,0,0,4,4,0,3,1,2,380,318,62,35,22,13,0,0,0,4,3,1,0,0,0,31,19,12,35,22,13,0,0,0,4,3,1,0,0,0,31,19,12,0,0,0,0,0,0,0,0,0,0,0,0,0,0,0,757,250,507
5,68,354,800358,10,0,WARD,Bharat Heavy Electricals Limited Ranipur (ITS) WARD NO.-0010,Urban,752,3273,1748,1525,351,190,161,728,394,334,25,16,9,2657,1492,1165,616,256,360,988,862,126,939,822,117,1,1,0,0,0,0,4,3,1,934,818,116,49,40,9,1,0,1,1,1,0,0,0,0,47,39,8,49,40,9,1,0,1,1,1,0,0,0,0,47,39,8,0,0,0,0,0,0,0,0,0,0,0,0,0,0,0,2285,886,1399
5,68,354,800358,11,0,WARD,Bharat Heavy Electricals Limited Ranipur (ITS) WARD NO.-0011,Urban,1091,4253,2275,1978,459,252,207,1156,603,553,28,15,13,3402,1903,1499,851,372,479,1460,1249,211,1261,1106,155,1,0,1,2,2,0,2,1,1,1256,1103,153,199,143,56,5,1,4,0,0,0,4,4,0,190,138,52,196,140,56,5,1,4,0,0,0,4,4,0,187,135,52,3,3,0,0,0,0,0,0,0,0,0,0,3,3,0,2793,1026,1767
5,68,354,800358,12,0,WARD,Bharat Heavy Electricals Limited Ranipur (ITS) WARD NO.-0012,Urban,317,1360,731,629,147,79,68,208,113,95,4,2,2,1170,642,528,190,89,101,462,392,70,425,358,67,1,1,0,0,0,0,0,0,0,424,357,67,37,34,3,2,2,0,0,0,0,1,1,0,34,31,3,19,18,1,2,2,0,0,0,0,1,1,0,16,15,1,18,16,2,0,0,0,0,0,0,0,0,0,18,16,2,898,339,559
5,68,354,800358,13,0,WARD,Bharat Heavy Electricals Limited Ranipur (ITS) WARD NO.-0013,Urban,1208,6593,3504,3089,932,483,449,2104,1117,987,0,0,0,4153,2488,1665,2440,1016,1424,2068,1805,263,1950,1709,241,0,0,0,17,15,2,17,15,2,1916,1679,237,118,96,22,0,0,0,1,1,0,2,1,1,115,94,21,103,87,16,0,0,0,1,1,0,2,1,1,100,85,15,15,9,6,0,0,0,0,0,0,0,0,0,15,9,6,4525,1699,2826
5,68,354,800359,0,0,TOWN,Hardwar (NPP + OG),Urban,47251,231338,123455,107883,28014,14851,13163,31880,16680,15200,434,229,205,170483,95342,75141,60855,28113,32742,76156,65546,10610,67609,59298,8311,231,192,39,575,500,75,2079,1777,302,64724,56829,7895,8547,6248,2299,86,48,38,290,246,44,317,208,109,7854,5746,2108,7761,5656,2105,80,43,37,251,214,37,252,167,85,7178,5232,1946,786,592,194,6,5,1,39,32,7,65,41,24,676,514,162,155182,57909,97273
5,68,354,800359,0,0,TOWN,Hardwar (NPP),Urban,46694,228832,122007,106825,27677,14671,13006,31471,16459,15012,423,222,201,168576,94202,74374,60256,27805,32451,75263,64801,10462,66873,58680,8193,231,192,39,562,493,69,2062,1762,300,64018,56233,7785,8390,6121,2269,86,48,38,285,243,42,316,207,109,7703,5623,2080,7645,5566,2079,80,43,37,247,212,35,251,166,85,7067,5145,1922,745,555,190,6,5,1,38,31,7,65,41,24,636,478,158,153569,57206,96363
5,68,354,800359,1,0,WARD,Hardwar (NPP) WARD NO.-0001,Urban,1966,10212,5289,4923,1522,786,736,5533,2901,2632,5,1,4,6289,3589,2700,3923,1700,2223,2965,2550,415,2522,2200,322,7,5,2,27,20,7,57,48,9,2431,2127,304,443,350,93,1,1,0,6,5,1,5,2,3,431,342,89,413,327,86,1,1,0,6,5,1,5,2,3,401,319,82,30,23,7,0,0,0,0,0,0,0,0,0,30,23,7,7247,2739,4508
5,68,354,800359,2,0,WARD,Hardwar (NPP) WARD NO.-0002,Urban,1168,6212,3246,2966,762,407,355,3039,1593,1446,13,7,6,4759,2614,2145,1453,632,821,2006,1702,304,1889,1627,262,14,12,2,6,5,1,23,23,0,1846,1587,259,117,75,42,2,1,1,3,3,0,1,1,0,111,70,41,108,67,41,2,1,1,2,2,0,1,1,0,103,63,40,9,8,1,0,0,0,1,1,0,0,0,0,8,7,1,4206,1544,2662
5,68,354,800359,3,0,WARD,Hardwar (NPP) WARD NO.-0003,Urban,2250,10626,5588,5038,1336,734,602,3318,1697,1621,66,36,30,8000,4436,3564,2626,1152,1474,3508,2967,541,2895,2496,399,4,3,1,17,11,6,30,28,2,2844,2454,390,613,471,142,9,7,2,3,2,1,8,4,4,593,458,135,539,408,131,9,7,2,3,2,1,8,4,4,519,395,124,74,63,11,0,0,0,0,0,0,0,0,0,74,63,11,7118,2621,4497
5,68,354,800359,4,0,WARD,Hardwar (NPP) WARD NO.-0004,Urban,2293,12865,6752,6113,1867,959,908,3189,1665,1524,3,0,3,7117,4102,3015,5748,2650,3098,3980,3528,452,3470,3119,351,8,7,1,76,63,13,85,74,11,3301,2975,326,510,409,101,1,1,0,27,21,6,45,32,13,437,355,82,447,368,79,1,1,0,23,19,4,41,29,12,382,319,63,63,41,22,0,0,0,4,2,2,4,3,1,55,36,19,8885,3224,5661
5,68,354,800359,5,0,WARD,Hardwar (NPP) WARD NO.-0005,Urban,1546,7349,3945,3404,747,373,374,1544,792,752,0,0,0,5473,3103,2370,1876,842,1034,2264,2003,261,2097,1873,224,5,5,0,13,12,1,45,37,8,2034,1819,215,167,130,37,1,1,0,10,8,2,8,3,5,148,118,30,162,127,35,1,1,0,10,8,2,8,3,5,143,115,28,5,3,2,0,0,0,0,0,0,0,0,0,5,3,2,5085,1942,3143
5,68,354,800359,6,0,WARD,Hardwar (NPP) WARD NO.-0006,Urban,1649,8118,4312,3806,1034,542,492,2423,1267,1156,10,6,4,5704,3223,2481,2414,1089,1325,2781,2382,399,2440,2101,339,1,1,0,4,4,0,10,8,2,2425,2088,337,341,281,60,0,0,0,10,9,1,8,5,3,323,267,56,318,264,54,0,0,0,9,8,1,8,5,3,301,251,50,23,17,6,0,0,0,1,1,0,0,0,0,22,16,6,5337,1930,3407
5,68,354,800359,7,0,WARD,Hardwar (NPP) WARD NO.-0007,Urban,828,4468,2310,2158,616,326,290,430,216,214,0,0,0,2634,1459,1175,1834,851,983,1337,1256,81,1200,1136,64,0,0,0,8,8,0,22,17,5,1170,1111,59,137,120,17,0,0,0,0,0,0,17,11,6,120,109,11,126,112,14,0,0,0,0,0,0,13,9,4,113,103,10,11,8,3,0,0,0,0,0,0,4,2,2,7,6,1,3131,1054,2077
5,68,354,800359,8,0,WARD,Hardwar (NPP) WARD NO.-0008,Urban,2058,9511,5203,4308,1207,637,570,1477,785,692,14,6,8,6632,3860,2772,2879,1343,1536,3342,2727,615,2868,2397,471,16,13,3,47,40,7,88,77,11,2717,2267,450,474,330,144,4,2,2,14,4,10,9,4,5,447,320,127,464,320,144,4,2,2,13,3,10,9,4,5,438,311,127,10,10,0,0,0,0,1,1,0,0,0,0,9,9,0,6169,2476,3693
5,68,354,800359,9,0,WARD,Hardwar (NPP) WARD NO.-0009,Urban,1331,6297,3379,2918,690,355,335,1572,806,766,19,10,9,4864,2777,2087,1433,602,831,2049,1760,289,1745,1529,216,2,2,0,6,6,0,46,29,17,1691,1492,199,304,231,73,0,0,0,3,2,1,5,3,2,296,226,70,298,226,72,0,0,0,3,2,1,5,3,2,290,221,69,6,5,1,0,0,0,0,0,0,0,0,0,6,5,1,4248,1619,2629
5,68,354,800359,10,0,WARD,Hardwar (NPP) WARD NO.-0010,Urban,1174,6224,3277,2947,844,435,409,918,472,446,0,0,0,3977,2238,1739,2247,1039,1208,2053,1860,193,1641,1488,153,4,4,0,3,3,0,89,79,10,1545,1402,143,412,372,40,1,1,0,2,2,0,6,4,2,403,365,38,354,323,31,1,1,0,2,2,0,6,4,2,345,316,29,58,49,9,0,0,0,0,0,0,0,0,0,58,49,9,4171,1417,2754
5,68,354,800359,11,0,WARD,Hardwar (NPP) WARD NO.-0011,Urban,1556,7792,4195,3597,924,525,399,790,412,378,1,0,1,5969,3336,2633,1823,859,964,2615,2302,313,2505,2220,285,6,3,3,21,21,0,41,34,7,2437,2162,275,110,82,28,3,1,2,1,1,0,5,2,3,101,78,23,103,76,27,3,1,2,1,1,0,5,2,3,94,72,22,7,6,1,0,0,0,0,0,0,0,0,0,7,6,1,5177,1893,3284
5,68,354,800359,12,0,WARD,Hardwar (NPP) WARD NO.-0012,Urban,1118,4909,2768,2141,502,255,247,295,163,132,0,0,0,3741,2243,1498,1168,525,643,1669,1513,156,1486,1355,131,2,2,0,3,3,0,39,35,4,1442,1315,127,183,158,25,3,3,0,0,0,0,6,4,2,174,151,23,159,137,22,3,3,0,0,0,0,5,4,1,151,130,21,24,21,3,0,0,0,0,0,0,1,0,1,23,21,2,3240,1255,1985
5,68,354,800359,13,0,WARD,Hardwar (NPP) WARD NO.-0013,Urban,1439,6912,3633,3279,816,423,393,865,453,412,0,0,0,5459,2992,2467,1453,641,812,2076,1802,274,1912,1678,234,0,0,0,3,2,1,42,35,7,1867,1641,226,164,124,40,4,0,4,0,0,0,3,2,1,157,122,35,152,114,38,4,0,4,0,0,0,3,2,1,145,112,33,12,10,2,0,0,0,0,0,0,0,0,0,12,10,2,4836,1831,3005
5,68,354,800359,14,0,WARD,Hardwar (NPP) WARD NO.-0014,Urban,1902,9095,4792,4303,995,506,489,939,484,455,223,117,106,7238,3972,3266,1857,820,1037,3089,2669,420,2770,2450,320,4,2,2,9,9,0,82,70,12,2675,2369,306,319,219,100,4,3,1,4,4,0,7,7,0,304,205,99,308,211,97,4,3,1,4,4,0,5,5,0,295,199,96,11,8,3,0,0,0,0,0,0,2,2,0,9,6,3,6006,2123,3883
5,68,354,800359,15,0,WARD,Hardwar (NPP) WARD NO.-0015,Urban,1950,8630,4772,3858,913,471,442,931,498,433,8,4,4,5867,3364,2503,2763,1408,1355,2940,2524,416,2599,2250,349,8,6,2,4,4,0,247,215,32,2340,2025,315,341,274,67,1,1,0,2,2,0,7,4,3,331,267,64,334,271,63,1,1,0,2,2,0,5,3,2,326,265,61,7,3,4,0,0,0,0,0,0,2,1,1,5,2,3,5690,2248,3442
5,68,354,800359,16,0,WARD,Hardwar (NPP) WARD NO.-0016,Urban,1820,8693,4772,3921,1119,603,516,707,375,332,11,5,6,6234,3633,2601,2459,1139,1320,2994,2609,385,2548,2254,294,10,7,3,79,69,10,79,64,15,2380,2114,266,446,355,91,5,3,2,49,38,11,35,23,12,357,291,66,300,245,55,2,0,2,26,20,6,14,10,4,258,215,43,146,110,36,3,3,0,23,18,5,21,13,8,99,76,23,5699,2163,3536
5,68,354,800359,17,0,WARD,Hardwar (NPP) WARD NO.-0017,Urban,1472,7025,3674,3351,812,434,378,981,522,459,1,0,1,5774,3109,2665,1251,565,686,2255,1884,371,1891,1616,275,10,7,3,18,14,4,40,35,5,1823,1560,263,364,268,96,4,1,3,1,0,1,27,22,5,332,245,87,354,263,91,4,1,3,1,0,1,21,19,2,328,243,85,10,5,5,0,0,0,0,0,0,6,3,3,4,2,2,4770,1790,2980
5,68,354,800359,18,0,WARD,Hardwar (NPP) WARD NO.-0018,Urban,1137,5213,2759,2454,556,302,254,174,89,85,2,2,0,4363,2362,2001,850,397,453,1703,1396,307,1658,1372,286,9,6,3,10,6,4,114,99,15,1525,1261,264,45,24,21,3,2,1,0,0,0,3,2,1,39,20,19,36,18,18,2,1,1,0,0,0,2,1,1,32,16,16,9,6,3,1,1,0,0,0,0,1,1,0,7,4,3,3510,1363,2147
5,68,354,800359,19,0,WARD,Hardwar (NPP) WARD NO.-0019,Urban,2068,8898,5272,3626,918,503,415,297,180,117,1,1,0,6691,4124,2567,2207,1148,1059,3246,2664,582,3020,2533,487,45,37,8,55,48,7,95,74,21,2825,2374,451,226,131,95,3,0,3,12,10,2,3,1,2,208,120,88,216,123,93,3,0,3,11,9,2,3,1,2,199,113,86,10,8,2,0,0,0,1,1,0,0,0,0,9,7,2,5652,2608,3044
5,68,354,800359,20,0,WARD,Hardwar (NPP) WARD NO.-0020,Urban,1524,7309,3790,3519,825,448,377,294,163,131,6,3,3,5756,3100,2656,1553,690,863,2324,1967,357,2092,1827,265,6,6,0,3,3,0,68,65,3,2015,1753,262,232,140,92,0,0,0,3,2,1,1,1,0,228,137,91,218,126,92,0,0,0,2,1,1,1,1,0,215,124,91,14,14,0,0,0,0,1,1,0,0,0,0,13,13,0,4985,1823,3162
5,68,354,800359,21,0,WARD,Hardwar (NPP) WARD NO.-0021,Urban,1476,6861,3587,3274,721,369,352,318,168,150,25,15,10,5806,3118,2688,1055,469,586,2363,1976,387,2264,1920,344,5,5,0,3,3,0,46,38,8,2210,1874,336,99,56,43,2,0,2,0,0,0,8,4,4,89,52,37,82,44,38,2,0,2,0,0,0,7,4,3,73,40,33,17,12,5,0,0,0,0,0,0,1,0,1,16,12,4,4498,1611,2887
5,68,354,800359,22,0,WARD,Hardwar (NPP) WARD NO.-0022,Urban,1245,5996,3143,2853,606,315,291,97,53,44,3,1,2,5162,2746,2416,834,397,437,1913,1635,278,1852,1582,270,11,11,0,2,2,0,94,76,18,1745,1493,252,61,53,8,0,0,0,1,1,0,7,6,1,53,46,7,52,44,8,0,0,0,1,1,0,6,5,1,45,38,7,9,9,0,0,0,0,0,0,0,1,1,0,8,8,0,4083,1508,2575
5,68,354,800359,23,0,WARD,Hardwar (NPP) WARD NO.-0023,Urban,1369,7604,4003,3601,1006,547,459,91,48,43,0,0,0,5336,2911,2425,2268,1092,1176,2431,2177,254,2179,1993,186,6,6,0,20,20,0,149,126,23,2004,1841,163,252,184,68,0,0,0,3,2,1,14,9,5,235,173,62,210,155,55,0,0,0,2,1,1,7,2,5,201,152,49,42,29,13,0,0,0,1,1,0,7,7,0,34,21,13,5173,1826,3347
5,68,354,800359,24,0,WARD,Hardwar (NPP) WARD NO.-0024,Urban,823,4077,2146,1931,497,261,236,11,7,4,0,0,0,3189,1728,1461,888,418,470,1296,1202,94,1265,1179,86,1,1,0,3,2,1,35,29,6,1226,1147,79,31,23,8,0,0,0,0,0,0,1,0,1,30,23,7,27,23,4,0,0,0,0,0,0,1,0,1,26,23,3,4,0,4,0,0,0,0,0,0,0,0,0,4,0,4,2781,944,1837
5,68,354,800359,25,0,WARD,Hardwar (NPP) WARD NO.-0025,Urban,2492,11508,6014,5494,1196,657,539,451,237,214,4,2,2,9782,5188,4594,1726,826,900,3760,3095,665,3468,2901,567,15,13,2,20,20,0,147,131,16,3286,2737,549,292,194,98,13,6,7,8,7,1,11,11,0,260,170,90,273,179,94,13,6,7,5,4,1,9,9,0,246,160,86,19,15,4,0,0,0,3,3,0,2,2,0,14,10,4,7748,2919,4829
5,68,354,800359,26,0,WARD,Hardwar (NPP) WARD NO.-0026,Urban,1216,7223,3835,3388,1041,559,482,257,133,124,0,0,0,4586,2599,1987,2637,1236,1401,2450,2121,329,2178,1977,201,2,2,0,12,10,2,32,31,1,2132,1934,198,272,144,128,2,1,1,1,1,0,6,4,2,263,138,125,255,135,120,2,1,1,1,1,0,5,3,2,247,130,117,17,9,8,0,0,0,0,0,0,1,1,0,16,8,8,4773,1714,3059
5,68,354,800359,27,0,WARD,Hardwar (NPP) WARD NO.-0027,Urban,1414,7488,3954,3534,1061,571,490,127,70,57,0,0,0,4849,2696,2153,2639,1258,1381,2341,2133,208,1842,1732,110,14,14,0,11,11,0,35,32,3,1782,1675,107,499,401,98,9,6,3,10,9,1,8,4,4,472,382,90,432,357,75,7,5,2,9,8,1,4,3,1,412,341,71,67,44,23,2,1,1,1,1,0,4,1,3,60,41,19,5147,1821,3326
5,68,354,800359,28,0,WARD,Hardwar (NPP) WARD NO.-0028,Urban,1601,7948,4327,3621,1127,630,497,270,137,133,5,5,0,5840,3341,2499,2108,986,1122,2898,2393,505,2432,2204,228,3,2,1,55,52,3,42,31,11,2332,2119,213,466,189,277,2,0,2,3,3,0,20,4,16,441,182,259,447,178,269,2,0,2,2,2,0,18,4,14,425,172,253,19,11,8,0,0,0,1,1,0,2,0,2,16,10,6,5050,1934,3116
5,68,354,800359,29,0,WARD,Hardwar (NPP) WARD NO.-0029,Urban,1717,8398,4477,3921,841,436,405,117,61,56,0,0,0,6978,3818,3160,1420,659,761,2794,2450,344,2479,2198,281,8,7,1,22,20,2,65,55,10,2384,2116,268,315,252,63,4,2,2,109,107,2,29,26,3,173,117,56,306,245,61,4,2,2,109,107,2,23,22,1,170,114,56,9,7,2,0,0,0,0,0,0,6,4,2,3,3,0,5604,2027,3577
5,68,354,800359,30,0,WARD,Hardwar (NPP) WARD NO.-0030,Urban,1092,5371,2793,2578,576,302,274,16,12,4,3,1,2,4507,2421,2086,864,372,492,1821,1554,267,1666,1473,193,5,3,2,2,2,0,75,67,8,1584,1401,183,155,81,74,5,5,0,0,0,0,3,2,1,147,74,73,152,80,72,5,5,0,0,0,0,3,2,1,144,73,71,3,1,2,0,0,0,0,0,0,0,0,0,3,1,2,3550,1239,2311
5,68,354,800359,31,0,WARD,Gurukul Kangdi (OG) (Part) WARD NO.-0031 (Rural MDDS CODE:056705),Urban,345,1608,888,720,204,115,89,245,120,125,3,1,2,1267,711,556,341,177,164,571,486,85,493,415,78,0,0,0,0,0,0,6,6,0,487,409,78,78,71,7,0,0,0,1,0,1,1,1,0,76,70,6,73,67,6,0,0,0,1,0,1,1,1,0,71,66,5,5,4,1,0,0,0,0,0,0,0,0,0,5,4,1,1037,402,635
5,68,354,800359,32,0,WARD,Jwalapur Mahavidyalaya (OG) (Part) WARD NO.-0032 (Rural MDDS CODE:056704),Urban,35,241,194,47,10,5,5,9,8,1,0,0,0,218,183,35,23,11,12,44,37,7,44,37,7,0,0,0,0,0,0,0,0,0,44,37,7,0,0,0,0,0,0,0,0,0,0,0,0,0,0,0,0,0,0,0,0,0,0,0,0,0,0,0,0,0,0,0,0,0,0,0,0,0,0,0,0,0,0,0,0,0,197,157,40
5,68,354,800359,33,0,WARD,Hardwar SIDKUL (OG) (Part) WARD NO.-0033 (Rural MDDS CODE:056665),Urban,177,657,366,291,123,60,63,155,93,62,8,6,2,422,246,176,235,120,115,278,222,56,199,166,33,0,0,0,13,7,6,11,9,2,175,150,25,79,56,23,0,0,0,4,3,1,0,0,0,75,53,22,43,23,20,0,0,0,3,2,1,0,0,0,40,21,19,36,33,3,0,0,0,1,1,0,0,0,0,35,32,3,379,144,235
5,68,355,0,0,0,SUB-DISTRICT,"Laksar
",Total,40520,236249,125051,111198,38194,20478,17716,58041,30610,27431,64,37,27,140033,84044,55989,96216,41007,55209,70652,60757,9895,59895,54215,5680,23510,21625,1885,15481,13964,1517,1267,991,276,19637,17635,2002,10757,6542,4215,1589,666,923,4870,3177,1693,918,354,564,3380,2345,1035,9126,5640,3486,1124,475,649,4224,2794,1430,870,334,536,2908,2037,871,1631,902,729,465,191,274,646,383,263,48,20,28,472,308,164,165597,64294,101303
5,68,355,0,0,0,SUB-DISTRICT,"Laksar
",Rural,36389,214489,113314,101175,35481,18988,16493,54094,28527,25567,52,30,22,124019,74777,49242,90470,38537,51933,64093,54811,9282,54350,49099,5251,23360,21481,1879,15293,13784,1509,999,757,242,14698,13077,1621,9743,5712,4031,1574,651,923,4777,3103,1674,850,297,553,2542,1661,881,8211,4889,3322,1110,461,649,4157,2740,1417,804,278,526,2140,1410,730,1532,823,709,464,190,274,620,363,257,46,19,27,402,251,151,150396,58503,91893
5,68,355,0,0,0,SUB-DISTRICT,"Laksar
",Urban,4131,21760,11737,10023,2713,1490,1223,3947,2083,1864,12,7,5,16014,9267,6747,5746,2470,3276,6559,5946,613,5545,5116,429,150,144,6,188,180,8,268,234,34,4939,4558,381,1014,830,184,15,15,0,93,74,19,68,57,11,838,684,154,915,751,164,14,14,0,67,54,13,66,56,10,768,627,141,99,79,20,1,1,0,26,20,6,2,1,1,70,57,13,15201,5791,9410
5,68,355,800360,0,0,TOWN,Laksar (NP),Urban,4131,21760,11737,10023,2713,1490,1223,3947,2083,1864,12,7,5,16014,9267,6747,5746,2470,3276,6559,5946,613,5545,5116,429,150,144,6,188,180,8,268,234,34,4939,4558,381,1014,830,184,15,15,0,93,74,19,68,57,11,838,684,154,915,751,164,14,14,0,67,54,13,66,56,10,768,627,141,99,79,20,1,1,0,26,20,6,2,1,1,70,57,13,15201,5791,9410
5,68,355,800360,1,0,WARD,Laksar (NP) WARD NO.-0001,Urban,387,2181,1123,1058,325,168,157,1422,738,684,0,0,0,1253,731,522,928,392,536,603,553,50,465,446,19,25,24,1,32,32,0,52,49,3,356,341,15,138,107,31,6,6,0,39,27,12,6,5,1,87,69,18,128,99,29,6,6,0,39,27,12,6,5,1,77,61,16,10,8,2,0,0,0,0,0,0,0,0,0,10,8,2,1578,570,1008
5,68,355,800360,2,0,WARD,Laksar (NP) WARD NO.-0002,Urban,664,3233,1758,1475,400,217,183,997,528,469,7,4,3,2398,1434,964,835,324,511,1048,953,95,880,816,64,17,16,1,37,37,0,52,45,7,774,718,56,168,137,31,2,2,0,1,1,0,4,3,1,161,131,30,162,132,30,1,1,0,1,1,0,4,3,1,156,127,29,6,5,1,1,1,0,0,0,0,0,0,0,5,4,1,2185,805,1380
5,68,355,800360,3,0,WARD,Laksar (NP) WARD NO.-0003,Urban,552,2906,1575,1331,315,188,127,305,158,147,4,2,2,2412,1348,1064,494,227,267,733,639,94,673,593,80,16,16,0,15,15,0,54,52,2,588,510,78,60,46,14,0,0,0,2,2,0,6,5,1,52,39,13,55,43,12,0,0,0,2,2,0,5,5,0,48,36,12,5,3,2,0,0,0,0,0,0,1,0,1,4,3,1,2173,936,1237
5,68,355,800360,4,0,WARD,Laksar (NP) WARD NO.-0004,Urban,303,1677,892,785,267,147,120,296,153,143,0,0,0,1108,647,461,569,245,324,527,463,64,364,344,20,21,21,0,8,6,2,1,1,0,334,316,18,163,119,44,3,3,0,14,7,7,9,5,4,137,104,33,145,110,35,3,3,0,6,5,1,9,5,4,127,97,30,18,9,9,0,0,0,8,2,6,0,0,0,10,7,3,1150,429,721
5,68,355,800360,5,0,WARD,Laksar (NP) WARD NO.-0005,Urban,554,3145,1689,1456,362,206,156,369,214,155,0,0,0,2194,1265,929,951,424,527,1008,905,103,766,687,79,9,8,1,34,30,4,64,50,14,659,599,60,242,218,24,1,1,0,13,13,0,3,2,1,225,202,23,213,192,21,1,1,0,9,9,0,3,2,1,200,180,20,29,26,3,0,0,0,4,4,0,0,0,0,25,22,3,2137,784,1353
5,68,355,800360,6,0,WARD,Laksar (NP) WARD NO.-0006,Urban,318,1604,859,745,176,86,90,126,61,65,0,0,0,1291,726,565,313,133,180,511,457,54,477,440,37,14,12,2,6,6,0,14,13,1,443,409,34,34,17,17,0,0,0,2,2,0,1,0,1,31,15,16,29,13,16,0,0,0,2,2,0,1,0,1,26,11,15,5,4,1,0,0,0,0,0,0,0,0,0,5,4,1,1093,402,691
5,68,355,800360,7,0,WARD,Laksar (NP) WARD NO.-0007,Urban,243,1522,807,715,233,125,108,191,105,86,1,1,0,954,564,390,568,243,325,425,399,26,418,395,23,29,28,1,25,24,1,4,3,1,360,340,20,7,4,3,0,0,0,1,1,0,0,0,0,6,3,3,2,1,1,0,0,0,1,1,0,0,0,0,1,0,1,5,3,2,0,0,0,0,0,0,0,0,0,5,3,2,1097,408,689
5,68,355,800360,8,0,WARD,Laksar (NP) WARD NO.-0008,Urban,315,1615,893,722,148,83,65,167,87,80,0,0,0,1324,764,560,291,129,162,504,478,26,384,368,16,1,1,0,0,0,0,17,17,0,366,350,16,120,110,10,0,0,0,20,20,0,39,37,2,61,53,8,99,89,10,0,0,0,6,6,0,38,36,2,55,47,8,21,21,0,0,0,0,14,14,0,1,1,0,6,6,0,1111,415,696
5,68,355,800360,9,0,WARD,Laksar (NP) WARD NO.-0009,Urban,795,3877,2141,1736,487,270,217,74,39,35,0,0,0,3080,1788,1292,797,353,444,1200,1099,101,1118,1027,91,18,18,0,31,30,1,10,4,6,1059,975,84,82,72,10,3,3,0,1,1,0,0,0,0,78,68,10,82,72,10,3,3,0,1,1,0,0,0,0,78,68,10,0,0,0,0,0,0,0,0,0,0,0,0,0,0,0,2677,1042,1635
