Station Name,State name,District / Town,Basin Name,River Name,Latitude,longitude,Division Name,Type Of Site
Roorkee,Uttarakhand,Haridwar,Ganga,Solani,29.88,77.89750000000001,"Himalayan Ganga Division,Haridwar",Base
Regauli,Uttar Pradesh,GORAKHPUR,Ganga,Rapti,27.016111111111112,83.21222222222222,"Middle Ganga Division-I(MGD-I), Lucknow",Base
Marella,Andhra Pradesh,PRAKASAM,East flowing rivers between Mahanadi and Pennar,Gundlakamma,15.881944444444445,79.91000000000001,"Lower Krishna Division(LKD), Hyderabad",Base
Mathanguri,Assam,Baksa,Brahmaputra,Beki,26.782777777777778,90.95666666666666,"Middle Brahmaputra Division (MBD), Guwahati",Level
Langrimukh,Assam,Dima Hasao,Brahmaputra,Kopili,25.75777777777778,92.12444444444444,"Middle Brahmaputra Division (MBD), Guwahati",Base
NARORA Barrage,Uttar Pradesh,Buland Shahar,Ganga,Ganga,28.189444444444444,78.39611111111111,"Middle Ganga Division-II(MGD-II), Lucknow",Inflow
Maharo (Asanjor),Jharkhand,DUMKA,Ganga,Mayurakshi,24.32138888888889,87.20444444444445,"Damodar Division(DD), Asansol",Base
Lucknow,Uttar Pradesh,LUCKNOW,Ganga,Gomti,26.861944444444447,80.94611111111111,"Middle Ganga Division-II(MGD-II), Lucknow",Level
Doyang Hep Reservoir,Nagaland,WOKHA,Brahmaputra,Dhansiri,26.22972222222222,94.26611111111112,"Upper Brahmaputra Division (UBD), Dibrugarh",Inflow
Udalshe,Goa,SOUTH GOA,West flowing rivers from Tapi to Tadri,Ragada,15.415833333333333,74.15444444444445,"Cauvery Division, Bangaluru",Base
Bargi Reservoir,Madhya Pradesh,JABALPUR,Narmada,Narmada,22.93777777777778,79.92083333333333,"Narmada Division(ND), Bhopal",Inflow
Anthara,Rajasthan,BUNDI,Ganga,Ghodapachhad,25.39388888888889,75.77722222222222,"Chambal Division(CD), Jaipur",Base
Mahad,Maharashtra,Raigad,West flowing rivers from Tapi to Tadri,Savitri,18.092499999999998,73.46027777777778,"Upper Krishna Division(UKD), Pune",Base
Balat,Meghalaya,South West Khasi Hills,Minor rivers draining into Myanmar and Bangladesh,umngi,25.223888888888887,91.35527777777777,"Meghna Investigation Division(MID), Shillong",Base
Patan,Madhya Pradesh,JABALPUR,Narmada,Hiran,23.311666666666667,79.66277777777778,"Narmada Division(ND), Bhopal",Base
Varanasi,Uttar Pradesh,VARANASI,Ganga,Ganga,25.325833333333332,83.03999999999999,"Middle Ganga Division-III(MGD-III), Varanasi",Level
Gambhiri Dam,Rajasthan,CHITTORGARH,Ganga,Gambhir,24.699444444444445,74.71555555555555,"Chambal Division(CD), Jaipur",Inflow
Azmabad,Bihar,BHAGALPUR,Ganga,Ganga,25.33722222222222,87.26583333333333,"Lower Ganga Division-II(LGD-II), Patna",Base
Pandoh Dam_BBMB,Himachal Pradesh,MANDI,Indus,Beas,31.6725,77.06777777777778,Executive Engineer-I/ NHP BBMB Chandigarh,Base
Tezu,Arunachal Pradesh,LOHIT,Brahmaputra,Lohit,27.910833333333333,96.17055555555557,"Upper Brahmaputra Division (UBD), Dibrugarh",Base
Simulia,West Bengal,PURULIYA,Ganga,Kangsabati,23.28777777777778,86.36027777777777,"Damodar Division(DD), Asansol",Base
Manendragarh,Chhattisgarh,KORIYA,Mahanadi,Hasdeo,23.20138888888889,82.21444444444445,"Mahanadi Division(MD), Burla",Base
Mahalgaon,Maharashtra,Gondia,Godavari,Wainganga,21.550555555555555,80.02666666666667,"Wainganga Division(WD), Nagpur",Base
Gelabil,Assam,GOLAGHAT,Brahmaputra,Doyang,26.233888888888888,93.97722222222222,"Upper Brahmaputra Division (UBD), Dibrugarh",Base
OZERKHEDA,Maharashtra,Nashik,West flowing rivers from Tapi to Tadri,Wagh,20.10027777777778,73.27111111111111,"Executive Engineer, Tapi Division, Surat",Base
RAJMAHAL (SEASONAL),Jharkhand,Sahebganj,Ganga,Ganga,25.057222222222222,87.83555555555554,"Lower Ganga Division III(LGD-III), Berhampore",Base
DURGAPUR BARRAGE,West Bengal,PURBA BARDHAMAN,Ganga,Damodar,23.46638888888889,87.31638888888888,"Damodar Division(DD), Asansol",Inflow
Kakrahi,Uttar Pradesh,SIDDHARTHNAGAR,Ganga,Burhi Rapti,27.236666666666668,82.9961111111111,"Middle Ganga Division-I(MGD-I), Lucknow",Base
Mount Abu,Rajasthan,SIROHI,West flowing rivers of Kutch and Saurashtra including Luni,Banas,24.586944444444445,72.70361111111112,"Executive Engineer, Mahi Divison, Gandhinagar",Base
Badlapur,Maharashtra,Thane,West flowing rivers from Tapi to Tadri,Ulhas,19.16222222222222,73.25416666666666,"Upper Krishna Division(UKD), Pune",Base
THOTTATHINKADAVU,Kerala,KOZHIKODE,West flowing rivers from Tadri to Kanyakumari,Iruvazhinjipuzha,11.361944444444443,76.00194444444445,"Southern Western River Division(SWRD), Kochi",Base
Delhi Railway Bridge,Delhi,NORTH,Ganga,Yamuna,28.662499999999998,77.24888888888889,"Upper Yamuna Division(UYD), New Delhi",Level
Hipparagi Barrage,Karnataka,Bagalkote,Krishna,Krishna,16.55,75.16000000000001,"Lower Krishna Division(LKD), Hyderabad",Inflow
Sultanpur,Uttar Pradesh,SULTANPUR,Ganga,Gomti,26.275277777777777,82.0667,"Middle Ganga Division-III(MGD-III), Varanasi",Base
Kuthnaur,Uttarakhand,Uttarkashi,Ganga,Yamuna,30.874166666666667,78.30333333333333,"Upper Yamuna Division(UYD), New Delhi",Base
Upper Indravati Dam,Odisha,Nabarangapur,Godavari,Indravathi,19.27611111111111,82.82833333333333,"Lower Godavari Division(LGD), Hyderabad",Inflow
Kheda,Gujarat,Kheda,Sabarmati,Watrak,22.745833333333334,72.68,"Executive Engineer, Mahi Divison, Gandhinagar",Base
Birpur,Bihar,SUPAUL,Ganga,Kosi,26.52,86.93138888888889,"Lower Ganga Division-I(LGD-I), Patna",Base
NAGARAM,Telangana,KARIMNAGAR,Godavari,Maner,18.289166666666667,79.4738888888889,"Upper Godavari Division(UGD), Hyderabad",Base
Jauljibi,Uttarakhand,Pithoragarh,Ganga,Gauri Ganga,29.760555555555555,80.36944444444444,"Middle Ganga Division-I(MGD-I), Lucknow",Base
Sonapur,West Bengal,NORTH DINAJPUR,Ganga,Mahananda,26.454166666666666,88.24444444444444,"Lower Brahmaputra Division (LBD), Jalpaiguri",Base
Kheri,Himachal Pradesh,SIRMAUR,Ganga,Giri,30.779999999999998,77.29777777777778,"Upper Yamuna Division(UYD), New Delhi",Base
Sonarpal (Narangi Markandi),Chhattisgarh,BASTAR,Godavari,Narangi,19.26972222222222,81.88388888888889,"Lower Godavari Division(LGD), Hyderabad",Base
Piprauli,Haryana,Nuh,Ganga,Ujjina(U.D.D),27.828055555555554,77.15805555555556,"Upper Yamuna Division(UYD), New Delhi",Base
Chharour Nalla,Himachal Pradesh,KULLU,Indus,Parvati River,31.918333333333333,77.18,"Snow Hydrology Division(SHD), Shimla",Base
Bagla,Himachal Pradesh,MANDI,Indus,Suketi Khad,31.641666666666666,76.94972222222222,"Snow Hydrology Division(SHD), Shimla",Base
Solang,Himachal Pradesh,KULLU,Indus,Beas,32.32138888888889,77.15416666666667,"Snow Hydrology Division(SHD), Shimla",Base
Bajaura,Himachal Pradesh,KULLU,Indus,Beas,31.850833333333334,77.17,"Snow Hydrology Division(SHD), Shimla",Base
Sullurpet,Andhra Pradesh,NELLORE,East flowing rivers between Pennar and Kanyakumari,Kalangi,13.707777777777777,80.01,"Hydrology Division(HD),Chennai",Base
NARAJOLE,West Bengal,West Medinipur,Ganga,Shilabati,22.579722222222223,87.61472222222221,"Damodar Division(DD), Asansol",Base
Jamtara,Jharkhand,JAMTARA,Ganga,Ajoy,23.977777777777778,86.85499999999999,"Damodar Division(DD), Asansol",Base
Kullu,Himachal Pradesh,KULLU,Indus,Beas,31.955277777777777,77.11416666666666,"Snow Hydrology Division(SHD), Shimla",Base
Manali,Himachal Pradesh,KULLU,Indus,Beas,32.2475,77.19083333333333,"Snow Hydrology Division(SHD), Shimla",Base
Porakudi,Tamil Nadu,Nagapattinam,Cauvery,Arasalar,10.903611111111111,79.70722222222223,"Hydrology Division(HD),Chennai",Base
Kerlapal (Malinger),Chhattisgarh,SUKMA,Godavari,-,18.291944444444447,81.57,"Lower Godavari Division(LGD), Hyderabad",Base
Tharnam,Telangana,ADILABAD,Godavari,Sathanalla,19.739444444444445,78.56444444444445,"Wainganga Division(WD), Nagpur",Base
Mahagaon (Pus),Maharashtra,Yavatmal,Godavari,Pus,19.796111111111113,77.77305555555556,"Wainganga Division(WD), Nagpur",Base
Krishnarajasagar Reservoir,Karnataka,Mandya,Cauvery,Cauvery,12.425594444444444,76.57249999999999,"Cauvery Division, Bangaluru",Inflow
Jaunpur,Uttar Pradesh,JAUNPUR,Ganga,Gomti,25.749166666666667,82.67194444444445,"Middle Ganga Division-III(MGD-III), Varanasi",Level
GUMMANUR,Tamil Nadu,Krishnagiri,East flowing rivers between Pennar and Kanyakumari,Ponnaiyar,12.555000000000001,78.13833333333334,"Southern River Division(SRD), Coimbatore",Base
Seorinarayan,Chhattisgarh,JANJGIR - CHAMPA,Mahanadi,Mahanadi,21.71833333333333,82.5975,"Mahanadi Division(MD), Burla",Base
Maithon Reservoir,Jharkhand,DHANBAD,Ganga,Barakar,23.779999999999998,86.81,"Damodar Division(DD), Asansol",Inflow
MALAKKARA,Kerala,PATHANAMTHITTA,West flowing rivers from Tapi to Tadri,Pamba,9.329166666666666,76.66388888888889,"Southern Western River Division(SWRD), Kochi",Level
Asegaon,Maharashtra,Washim,Godavari,Penganga,20.033611111111114,76.95833333333334,"Wainganga Division(WD), Nagpur",Base
Ujjain,Madhya Pradesh,UJJAIN,Ganga,Shipra,23.175555555555558,75.75555555555556,"Chambal Division(CD), Jaipur",Base
RAJGHAT,Uttar Pradesh,LALITPUR,Ganga,Betwa,24.768055555555556,78.23611111111111,"Lower Yamuna Division(LYD), Agra",Base
Madurai,Tamil Nadu,Madurai,East flowing rivers between Pennar and Kanyakumari,Vaigai,9.933333333333334,78.11666666666666,"Southern River Division(SRD), Coimbatore",Level
Fakirabazar,Assam,KARIMGANJ,Barak and Others,Longai,24.860833333333336,92.29027777777777,"Meghna Investigation Division(MID), Shillong",Base
Mahidpur,Madhya Pradesh,UJJAIN,Ganga,Shipra,23.479999999999997,75.6375,"Chambal Division(CD), Jaipur",Base
AVERSHE,Karnataka,Udupi,West flowing rivers from Tadri to Kanyakumari,Sita,13.52138888888889,74.88,"Southern Western River Division(SWRD), Kochi",Base
Jateon Barrage,Himachal Pradesh,SIRMAUR,Ganga,Giri,30.5875,77.46833333333333,"Upper Yamuna Division(UYD), New Delhi",Base
PRAKASHA(DAMARKHEDA),Maharashtra,Nandurbar,Tapi,Gomai,21.517777777777777,74.39694444444446,"Executive Engineer, Tapi Division, Surat",Base
Mekhliganj (R/B),West Bengal,COOCH BEHAR,Brahmaputra,Teesta,26.328888888888887,88.8625,"Lower Brahmaputra Division (LBD), Jalpaiguri",Level
Kapsi,Maharashtra,Wardha,Godavari,Wardha,20.43305555555556,78.5975,"Wainganga Division(WD), Nagpur",Base
Mathura (Gokul Barrage),Uttar Pradesh,MATHURA,Ganga,Yamuna,27.4425,77.71361111111112,"Upper Yamuna Division(UYD), New Delhi",Base
Jamsholaghat,Odisha,MAYURBHANJ,Subernarekha,Subarnarekha,22.21972222222222,86.71666666666667,"Eastern Rivers Division(ERD), Bhubaneswar",Base
Rui,Maharashtra,Nanded,Godavari,Kayadhu,19.54138888888889,77.57777777777777,"Wainganga Division(WD), Nagpur",Base
GATA,Madhya Pradesh,BHIND,Ganga,Vesli,26.388333333333332,78.62333333333332,"Lower Yamuna Division(LYD), Agra",Base
LAKSHMANANPATTI,Tamil Nadu,Dindigul,Cauvery,Kodavanar,10.498055555555554,77.94583333333334,"Southern River Division(SRD), Coimbatore",Base
Suryagadha,Bihar,LAKHISARAI,Ganga,Ganga,25.2825,86.295,"Lower Ganga Division-II(LGD-II), Patna",Base
Sabrum,Tripura,SOUTH TRIPURA,Barak and Others,Muhari,22.99888888888889,91.72666666666667,"Meghna Division(MD), Silchar",Base
Kursela,Bihar,KATIHAR,Ganga,Kosi,25.424722222222222,87.23416666666667,"Lower Ganga Division-I(LGD-I), Patna",Level
Nizamsagar Reservoir,Telangana,KAMAREDDY,Godavari,Manjira,18.22,77.96000000000001,"Upper Godavari Division(UGD), Hyderabad",Inflow
Mettur Reservoir,Tamil Nadu,Salem,Cauvery,Cauvery,11.8,77.8,"Southern River Division(SRD), Coimbatore",Inflow
Chopan,Uttar Pradesh,SONBHADRA,Ganga,Sone,24.529722222222222,83.02305555555556,"Middle Ganga Division-III(MGD-III), Varanasi",Base
Rho Basti,Arunachal Pradesh,TAWANG,Brahmaputra,Mago Chu,27.622777777777777,92.01361111111112,"North Eastern Investigation Division-III, Itanagar",Base
Kamgarpur,Telangana,ADILABAD,Godavari,Penganga,19.779166666666665,78.78138888888888,"Wainganga Division(WD), Nagpur",Base
Kesinga,Odisha,KALAHANDI,Mahanadi,Tel,20.198611111111113,83.21944444444445,"Mahanadi Division(MD), Burla",Base
Gandhavayal,Tamil Nadu,Coimbatore,Cauvery,Bhavani,11.374166666666667,76.99222222222222,"Southern River Division(SRD), Coimbatore",Base
Amraghat,Assam,CACHAR,Barak and Others,Sonai,24.605833333333333,92.9538888888889,"Meghna Investigation Division(MID), Shillong",Base
Taibpur,Bihar,KISHANGANJ,Ganga,Mahananda,26.3925,88.1575,"Lower Ganga Division-I(LGD-I), Patna",Level
Jalalpur,Assam,CACHAR,Barak and Others,-,25.0025,92.45666666666666,"Meghna Investigation Division(MID), Shillong",Base
MUSIRI,Tamil Nadu,Tiruchirappalli,Cauvery,Cauvery,10.938055555555556,78.44027777777778,"Southern River Division(SRD), Coimbatore",Level
Sehramau (South),Uttar Pradesh,Shahjhanpur,Ganga,Deoha,27.74361111111111,79.92888888888889,"Middle Ganga Division-II(MGD-II), Lucknow",Base
Gohira,Odisha,DEBAGARH,Brahmani and Baitarni,Brahmani,21.45777777777778,84.69166666666668,"Eastern Rivers Division(ERD), Bhubaneswar",Base
Brahmnihalua,Odisha,RAYAGADA,East flowing rivers between Mahanadi and Pennar,Suvrnamukhi,19.052500000000002,83.43527777777778,"Eastern Rivers Division(ERD), Bhubaneswar",Base
Karkota,Madhya Pradesh,SINGRAULI,Ganga,Rihand,23.94611111111111,82.67083333333333,"Middle Ganga Division-III(MGD-III), Varanasi",Base
BAMRUL,Maharashtra,Jalgaon,Tapi,Titur,20.662499999999998,75.27027777777778,"Executive Engineer, Tapi Division, Surat",Base
PANCHARATNA,Assam,GOALPARA,Brahmaputra,Brahmaputra,26.2094,90.5533,"Middle Brahmaputra Division (MBD), Guwahati",Base
Ballu Raina_BBMB,Himachal Pradesh,BILASPUR,Indus,Satluj,31.4136111111111,76.6097222222222,Executive Engineer-I/ NHP BBMB Chandigarh,Base
Tawa at Tawakathi,Madhya Pradesh,BETUL,Narmada,Tawa,22.20111111111111,77.95722222222223,"Narmada Division(ND), Bhopal",Base
Purad,Maharashtra,Yavatmal,Godavari,Nirguda,19.964444444444442,79.02666666666667,"Wainganga Division(WD), Nagpur",Base
Patala,Maharashtra,Chandrapur,Godavari,Wardha,20.126944444444444,79.00138888888888,"Wainganga Division(WD), Nagpur",Base
Nagari,Maharashtra,Chandrapur,Godavari,Pothra,20.425555555555558,78.87444444444444,"Wainganga Division(WD), Nagpur",Base
Belgaon (Selu),Maharashtra,Wardha,Godavari,Bor,20.826666666666668,78.71777777777778,"Wainganga Division(WD), Nagpur",Base
Suldaguri,West Bengal,COOCH BEHAR,Brahmaputra,Torsa,26.253611111111113,89.61583333333333,"Lower Brahmaputra Division (LBD), Jalpaiguri",Base
Mukki,Madhya Pradesh,BALAGHAT,Narmada,Banjar,22.14938888888889,80.66561111111112,"Narmada Division(ND), Bhopal",Base
Kannauj,Uttar Pradesh,KANNAUJ,Ganga,Ganga,27.020833333333332,79.98305555555555,"Middle Ganga Division-II(MGD-II), Lucknow",Level
Mungoli (Township),Maharashtra,Yavatmal,Godavari,Penganga,19.864444444444445,79.125,"Wainganga Division(WD), Nagpur",Base
Umar at Imaliya,Madhya Pradesh,NARSIMHAPUR,Narmada,Narmada,22.998055555555556,79.43,"Narmada Division(ND), Bhopal",Base
Sitarganj,Uttarakhand,UDHAM SINGH NAGAR,Ganga,Deoha,29.041666666666668,79.76638888888888,"Middle Ganga Division-II(MGD-II), Lucknow",Base
NEORA,West Bengal,JALPAIGURI,Brahmaputra,Naora,26.879166666666666,88.77333333333333,"Lower Brahmaputra Division (LBD), Jalpaiguri",Base
NAPOKLU,Karnataka,Kodagu,Cauvery,Cauvery,12.314444444444446,75.69861111111112,"Cauvery Division, Bangaluru",Base
Todarpur,Uttar Pradesh,HARDOI,Ganga,Sukheta,27.584722222222222,79.995,"Middle Ganga Division-II(MGD-II), Lucknow",Base
Champasari,West Bengal,DARJILING,Ganga,Mahananda,26.739166666666666,88.42222222222223,"Lower Brahmaputra Division (LBD), Jalpaiguri",Base
THUMPAMON,Kerala,PATHANAMTHITTA,West flowing rivers from Tadri to Kanyakumari,Achankovil,9.227777777777778,76.7,"Southern Western River Division(SWRD), Kochi",Base
PALLIPALAYAM/Erode,Tamil Nadu,Namakkal,Cauvery,Cauvery,11.360555555555555,77.7461111111111,"Southern River Division(SRD), Coimbatore",Base
Ariankavu,Kerala,Kollam,Indus,Kallada,8.975277777777778,77.14916666666667,Hydrology Division Chengannur,Base
Bhishnur,Maharashtra,Wardha,Godavari,Wardha,21.109722222222224,78.12944444444443,"Wainganga Division(WD), Nagpur",Base
Bakalighat,Assam,KARBI ANGLONG,Brahmaputra,-,26.05388888888889,93.18111111111112,"Middle Brahmaputra Division (MBD), Guwahati",Base
TULARGRAM,Assam,CACHAR,Barak and Others,Sonai,24.71611111111111,92.885,"Meghna Division(MD), Silchar",Base
Mahnar,Bihar,VAISHALI,Ganga,Ganga,25.58277777777778,85.53666666666666,"Lower Ganga Division-II(LGD-II), Patna",Base
Safapora,Jammu & Kashmir,Bandipora,Indus,Jhelum,34.246694444444444,74.62322222222221,"Chenab Division(CD), Jammu",Level
Tonk,Rajasthan,TONK,Ganga,Banas,26.197222222222223,75.84166666666667,"Chambal Division(CD), Jaipur",Base
Kampur,Assam,NAGAON,Brahmaputra,Kopili,26.152777777777775,92.65333333333334,"Middle Brahmaputra Division (MBD), Guwahati",Level
SIBAPUR,Assam,CACHAR,Barak and Others,Barak,24.784444444444446,92.90722222222223,"Meghna Division(MD), Silchar",Base
NAUDHIYA,Madhya Pradesh,SIDHI,Ganga,Banas,24.191388888888888,81.47944444444444,"Middle Ganga Division-III(MGD-III), Varanasi",Base
Madhwapur,Uttar Pradesh,SHRAWASTI,Ganga,Rapti,27.793055555555558,81.785,"Middle Ganga Division-I(MGD-I), Lucknow",Base
Sunkesula Barrage,Andhra Pradesh,KURNOOL,Krishna,Tungabhadra,15.88,77.83,"Lower Krishna Division(LKD), Hyderabad",Inflow
GHANSADIH,Jharkhand,DHANBAD,Ganga,Damodar,23.71388888888889,86.3611111111111,"Damodar Division(DD), Asansol",Base
Mandla,Madhya Pradesh,MANDLA,Narmada,Narmada,22.598333333333333,80.36527777777778,"Narmada Division(ND), Bhopal",Level
Polavaram Irrigation Project,Andhra Pradesh,ELURU,Godavari,Godavari,17.2925,81.64361111111111,"Lower Godavari Division(LGD), Hyderabad",Inflow
BERIA,Jharkhand,GIRIDIH,Ganga,Barakar,24.041944444444447,86.4775,"Damodar Division(DD), Asansol",Base
KAILASHAHAR GDSQ SITE,Tripura,Unakoti,Barak and Others,Manu,24.3175,91.99388888888889,"Meghna Division(MD), Silchar",Level
NARAYANPUR,Uttar Pradesh,MIRZAPUR,Ganga,Ganga,25.20777777777778,83.01138888888889,"Middle Ganga Division-III(MGD-III), Varanasi",Base
BAHALPUR,Assam,DHUBRI,Brahmaputra,Champamati,26.319488888888888,90.46948888888889,"Middle Brahmaputra Division (MBD), Guwahati",Base
Saharghat,Bihar,MADHUBANI,Ganga,Adhwara,26.543055555555558,85.8561111111111,"Lower Ganga Division-I(LGD-I), Patna",Base
BYALADAHALLI,Karnataka,Davanagere,Krishna,Haridra,14.43388888888889,75.77972222222222,"Cauvery Division, Bangaluru",Base
KATRAGADDA,Andhra Pradesh,SRIKAKULAM,East flowing rivers between Mahanadi and Pennar,Vamsadhara,18.99361111111111,83.81194444444444,"RO, WQL-2, DOWLAISWARAM",Base
Bhakra Dam RL1700_BBMB,Himachal Pradesh,BILASPUR,Indus,Satluj,31.415555555555553,76.43472222222222,Executive Engineer-I/ NHP BBMB Chandigarh,Base
Upper Rimbi,Sikkim,GYALSINGH,Brahmaputra,Rimbi Khola,27.330833333333334,88.15194444444445,"Sikkim Investigation Division, Gangtok",Base
BIJRONI,Madhya Pradesh,SHIVPURI,Ganga,Sind,24.94472222222222,77.60944444444443,"Lower Yamuna Division(LYD), Agra",Base
THIRUVALAM,Tamil Nadu,Vellore,East flowing rivers between Pennar and Kanyakumari,Poini,12.98472222222222,79.26722222222222,"Hydrology Division(HD),Chennai",Base
Chitrasani,Gujarat,Banaskantha,West flowing rivers of Kutch and Saurashtra including Luni,Balaram,24.28888888888889,72.49833333333333,"Executive Engineer, Mahi Divison, Gandhinagar",Base
DIPURU,Andhra Pradesh,NELLORE,Pennar,Boggeru,14.618611111111111,79.56083333333333,"Hydrology Division(HD),Chennai",Base
Manjlegaon,Maharashtra,Beed,Godavari,Sindhphana,19.15,76.18,"Upper Godavari Division(UGD), Hyderabad",Inflow
LALPUR,Uttar Pradesh,KANPUR DEHAT,Ganga,Sengar,26.307222222222222,79.92,"Lower Yamuna Division(LYD), Agra",Base
RD 72000 Silt Ejector Escape,Punjab,GURDASPUR,Indus,Beas,32.17583333333333,75.57,Executive Engineer-I/ NHP BBMB Chandigarh,Base
ADKASTHALA,Kerala,KASARAGOD,West flowing rivers from Tadri to Kanyakumari,Shiriya,12.674999999999999,75.115,"Southern Western River Division(SWRD), Kochi",Base
Beas at Naushera Mirthal,Punjab,HOSHIARPUR,Indus,Satluj,32.098333333333336,75.61138888888888,Executive Engineer-I/ NHP BBMB Chandigarh,Base
Shergarh,Uttar Pradesh,BAREILLY,Ganga,Kichha (Gaula),28.68138888888889,79.33777777777777,"Middle Ganga Division-II(MGD-II), Lucknow",Base
SHINDKHEDA,Maharashtra,Dhule,Tapi,Pan,21.27472222222222,74.75166666666667,"Executive Engineer, Tapi Division, Surat",Base
Raska WeIr,Gujarat,Kheda,Sabarmati,Meshwa,22.904166666666665,72.74111111111111,"Executive Engineer, Mahi Divison, Gandhinagar",Base
Dosni,Uttarakhand,Haridwar,Ganga,Solani,29.779999999999998,77.9618888888889,"Himalayan Ganga Division,Haridwar",Base
Saner at Chargawan,Madhya Pradesh,JABALPUR,Narmada,Saner,23.055555555555557,79.59861111111111,"Narmada Division(ND), Bhopal",Base
Gaurikund,Uttarakhand,Rudraprayag,Ganga,Mandakini,30.654444444444444,79.02805555555555,"Himalayan Ganga Division,Haridwar",Base
GULLING,Himachal Pradesh,LAHUL and SPITI,Indus,Pin,32.04277777777778,78.08194444444445,"Snow Hydrology Division(SHD), Shimla",Base
DEVRA,Madhya Pradesh,CHHATARPUR,Ganga,Shyamari,24.573055555555555,79.64305555555556,"Lower Yamuna Division(LYD), Agra",Base
Sukma,Chhattisgarh,SUKMA,Godavari,Sabari,18.384444444444444,81.66250000000001,"Lower Godavari Division(LGD), Hyderabad",Base
THENI,Tamil Nadu,Theni,East flowing rivers between Pennar and Kanyakumari,Suruliar,10.001111111111111,77.485,"Southern River Division(SRD), Coimbatore",Base
KAMALPUR,Tripura,DHALAI,Barak and Others,Dhalai,24.193055555555556,91.83583333333333,"Meghna Division(MD), Silchar",Base
Balakati,Odisha,KHORDHA,Mahanadi,Bhargavi,20.202222222222222,85.8625,"Mahanadi Division(MD), Burla",Base
Khab,Himachal Pradesh,KINNAUR,Indus,Satluj,31.80452777777778,78.64261111111112,"Snow Hydrology Division(SHD), Shimla",Base
KUDIGE,Karnataka,Kodagu,Cauvery,Cauvery,12.5025,75.96083333333334,"Cauvery Division, Bangaluru",Base
Indra at Khapriya,Madhya Pradesh,HOSHANGABAD,Narmada,Narmada,22.746111111111112,78.1588888888889,"Narmada Division(ND), Bhopal",Base
Tawa Reservoir,Madhya Pradesh,HOSHANGABAD,Narmada,Tawa,22.56222222222222,77.97527777777778,"Narmada Division(ND), Bhopal",Inflow
DRF,Assam,Baksa,Brahmaputra,Puthimari,26.775008333333332,91.69288611111112,"Middle Brahmaputra Division (MBD), Guwahati",Base
DISHERGARH,West Bengal,BARDDHAMAN,Ganga,Damodar,23.683888888888887,86.82305555555556,"Damodar Division(DD), Asansol",Base
Umsiang,Meghalaya,RI BHOI,Brahmaputra,Umsiang,26.074444444444445,92.16527777777779,"Meghna Investigation Division(MID), Shillong",Base
Baranwada,Rajasthan,SAWAI MADHOPUR,Ganga,Banas,26.002777777777776,76.67027777777778,"Chambal Division(CD), Jaipur",Base
Belsand,Bihar,SITAMARHI,Ganga,Bagmati,26.41444444444444,85.4,"Lower Ganga Division-I(LGD-I), Patna",Base
NAUTGHAT,Uttar Pradesh,JHANSI,Ganga,Betwa,25.391944444444444,78.66388888888889,"Lower Yamuna Division(LYD), Agra",Base
Kunturla (Machkund),Andhra Pradesh,ALLURI SITHARAMA RAJU,Godavari,Machkund,18.199166666666667,82.64972222222222,"Lower Godavari Division(LGD), Hyderabad",Base
Maujampur,Bihar,BHOJPUR,Ganga,Ganga,25.694166666666668,84.595,"Lower Ganga Division-II(LGD-II), Patna",Base
HATTIHOLE,Karnataka,Kodagu,Cauvery,Harangi,12.481666666666667,75.79444444444444,"Cauvery Division, Bangaluru",Base
Tuini (Tons),Uttarakhand,Dehradun,Ganga,Tons,30.939722222222223,77.84666666666666,"Upper Yamuna Division(UYD), New Delhi",Base
Shimoga,Karnataka,Shivamogga,Krishna,Tunga,13.926944444444445,75.585,"Cauvery Division, Bangaluru",Base
Purihansha,West Bengal,PURULIYA,Ganga,Kumari,23.073888888888888,86.36277777777777,"Damodar Division(DD), Asansol",Base
K. Agraharam,Telangana,JOGULAMBA(GADWAL),Krishna,Krishna,16.25777777777778,77.84027777777777,"Lower Krishna Division(LKD), Hyderabad",Base
Bana,Arunachal Pradesh,WEST KAMENG,Brahmaputra,Kamang,26.99999999996205,94.00000000002788,"Upper Brahmaputra Division (UBD), Dibrugarh",Base
Bihubar,Assam,SIVSAGAR,Brahmaputra,Dikhow,26.853333333333335,94.80055555555555,"Upper Brahmaputra Division (UBD), Dibrugarh",Base
Odendurai,Tamil Nadu,Coimbatore,Cauvery,Kallar,11.321666666666667,76.89277777777778,"Southern River Division(SRD), Coimbatore",Base
Murga Bridge,Arunachal Pradesh,TAWANG,Brahmaputra,Twang Chu,27.61388888888889,92.02638888888889,"North Eastern Investigation Division-III, Itanagar",Base
Aheri (Gudem Bridge),Maharashtra,Gadchiroli,Godavari,Pranhita,19.416666666666668,79.97222222222223,"Wainganga Division(WD), Nagpur",Base
NARHAN,Uttar Pradesh,CHANDAULI,Ganga,Karamnasa,25.209166666666665,83.32666666666667,"Middle Ganga Division-III(MGD-III), Varanasi",Base
Gangpur Siswan,Bihar,SIWAN,Ganga,Ghagra,25.940555555555555,84.39222222222223,"Lower Ganga Division-II(LGD-II), Patna",Level
Pachegaon,Maharashtra,Ahmadnagar,Godavari,Pravara,19.53527777777778,74.83361111111111,"Upper Godavari Division(UGD), Hyderabad",Base
Talikot,Karnataka,Bijapur,Krishna,DonI,16.483611111111113,76.28444444444445,"Cauvery Division, Bangaluru",Base
Deongaon Bridge,Karnataka,Kalaburagi,Krishna,Bhima,17.17,76.33,"Lower Krishna Division(LKD), Hyderabad",Level
Srinagar,Uttarakhand,PAURI GARHWAL,Ganga,Alaknanda,30.228888888888886,78.78666666666666,"Himalayan Ganga Division,Haridwar",Level
KOSI BARRAGE,Bihar,SUPAUL,Ganga,Kosi,26.52,86.92,"Lower Ganga Division-I(LGD-I), Patna",Inflow
Sangod,Rajasthan,KOTA,Ganga,Parwan,24.961111111111112,76.29777777777778,"Chambal Division(CD), Jaipur",Base
SANOOR,Karnataka,Udupi,West flowing rivers from Tadri to Kanyakumari,Shambhavi,13.180833333333332,74.99444444444444,"Southern Western River Division(SWRD), Kochi",Base
Ramdia,Assam,KAMRUP,Brahmaputra,-,26.26527777777778,91.51555555555555,"Middle Brahmaputra Division (MBD), Guwahati",Base
Fatehpur,Bihar,PATNA,Ganga,Punpun,25.511666666666667,85.19527777777778,"Lower Ganga Division-II(LGD-II), Patna",Base
Ghatakusumi,Odisha,Nabarangapur,,,19.119444444444444,82.22361111111111,"Lower Godavari Division(LGD), Hyderabad",Base
Bogibil,Assam,DIBRUGARH,Brahmaputra,Brahmaputra,27.3925,94.77666666666667,"Upper Brahmaputra Division (UBD), Dibrugarh",Base
Savandapur,Tamil Nadu,Erode,Cauvery,Bhavani,11.52138888888889,77.51,"Southern River Division(SRD), Coimbatore",Base
Haripur,Jharkhand,DUMKA,Ganga,Tepra,24.31138888888889,87.08694444444444,"Damodar Division(DD), Asansol",Base
Bachhwara,Bihar,BEGUSARAI,Ganga,Baya,25.574166666666667,85.88916666666667,"Lower Ganga Division-I(LGD-I), Patna",Base
BHALUKA,West Bengal,MALDAH,Ganga,Fulhar,25.315555555555555,87.82777777777777,"Lower Ganga Division III(LGD-III), Berhampore",Base
Ukai Reservoir,Gujarat,Surat,Tapi,Tapi,21.25,73.58999999999999,"Executive Engineer, Tapi Division, Surat",Inflow
Ahiro,Bihar,BANKA,Ganga,Ganga,25.934166666666666,87.15027777777779,"Lower Ganga Division-II(LGD-II), Patna",Base
Gandlapet,Telangana,NIZAMABAD,Godavari,Peddavagu,18.82111111111111,78.43805555555556,"Upper Godavari Division(UGD), Hyderabad",Base
Badarpur Ghat,Assam,KARIMGANJ,Barak and Others,Barak,24.87527777777778,92.57833333333333,"Meghna Investigation Division(MID), Shillong",Level
Ganganagar,Uttarakhand,Rudraprayag,Ganga,Mandakini,30.400555555555552,79.04194444444444,"Himalayan Ganga Division,Haridwar",Level
Fulertal,Assam,CACHAR,Barak and Others,Barak,24.790277777777778,93.00777777777778,"Meghna Investigation Division(MID), Shillong",Base
Badrinath,Uttarakhand,Chamoli,Ganga,Alaknanda,30.748333333333335,79.49583333333334,"Himalayan Ganga Division,Haridwar",Base
Annapurna Ghat,Assam,CACHAR,Barak and Others,Barak,24.83277777777778,92.79166666666667,"Meghna Investigation Division(MID), Shillong",Level
RAMESHWAR,Uttarakhand,Pithoragarh,Ganga,Sarju,29.533055555555556,80.1,"Planning & Investigation Division, Faridabad",Base
Zari,Maharashtra,Parbhani,Godavari,Dudhna,19.39472222222222,76.77333333333333,"Upper Godavari Division(UGD), Hyderabad",Base
Simga,Chhattisgarh,BALODABAZAR,Mahanadi,Seonath,21.63277777777778,81.68472222222222,"Mahanadi Division(MD), Burla",Base
Tusuma,West Bengal,PURULIYA,Ganga,Kangsabati,23.104444444444447,86.66166666666668,"Damodar Division(DD), Asansol",Base
Matijuri,Assam,HAILAKANDI,Barak and Others,Katakhal,24.649444444444445,92.60888888888888,"Meghna Investigation Division(MID), Shillong",Level
ETAWAH,Uttar Pradesh,ETAWAH,Ganga,Yamuna,26.749722222222225,78.98333333333333,"Lower Yamuna Division(LYD), Agra",Level
PINGALWADA,Gujarat,Vadodara,Narmada,Dhadhar,22.110833333333336,73.0786111111111,"Executive Engineer, Tapi Division, Surat",Base
RAJPIPLA,Gujarat,Narmada,Narmada,Karjan,21.87777777777778,73.46611111111112,"Executive Engineer, Tapi Division, Surat",Base
Badatighat,Assam,LAKHIMPUR,Brahmaputra,Subansiri,26.948888888888888,93.96222222222222,"Upper Brahmaputra Division (UBD), Dibrugarh",Level
Satyanarayan,Uttarakhand,Dehradun,Ganga,Song,30.051666666666666,78.21833333333333,"Himalayan Ganga Division,Haridwar",Base
NARAJ BARRAGE(U/S),Odisha,CUTTACK,,,20.8,85.96666666666667,"Mahanadi Division(MD), Burla",Base
Allahabad,Uttar Pradesh,PRAYGRAJ,Ganga,Ganga,25.403055555555554,81.9113888888889,"Middle Ganga Division-III(MGD-III), Varanasi",Level
Bhamgarh,Madhya Pradesh,Khandwa,Narmada,Chhota Tawa,21.84361111111111,76.50444444444445,"Narmada Division(ND), Bhopal",Base
Getalsud Reservoir,Jharkhand,RANCHI,Subernarekha,Subarnarekha,23.45,85.55,"Eastern Rivers Division(ERD), Bhubaneswar",Inflow
Suraithota,Uttarakhand,Chamoli,Ganga,Alaknanda,30.531388888888888,79.74083333333333,"Himalayan Ganga Division,Haridwar",Base
Sohagpura,Rajasthan,PRATAPGARH,Mahi,Erau,23.918333333333333,74.70027777777779,"Executive Engineer, Mahi Divison, Gandhinagar",Base
Narasingarayainpet,Andhra Pradesh,CHITTOOR,East flowing rivers between Pennar and Kanyakumari,Poini,13.183333333333334,79.20805555555556,"Hydrology Division(HD),Chennai",Base
KALATHUKADAVU,Kerala,KOTTAYAM,West flowing rivers from Tapi to Tadri,Meenachil,9.719722222222222,76.77833333333334,"Southern Western River Division(SWRD), Kochi",Base
Katghora,Chhattisgarh,KORBA,Mahanadi,Hasdeo,22.491666666666667,82.53861111111111,"Mahanadi Division(MD), Burla",Base
Chhitaunighat,Uttar Pradesh,KUSHINAGAR,Ganga,Gandak,27.17777777777778,83.96333333333334,"Lower Ganga Division-I(LGD-I), Patna",Base
Shella,Meghalaya,East Khasi Hills,Barak and Others,umiew,25.179722222222225,91.63527777777779,"Meghna Investigation Division(MID), Shillong",Base
Gopurajapuram,Tamil Nadu,Nagapattinam,Cauvery,Puravidaiyanar,10.850555555555555,79.78944444444444,"Hydrology Division(HD),Chennai",Base
Avanigadda,Andhra Pradesh,KRISHNA,Krishna,Lower Krishna,16.02,80.91000000000001,"Lower Krishna Division(LKD), Hyderabad",Level
Khandiovari,Rajasthan,UDAIPUR,Mahi,Som,24.011388888888888,73.66416666666667,"Executive Engineer, Mahi Divison, Gandhinagar",Base
Borwa,Madhya Pradesh,RATLAM,Mahi,Mahi,23.21611111111111,74.78,"Executive Engineer, Mahi Divison, Gandhinagar",Base
PERUMANNU,Kerala,KANNUR,West flowing rivers from Tadri to Kanyakumari,Valapatnam,11.9823,75.58415833333333,"Southern Western River Division(SWRD), Kochi",Base
PUDUNAGARA,Karnataka,Mysore,Cauvery,Uduthorehalla,12.069444444444445,77.40944444444445,"Cauvery Division, Bangaluru",Base
Akhnoor,Jammu & Kashmir,JAMMU,Indus,Chenab,32.90083333333333,74.75888888888889,"Chenab Division(CD), Jammu",Base
PARSHURAMKUND,Arunachal Pradesh,LOHIT,Brahmaputra,Lohit,27.87777777777778,96.35944444444443,"Upper Brahmaputra Division (UBD), Dibrugarh",Base
Karimganj,Assam,KARIMGANJ,Barak and Others,Kushiyara,24.878611111111113,92.35666666666665,"Meghna Investigation Division(MID), Shillong",Level
Oollenur,Karnataka,Raichur,Krishna,Tungabhadra,15.491944444444444,76.7175,"Lower Krishna Division(LKD), Hyderabad",Base
DAHIGAON,Maharashtra,Jalgaon,Tapi,Girna,20.83361111111111,75.4238888888889,"Executive Engineer, Tapi Division, Surat",Base
Meenus (Khad),Himachal Pradesh,SIRMAUR,Ganga,Meenus,30.761388888888888,77.705,"Upper Yamuna Division(UYD), New Delhi",Base
Ahirwalia,Bihar,PURBA CHAMPARAN,Ganga,Burhi Gandak,26.415277777777778,85.06611111111111,"Lower Ganga Division-I(LGD-I), Patna",Level
KURUNDWAD,Maharashtra,Kolhapur,Krishna,Krishna,16.684444444444445,74.60222222222221,"Upper Krishna Division(UKD), Pune",Base
Titawi,Uttar Pradesh,MUZAFFARNAGAR,Ganga,Hindon,29.47722222222222,77.51805555555555,"Upper Yamuna Division(UYD), New Delhi",Base
Parsohan Ghat,Uttar Pradesh,SIDDHARTHNAGAR,Ganga,Burhi Rapti,27.39527777777778,82.5625,"Middle Ganga Division-I(MGD-I), Lucknow",Base
Margherita,Assam,TINSUKIA,Brahmaputra,Buridehing,27.283611111111114,95.66277777777778,"Upper Brahmaputra Division (UBD), Dibrugarh",Base
TITANG,Himachal Pradesh,KINNAUR,Indus,Satluj,31.764388888888888,78.63636111111111,"Snow Hydrology Division(SHD), Shimla",Base
Monierkhal,Assam,CACHAR,Barak and Others,Sonai,24.583055555555557,92.9563888888889,"Meghna Division(MD), Silchar",Base
Mahi Bajaj Sagar Dam,Rajasthan,BANSWARA,Mahi,Mahi,23.628611111111113,74.54722222222222,"Executive Engineer, Mahi Divison, Gandhinagar",Inflow
Indupur,Odisha,KENDRAPARA,Brahmani and Baitarni,Brahmani,20.616388888888892,86.39583333333334,"Eastern Rivers Division(ERD), Bhubaneswar",Base
Farakka(FF),West Bengal,MURSHIDABAD,Ganga,Ganga,24.8,87.92,"Lower Ganga Division-II(LGD-II), Patna",Level
PVNRao Kantanapally Project,Telangana,MULUGU,Godavari,Godavari,18.58611111111111,80.39333333333335,"Upper Godavari Division(UGD), Hyderabad",Inflow
Tal,Madhya Pradesh,RATLAM,Ganga,Chambal,23.72138888888889,75.34444444444443,"Chambal Division(CD), Jaipur",Base
Arampur,Odisha,ANUGUL,Mahanadi,-,20.809166666666666,84.61333333333333,"Mahanadi Division(MD), Burla",Base
Salebardi,Maharashtra,Bhandara,Godavari,Chulband,20.912499999999998,79.92722222222223,"Wainganga Division(WD), Nagpur",Base
Prakasam Barrage,Andhra Pradesh,KRISHNA,Krishna,Krishna,16.500000000350887,80.5333333337963,"EE, GUNTUR",Base
Paragaon,Maharashtra,Pune,Krishna,Bhima,18.56833333333333,74.38055555555555,"Upper Krishna Division(UKD), Pune",Base
KALMA,Chhattisgarh,JANJGIR - CHAMPA,Mahanadi,Mahanadi,21.69472222222222,83.27777777777777,"Mahanadi Division(MD), Burla",Base
Uskabazar,Uttar Pradesh,SIDDHARTHNAGAR,Ganga,Kunhara,27.18888888888889,83.12555555555555,"Middle Ganga Division-I(MGD-I), Lucknow",Base
Satrapur,Maharashtra,Nagpur,Godavari,Kanhan,21.21638888888889,79.23305555555555,"Wainganga Division(WD), Nagpur",Base
Rd.Bridge D/S of Chandil Dam,Jharkhand,PURBI SINGHBHUM,Subernarekha,Dulang,22.97083333333333,86.02083333333333,"Eastern Rivers Division(ERD), Bhubaneswar",Base
Melliaputti,Andhra Pradesh,SRIKAKULAM,East flowing rivers between Mahanadi and Pennar,Mahendrathanaya,18.775277777777777,84.17055555555557,"Eastern Rivers Division(ERD), Bhubaneswar",Base
Kachhla Bridge,Uttar Pradesh,BUDAUN,Ganga,Ganga,27.931944444444447,78.8625,"Middle Ganga Division-II(MGD-II), Lucknow",Level
Amour,Bihar,PURNIA,Ganga,Parman,25.941388888888888,87.72055555555556,"Lower Ganga Division-I(LGD-I), Patna",Base
Rymbai,Meghalaya,East Jaintia Hills,Barak and Others,kalipai,25.33222222222222,92.31777777777778,"Meghna Investigation Division(MID), Shillong",Base
Sukheti _BBMB,Himachal Pradesh,KINNAUR,Indus,-,31.7008333333333,76.9438888888889,Executive Engineer-I/ NHP BBMB Chandigarh,Base
Mohanpur,West Bengal,MEDINIPUR,Ganga,Kangsabati,22.398333333333333,87.3436111111111,"Damodar Division(DD), Asansol",Level
Bathnaha,Bihar,ARARIA,Ganga,Parman,26.3725,87.23694444444445,"Lower Ganga Division-I(LGD-I), Patna",Base
ROING,Arunachal Pradesh,Lower Dibang Valley,Brahmaputra,Brahmaputra,28.15833333333333,95.845,"Upper Brahmaputra Division (UBD), Dibrugarh",Base
Gunupur,Odisha,RAYAGADA,East flowing rivers between Mahanadi and Pennar,Vamsadhara,19.083333333333332,83.80555555555556,"Eastern Rivers Division(ERD), Bhubaneswar",Level
Swampatna,Odisha,KENDUJHAR,Brahmani and Baitarni,Baitarani,21.616666666666667,85.91666666666667,"Eastern Rivers Division(ERD), Bhubaneswar",Base
IRRUKKANKUDI,Tamil Nadu,Virudhunagar,East flowing rivers between Pennar and Kanyakumari,Vaippar,9.324166666666667,77.99055555555556,"Southern River Division(SRD), Coimbatore",Base
HALADI,Karnataka,Udupi,West flowing rivers from Tadri to Kanyakumari,Haladi,13.581666666666667,74.85777777777777,"Southern Western River Division(SWRD), Kochi",Base
Naidupet,Andhra Pradesh,NELLORE,East flowing rivers between Pennar and Kanyakumari,Swarnamukhi,13.947222222222223,79.89722222222223,"Hydrology Division(HD),Chennai",Base
VIDYA NAGAR,Kerala,KASARAGOD,-,-,12.52038888888889,75.01630555555556,Hydrology Division Thrissur,Base
Basantpur,Uttar Pradesh,BIJNOR,Ganga,Ganga,29.103055555555557,78.09861111111111,"Middle Ganga Division-II(MGD-II), Lucknow",Base
Saradaput,Odisha,MALKANGIRI,Godavari,Sabari,18.6125,82.14277777777778,"Lower Godavari Division(LGD), Hyderabad",Base
Dharamjaigarh,Chhattisgarh,RAIGARH,Mahanadi,Mand,22.47722222222222,83.21416666666667,"Mahanadi Division(MD), Burla",Base
MUKKODLU,Karnataka,Kodagu,Cauvery,Harangi,12.490555555555554,75.77222222222223,"Cauvery Division, Bangaluru",Base
Biswanath Ghat,Assam,Biswanath,Brahmaputra,Brahmaputra,26.65833333333333,93.1725,"Upper Brahmaputra Division (UBD), Dibrugarh",Base
Manderial,Rajasthan,KARAULI,Ganga,Chambal,26.280833333333334,77.2761111111111,"Chambal Division(CD), Jaipur",Level
Toyum,Sikkim,GYALSINGH,Brahmaputra,Kalez Khola,27.27027777777778,88.26027777777777,"Sikkim Investigation Division, Gangtok",Base
Nagrakata,West Bengal,JALPAIGURI,Brahmaputra,Jaldhaka,26.870555555555555,88.89555555555556,"Lower Brahmaputra Division (LBD), Jalpaiguri",Base
Andhiyarkhore,Chhattisgarh,BEMETARA,Mahanadi,Hamp,21.834722222222222,81.59722222222221,"Mahanadi Division(MD), Burla",Base
Suyalbari,Uttarakhand,Nainital,Ganga,Kosi,29.540000000000003,79.55333333333333,"Middle Ganga Division-II(MGD-II), Lucknow",Base
Chamiyala,Uttarakhand,Tehri Garhwal,Ganga,Balganga,30.473055555555554,78.63055555555555,"Himalayan Ganga Division,Haridwar",Base
Anas PH-II,Rajasthan,BANSWARA,Mahi,Anas,23.353611111111114,74.23361111111112,"Executive Engineer, Mahi Divison, Gandhinagar",Base
Thandalaiputhur,Tamil Nadu,Tiruchirappalli,Cauvery,Ayyar,10.99111111111111,78.51333333333334,"Southern River Division(SRD), Coimbatore",Base
Birahi,Uttarakhand,Chamoli,Ganga,Alaknanda,30.407777777777778,79.3888888888889,"Himalayan Ganga Division,Haridwar",Base
Chatia,Bihar,PURBA CHAMPARAN,Ganga,Gandak,26.532777777777778,84.5586111111111,"Lower Ganga Division-I(LGD-I), Patna",Level
ERINJIPUZHA,Kerala,KASARAGOD,West flowing rivers from Tadri to Kanyakumari,Payaswani,12.495833333333332,75.15694444444445,"Southern Western River Division(SWRD), Kochi",Base
B.K.Ghat,Uttar Pradesh,BAHRAICH,Ganga,Ghagra,28.272777777777776,81.09083333333332,"Middle Ganga Division-I(MGD-I), Lucknow",Base
VALIGONDA,Telangana,NALGONDA,Krishna,Musi,17.365555555555556,79.03222222222222,"Lower Krishna Division(LKD), Hyderabad",Base
NAWTHA,Madhya Pradesh,BURHANPUR,Tapi,Tapi,21.4325,76.43777777777778,"Executive Engineer, Tapi Division, Surat",Base
Chaugurji Ghat,Uttar Pradesh,Lakhimpur Kheri,Ganga,Ghagra,28.393055555555556,81.0075,"Middle Ganga Division-I(MGD-I), Lucknow",Base
Baghmara,Meghalaya,South Garo Hills,Barak and Others,Simsang,25.199166666666667,90.6438888888889,"Meghna Investigation Division(MID), Shillong",Base
Tuirial Dam_NEEPCO,Mizoram,KOLASIB,Barak and Others,-,24.35638888888889,92.88666666666667,"Meghna Division(MD), Silchar",Inflow
D P Ghat,West Bengal,JHARGRAM,Ganga,Bairabanki & Taraphini,22.629722222222224,86.97472222222223,"Damodar Division(DD), Asansol",Base
Eturunagaram,Telangana,MULUGU,Godavari,Godavari,18.32,80.46000000000001,"Upper Godavari Division(UGD), Hyderabad",Level
Jehanabad,Bihar,JEHANABAD,Ganga,Dhardha,25.209444444444443,84.98336111111111,"Lower Ganga Division-II(LGD-II), Patna",Base
Chandanpur,Odisha,MAYURBHANJ,Subernarekha,Burhabalang,22.16611111111111,86.57138888888889,"Eastern Rivers Division(ERD), Bhubaneswar",Base
Dhareri,Madhya Pradesh,UJJAIN,Ganga,Chambal,23.1475,75.50833333333334,"Chambal Division(CD), Jaipur",Base
JUHIKHA,Uttar Pradesh,JALAUN,Ganga,Yamuna,26.42638888888889,79.245,"Lower Yamuna Division(LYD), Agra",Base
Bangpura,Madhya Pradesh,RAJGARH,Ganga,Chapi,24.109722222222224,76.40916666666668,"Chambal Division(CD), Jaipur",Base
POOKKAYAM,Kerala,KASARAGOD,West flowing rivers from Tadri to Kanyakumari,Chandragiri,12.458333333333332,75.27638888888889,"Southern Western River Division(SWRD), Kochi",Base
BATESHWAR,Uttar Pradesh,AGRA,Ganga,Yamuna,26.941666666666666,78.57333333333332,"Lower Yamuna Division(LYD), Agra",Base
RAJAPUR,Uttar Pradesh,CHITRAKOOT,Ganga,Yamuna,25.387777777777778,81.15444444444445,"Lower Yamuna Division(LYD), Agra",Base
Bageshwar,Uttarakhand,Bageshwar,Ganga,Saryu,29.828055555555554,79.7713888888889,"Middle Ganga Division-I(MGD-I), Lucknow",Base
BHIND,Madhya Pradesh,BHIND,Ganga,Kunwari,26.60777777777778,78.85666666666665,"Lower Yamuna Division(LYD), Agra",Base
GAVACHI(VER),Gujarat,Surat,Tapi,Ver,21.254444444444445,73.13,"Executive Engineer, Tapi Division, Surat",Base
SAVKHEDA,Maharashtra,Jalgaon,Tapi,Tapi,21.149444444444445,75.23194444444445,"Executive Engineer, Tapi Division, Surat",Base
Navalgund,Karnataka,Dharwad,Krishna,Bennehala,15.573055555555555,75.37305555555555,"Cauvery Division, Bangaluru",Base
JOBRA(U/S),Odisha,CUTTACK,,,20.474999999999998,85.9,"Mahanadi Division(MD), Burla",Base
Fica Barrage D/S,Uttarakhand,UDHAM SINGH NAGAR,Ganga,Fica,29.30388888888889,78.79222222222222,"Middle Ganga Division-II(MGD-II), Lucknow",Base
PATTAZHY,Kerala,Kollam,West flowing rivers from Tadri to Kanyakumari,Kallada,9.072777777777777,76.7611111111111,"Southern Western River Division(SWRD), Kochi",Base
PATTUKOTTAI,Tamil Nadu,Thanjavur,East flowing rivers between Pennar and Kanyakumari,Agniyar,10.416944444444443,79.29166666666667,"Southern River Division(SRD), Coimbatore",Base
Rajegaon,Madhya Pradesh,BALAGHAT,Godavari,Bagh,21.62388888888889,80.25333333333333,"Wainganga Division(WD), Nagpur",Base
BISHNUPUR,West Bengal,BANKURA,Ganga,Dwarakeswar,23.115555555555556,87.31333333333333,"Damodar Division(DD), Asansol",Base
Gokak,Karnataka,Belgaum,Krishna,Ghatprabha,16.18138888888889,74.80111111111111,"Cauvery Division, Bangaluru",Base
MAHISHI,Karnataka,Shivamogga,Krishna,Tunga,13.697222222222223,75.33555555555554,"Cauvery Division, Bangaluru",Base
Verupakshapuram,Andhra Pradesh,CHITTOOR,East flowing rivers between Pennar and Kanyakumari,Swarnamukhi,13.794444444444444,79.70222222222222,"Hydrology Division(HD),Chennai",Base
Bansagar Dam_1,Madhya Pradesh,SHAHDOL,Ganga,Sone,24.191666666666666,81.2875,"Middle Ganga Division-III(MGD-III), Varanasi",Inflow
Doriganj,Bihar,SARAN,Ganga,Ganga,25.733055555555556,84.82444444444444,"Lower Ganga Division-II(LGD-II), Patna",Base
Kaliganj,Assam,KARIMGANJ,Barak and Others,Longai,24.783055555555556,92.41111111111111,"Meghna Division(MD), Silchar",Base
Durgawati,Bihar,KAIMUR,Ganga,Durgawati,25.21638888888889,83.51638888888888,"Middle Ganga Division-III(MGD-III), Varanasi",Base
Saulighat,Bihar,MADHUBANI,Ganga,Adhwara,26.418055555555558,85.85305555555556,"Lower Ganga Division-I(LGD-I), Patna",Base
BENDRAHALLI,Karnataka,Chamarajanagara,Cauvery,Suvarnavathi,12.12888888888889,77.08305555555555,"Cauvery Division, Bangaluru",Base
Kokrajhar,Assam,KOKRAJHAR,Brahmaputra,Gaurang,26.397572222222223,90.25405833333333,"Middle Brahmaputra Division (MBD), Guwahati",Level
Elginbridge,Uttar Pradesh,BARABANKI,Ganga,Ghagra,27.095277777777778,81.48611111111111,"Middle Ganga Division-I(MGD-I), Lucknow",Level
Kota City,Rajasthan,KOTA,Ganga,Chambal,25.196666666666665,75.84444444444443,"Chambal Division(CD), Jaipur",Level
Kaddam Dam,Telangana,ADILABAD,Godavari,Kaddam vagu,19.1,78.78999999999999,"Upper Godavari Division(UGD), Hyderabad",Inflow
Tilga,Jharkhand,SIMDEGA,Brahmani and Baitarni,Brahmani,22.623333333333335,84.4175,"Eastern Rivers Division(ERD), Bhubaneswar",Base
Polampalli,Andhra Pradesh,KRISHNA,Krishna,Munneru,17.015555555555554,80.17166666666667,"Lower Krishna Division(LKD), Hyderabad",Base
Jawahar Sagar DAM,Rajasthan,KOTA,Ganga,Chambal,25.03666666666667,75.67833333333334,"Chambal Division(CD), Jaipur",Inflow
Bisalpur Reservoir,Rajasthan,KARAULI,Ganga,Banas,25.92,75.45,"Chambal Division(CD), Jaipur",Inflow
Lodhikheda,Madhya Pradesh,CHHINDWARA,Godavari,Jam,21.579444444444444,78.86583333333333,"Wainganga Division(WD), Nagpur",Base
Mondgaon (Yelakeli),Maharashtra,Wardha,Godavari,Dham,20.811111111111114,78.59472222222222,"Wainganga Division(WD), Nagpur",Base
VYTHIRI,Kerala,WAYANAD,Cauvery,Kabini,11.549722222222222,76.03972222222222,"Cauvery Division, Bangaluru",Base
Chansura,Madhya Pradesh,UMARIA,Ganga,Son,23.866944444444446,81.21583333333334,"Middle Ganga Division-III(MGD-III), Varanasi",Base
Penuganchi prolu,Andhra Pradesh,KRISHNA,Krishna,Munneru,16.90722222222222,80.25111111111111,"Lower Krishna Division(LKD), Hyderabad",Base
Isapur Reservoir,Maharashtra,Yavatmal,Godavari,Penganga,19.725555555555555,77.43472222222222,"Wainganga Division(WD), Nagpur",Inflow
TAMEN,Arunachal Pradesh,LOWER SUBANSIRI,Brahmaputra,Subansiri,27.76,94.00888888888889,"Upper Brahmaputra Division (UBD), Dibrugarh",Base
Upper Wardha Project,Maharashtra,Amravati,Godavari,Wardha,21.275277777777777,78.0586111111111,"Wainganga Division(WD), Nagpur",Inflow
Madhuban,Bihar,PURBA CHAMPARAN,Ganga,Burhi Gandak,26.446944444444444,85.14111111111112,"Lower Ganga Division-I(LGD-I), Patna",Base
Gagan Moradabad,Uttar Pradesh,MORADABAD,Ganga,Gangan,28.795555555555556,78.76527777777778,"Middle Ganga Division-II(MGD-II), Lucknow",Base
Omkareshwar (NHPC) Reservoir,Madhya Pradesh,EAST NIMAR,Narmada,Narmada,22.240000000000002,76.16000000000001,"Narmada Division(ND), Bhopal",Inflow
Sabhawala,Uttarakhand,Dehradun,Ganga,Aasan,30.38111111111111,77.79666666666667,"Upper Yamuna Division(UYD), New Delhi",Base
MADWAS,Madhya Pradesh,SIDHI,Ganga,Gopad,24.168055555555558,81.8963888888889,"Middle Ganga Division-III(MGD-III), Varanasi",Base
Deb at Khajuri,Madhya Pradesh,BARWANI,Narmada,Deb,21.97083333333333,75.25777777777778,"Narmada Division(ND), Bhopal",Base
Meerganj,Uttar Pradesh,BAREILLY,Ganga,Bhakhra,28.51861111111111,79.25166666666667,"Middle Ganga Division-II(MGD-II), Lucknow",Base
Kalyanpur,Bihar,MUNGER,Ganga,Ganga,25.254722222222224,86.61472222222221,"Lower Ganga Division-II(LGD-II), Patna",Base
Gagrigol,Uttarakhand,Bageshwar,Ganga,Gomati,29.90361111111111,79.63472222222222,"Middle Ganga Division-I(MGD-I), Lucknow",Base
Konta,Chhattisgarh,SUKMA,Godavari,Sabari,17.79888888888889,81.39277777777778,"Lower Godavari Division(LGD), Hyderabad",Base
Sirshi,Jammu & Kashmir,KISHTWAR,Indus,Chenab,33.48166666666667,75.84916666666666,"Chenab Division(CD), Jammu",Base
Balasamudram,Tamil Nadu,Dindigul,Cauvery,Varathamanadhi,10.425555555555555,77.53388888888888,"Southern River Division(SRD), Coimbatore",Base
Akhuapada,Odisha,BHADRAK,Brahmani and Baitarni,Baitarani,20.916944444444447,86.27972222222222,"Eastern Rivers Division(ERD), Bhubaneswar",Level
ISLAMPUR (SEASONAL),West Bengal,MURSHIDABAD,Ganga,Bhairab,24.15138888888889,88.46277777777777,"Lower Ganga Division III(LGD-III), Berhampore",Base
Chunar,Uttar Pradesh,MIRZAPUR,Ganga,Ganga,25.1325,82.88222222222221,"Middle Ganga Division-III(MGD-III), Varanasi",Base
Jahazpur,Rajasthan,BHILWARA,Ganga,Banas,25.634166666666665,75.22444444444444,"Chambal Division(CD), Jaipur",Base
Banglabasti,Assam,NAGAON,Brahmaputra,-,26.199444444444445,92.67333333333333,"Middle Brahmaputra Division (MBD), Guwahati",Base
Bewar,Uttar Pradesh,MAINPURI,Ganga,Kali,27.23611111111111,79.32916666666667,"Middle Ganga Division-II(MGD-II), Lucknow",Base
Wellington Reservoir,Tamil Nadu,Cuddalore,East flowing rivers between Pennar and Kanyakumari,Vellar,11.4,79.08999999999999,"Hydrology Division(HD),Chennai",Inflow
Danapur,Bihar,PATNA,Ganga,Ganga,25.63888888888889,85.01361111111112,"Lower Ganga Division-II(LGD-II), Patna",Base
M.H. HALLI,Karnataka,Hassan,Cauvery,Hemavathi,12.82,76.14111111111112,"Cauvery Division, Bangaluru",Base
MID MANAIR DAM,Telangana,RAJANNA SIRCILLA,Godavari,Maner,18.392777777777777,78.96111111111111,"Upper Godavari Division(UGD), Hyderabad",Inflow
URACHIKOTTAI,Tamil Nadu,Erode,Cauvery,Cauvery,11.477777777777778,77.7,"Southern River Division(SRD), Coimbatore",Base
AYILAM,Kerala,THIRUVANANTHAPURAM,West flowing rivers from Tadri to Kanyakumari,Vamanapuram,8.715277777777777,76.85416666666666,"Southern Western River Division(SWRD), Kochi",Base
MALGAON,Chhattisgarh,GARIABAND,Mahanadi,Pairi,20.65722222222222,82.03861111111111,"Mahanadi Division(MD), Burla",Base
Amarpur,Tripura,Gomati,Barak and Others,Gumti,23.528333333333332,91.65277777777779,"Meghna Division(MD), Silchar",Base
T. NARASIPUR,Karnataka,Mysore,Cauvery,Kabini,12.230277777777777,76.89444444444445,"Cauvery Division, Bangaluru",Base
Halon at Baratola,Madhya Pradesh,MANDLA,Narmada,Halon,22.607222222222223,80.70444444444445,"Narmada Division(ND), Bhopal",Base
BERHAIT (SEASONAL DISCHARGE)),Jharkhand,Sahebganj,Ganga,Gumani,24.89472222222222,87.61638888888888,"Lower Ganga Division III(LGD-III), Berhampore",Base
Amanat Barrage,Jharkhand,PALAMAU,Ganga,North_Koel,24.01,84.47,"Lower Ganga Division-II(LGD-II), Patna",Inflow
AURAIYA,Uttar Pradesh,AURAIYA,Ganga,Yamuna,26.428055555555556,79.47888888888889,"Lower Yamuna Division(LYD), Agra",Level
Katangatola,Madhya Pradesh,MANDLA,Narmada,Narmada,22.517777777777777,80.40666666666667,"Narmada Division(ND), Bhopal",Base
Bilhaur,Uttar Pradesh,KANPUR NAGAR,Ganga,Ishan,26.85527777777778,80.05222222222221,"Middle Ganga Division-II(MGD-II), Lucknow",Base
CORONATION,West Bengal,DARJILING,Brahmaputra,Teesta,26.901944444444442,88.47222222222223,"Lower Brahmaputra Division (LBD), Jalpaiguri",Base
Manas N H Crossing,Assam,BONGAIGAON,Brahmaputra,Manas,26.464216666666665,90.75003333333333,"Middle Brahmaputra Division (MBD), Guwahati",Level
Matatila Reservoir,Uttar Pradesh,LALITPUR,Ganga,Betwa,25.1,78.36,"Lower Yamuna Division(LYD), Agra",Inflow
Balai at Narayanganj,Madhya Pradesh,MANDLA,Narmada,Narmada,22.833888888888886,80.24916666666667,"Narmada Division(ND), Bhopal",Base
THIRUNAVALUR,Tamil Nadu,Kallakurichi,East flowing rivers between Pennar and Kanyakumari,Gadilam,11.748333333333333,79.40527777777778,"Hydrology Division(HD),Chennai",Base
Balancing Reservoir _BBMB,Punjab,ROPAR,Indus,-,,,Executive Engineer-I/ NHP BBMB Chandigarh,Base
TANTLOI,Jharkhand,DUMKA,Ganga,Sidheswari,24.044722222222223,87.27111111111111,"Damodar Division(DD), Asansol",Base
Jotte,Arunachal Pradesh,PAPUM PARE,Brahmaputra,Sinki,27.042222222222225,93.46111111111111,"North Eastern Investigation Division-III, Itanagar",Base
CHANDPUR DABRA,Madhya Pradesh,GWALIOR,Ganga,Sindh,25.834166666666665,78.37194444444444,"Lower Yamuna Division(LYD), Agra",Base
Kalasapadu,Andhra Pradesh,CUDDAPAH,Pennar,Sagileru,15.112499999999999,78.93805555555556,"Hydrology Division(HD),Chennai",Base
Rewaghat,Bihar,MUZAFFARPUR,Ganga,Gandak,25.993333333333336,85.04972222222221,"Lower Ganga Division-II(LGD-II), Patna",Level
Dillighat,Assam,DIBRUGARH,Brahmaputra,Desang,27.14,95.36999999999999,"Upper Brahmaputra Division (UBD), Dibrugarh",Base
Sonbarsa,Bihar,SITAMARHI,Ganga,Adhwara,26.841666666666665,85.58555555555554,"Lower Ganga Division-I(LGD-I), Patna",Level
Yadgir,Karnataka,Yadgir,Krishna,Bhima,16.7375,77.12527777777777,"Lower Krishna Division(LKD), Hyderabad",Base
Magurgaon,Assam,NAGAON,Brahmaputra,Kopili,26.186944444444446,92.55027777777778,"Middle Brahmaputra Division (MBD), Guwahati",Base
Govindpur (NH5 Road Bridge),Odisha,Baleshwar,Subernarekha,Burhabalang,21.547777777777778,86.91805555555555,"Eastern Rivers Division(ERD), Bhubaneswar",Level
SILVASSA,Dadra & Nagar Haveli,Dadra And Nagar Haveli,West flowing rivers from Tapi to Tadri,Daman Ganga,20.268055555555556,72.98555555555555,"Executive Engineer, Tapi Division, Surat",Base
Kamalpur,Gujarat,Patan,West flowing rivers of Kutch and Saurashtra including Luni,Banas,23.808333333333334,71.74416666666667,"Executive Engineer, Mahi Divison, Gandhinagar",Base
SAVANDAPUR,Tamil Nadu,Erode,Cauvery,Bhavani,11.520000000000001,77.51,"Southern River Division(SRD), Coimbatore",Level
Jhawa,Bihar,KATIHAR,Ganga,Mahananda,25.612222222222222,87.78777777777778,"Lower Ganga Division-I(LGD-I), Patna",Level
Doimukh,Arunachal Pradesh,PAPUM PARE,Brahmaputra,Dikrong,27.138333333333332,93.75194444444445,"Upper Brahmaputra Division (UBD), Dibrugarh",Base
GOPALKHEDA,Maharashtra,Akola,Tapi,Purna,20.874166666666667,76.99138888888889,"Executive Engineer, Tapi Division, Surat",Base
Indrapuri Barrage,Bihar,ROHTAS,Ganga,Sone,24.75,84.16000000000001,"Lower Ganga Division-II(LGD-II), Patna",Inflow
GARRAULI,Madhya Pradesh,CHHATARPUR,Ganga,Dhasan,25.080833333333334,79.34333333333333,"Lower Yamuna Division(LYD), Agra",Base
GADAT,Gujarat,Surat,West flowing rivers from Tapi to Tadri,Ambika,20.85611111111111,72.98472222222222,"Executive Engineer, Tapi Division, Surat",Base
Pupunki,Jharkhand,BOKARO,Ganga,Damodar,23.714444444444442,86.20222222222222,"Damodar Division(DD), Asansol",Base
GARIMILLAPALLI,Telangana,NALGONDA,Godavari,Maner,18.446944444444444,79.70472222222223,"Upper Godavari Division(UGD), Hyderabad",Base
Veer Dam,Maharashtra,Satara,Krishna,Nira,18.12,74.08999999999999,"Upper Krishna Division(UKD), Pune",Inflow
Rosera,Bihar,SAMASTIPUR,Ganga,Burhi Gandak,25.749722222222225,86.02111111111111,"Lower Ganga Division-I(LGD-I), Patna",Level
Hathidah,Bihar,PATNA,Ganga,Ganga,25.384999999999998,85.9875,"Lower Ganga Division-II(LGD-II), Patna",Level
Chitrakoot,Madhya Pradesh,SATNA,Ganga,Paisuni,25.142222222222223,80.85472222222222,"Lower Yamuna Division(LYD), Agra",Base
Takli,Maharashtra,Solapur,Krishna,Bhima,17.414166666666667,75.84777777777778,"Upper Krishna Division(UKD), Pune",Base
Sainj _BBMB,Himachal Pradesh,KULLU,Indus,-,31.7266666666667,77.2247222222222,Executive Engineer-I/ NHP BBMB Chandigarh,Base
Indrapuri,Bihar,ROHTAS,Ganga,Sone,24.839444444444442,84.13222222222221,"Lower Ganga Division-II(LGD-II), Patna",Level
Bhuban Baji Rout Rd.Bridge,Odisha,DHENKANAL,Brahmani and Baitarni,Brahmani,20.861666666666668,85.85972222222222,"Eastern Rivers Division(ERD), Bhubaneswar",Base
Shergarh,Uttar Pradesh,MATHURA,Ganga,Yamuna,27.796666666666667,77.61472222222221,"Upper Yamuna Division(UYD), New Delhi",Base
Kutragada,Odisha,RAYAGADA,East flowing rivers between Mahanadi and Pennar,Vamsadhara,19.614722222222223,83.55027777777778,"Eastern Rivers Division(ERD), Bhubaneswar",Base
Pohumara,Assam,BARPETA,Brahmaputra,-,26.481944444444444,91.11361111111111,"Middle Brahmaputra Division (MBD), Guwahati",Base
Dameracherla,Telangana,NALGONDA,Krishna,Musi,16.739166666666666,79.66972222222223,"Lower Krishna Division(LKD), Hyderabad",Base
KHOWAI,Tripura,Khowai,Barak and Others,Khowai,24.0625,91.59833333333333,"Meghna Division(MD), Silchar",Base
DUDHAWA,Chhattisgarh,DHAMTARI,Mahanadi,-,20.323055555120145,81.6816666667335,"Mahanadi Division(MD), Burla",Base
Bairiya,Jharkhand,PALAMAU,Ganga,North_Koel,24.07,84.06555555555555,"Lower Ganga Division-II(LGD-II), Patna",Base
CHAMPAKULAM,Kerala,Alappuzha,-,-,9.403611111111111,76.41305555555556,Hydrology Division Chengannur,Base
Panchat Reservoir,Jharkhand,DHANBAD,Ganga,Damodar,23.68,86.75,"Damodar Division(DD), Asansol",Inflow
Narora Down Stream,Uttar Pradesh,Buland Shahar,Ganga,Ganga,28.191111111111113,78.4,"Middle Ganga Division-II(MGD-II), Lucknow",Base
Tuting,Arunachal Pradesh,UPPER SIANG,Brahmaputra,Siang,28.995,94.88694444444445,"Upper Brahmaputra Division (UBD), Dibrugarh",Base
Dalsingh Sarai,Bihar,SAMASTIPUR,Ganga,Kosi,25.71638888888889,85.65361111111112,"Lower Ganga Division-I(LGD-I), Patna",Base
Sirhind Canal,Punjab,ROPAR,Indus,-,30.984444444444446,76.5225,Executive Engineer-I/ NHP BBMB Chandigarh,Base
Saraikela Rd. Bridge,Jharkhand,PASHCHIMI SINGHBHUM,Subernarekha,Kharkhai,22.69361111111111,85.9786111111111,"Eastern Rivers Division(ERD), Bhubaneswar",Base
MOTINAROLI,Gujarat,Surat,Narmada,Kim,21.23777777777778,72.96333333333334,"Executive Engineer, Tapi Division, Surat",Base
Bhadrak,Odisha,BHADRAK,Brahmani and Baitarni,Baitarani,21.067777777777778,86.50361111111111,"Eastern Rivers Division(ERD), Bhubaneswar",Base
CHUNCHUNAKATTE,Karnataka,Mysore,Cauvery,Cauvery,12.511111111111111,76.30305555555556,"Cauvery Division, Bangaluru",Base
Padmavati,Odisha,NAYAGARH,Mahanadi,Mahanadi,20.343888888888888,85.2961111111111,"Mahanadi Division(MD), Burla",Base
TIGHARA,Madhya Pradesh,PANNA,Ganga,Kyan,24.298611111111114,79.965,"Lower Yamuna Division(LYD), Agra",Base
Sirijholi Nala,Odisha,RAYAGADA,East flowing rivers between Mahanadi and Pennar,Badajhor,19.083055555555557,83.78611111111111,"Eastern Rivers Division(ERD), Bhubaneswar",Base
Rangaphar Siding,Assam,KARBI ANGLONG,Brahmaputra,Dhansiri (South),24.82638888888889,93.66083333333334,"Upper Brahmaputra Division (UBD), Dibrugarh",Base
Paleru Bridge,Andhra Pradesh,KRISHNA,Krishna,Paleru,16.948888888888888,80.04916666666666,"Lower Krishna Division(LKD), Hyderabad",Base
Silgi at Kotrai,Madhya Pradesh,DINDORI,Narmada,Narmada,22.985277777777778,80.5961111111111,"Narmada Division(ND), Bhopal",Base
Bigod,Rajasthan,BHILWARA,Ganga,Banas,25.250555555555554,75.03416666666666,"Chambal Division(CD), Jaipur",Base
Talcher,Odisha,ANUGUL,Brahmani and Baitarni,Brahmani,20.91916666666667,85.23666666666666,"Eastern Rivers Division(ERD), Bhubaneswar",Base
Panchana Dam,Rajasthan,KARAULI,Ganga,Gambhir,26.554166666666667,77.005,"Chambal Division(CD), Jaipur",Inflow
METEOROLOGICAL STATION JANG,Arunachal Pradesh,TAWANG,Brahmaputra,Mago Chu,27.581944444444446,92.43083333333334,"North Eastern Investigation Division-III, Itanagar",Base
Tirthan_BBMB,Himachal Pradesh,KINNAUR,Indus,-,31.7225,77.2272222222222,Executive Engineer-I/ NHP BBMB Chandigarh,Base
KUSHKARNI,West Bengal,BIRBHUM,Ganga,Kushkarni,23.95638888888889,87.31277777777777,"Damodar Division(DD), Asansol",Base
Nirmali,Bihar,SUPAUL,Ganga,Kosi,26.303611111111113,86.5786111111111,"Lower Ganga Division-I(LGD-I), Patna",Base
Triveni,Bihar,PASHCHIM CHAMPARAN,Ganga,Gandak,27.435833333333335,83.90694444444445,"Lower Ganga Division-I(LGD-I), Patna",Base
Belkhedi,Madhya Pradesh,NARSIMHAPUR,Narmada,Sher,22.928055555555556,79.33999999999999,"Narmada Division(ND), Bhopal",Base
Atreyapuram (Gauthami),Andhra Pradesh,KONA SEEMA,Godavari,Gowthami,16.815,81.81638888888888,"Lower Godavari Division(LGD), Hyderabad",Level
K.M. VADI,Karnataka,Mysore,Cauvery,Lakshmanthirtha,12.347222222222223,76.29222222222222,"Cauvery Division, Bangaluru",Base
Shardanagar,Uttar Pradesh,Lakhimpur Kheri,Ganga,Sarda,28.063333333333333,80.965,"Middle Ganga Division-I(MGD-I), Lucknow",Base
Hayaghat,Bihar,DARBHANGA,Ganga,Bagmati,26.036944444444448,85.88722222222223,"Lower Ganga Division-I(LGD-I), Patna",Level
PALGANJ,Jharkhand,GIRIDIH,Ganga,Barakar,24.116111111111113,86.22166666666666,"Damodar Division(DD), Asansol",Base
Srisailam Reservoir,Andhra Pradesh,KURNOOL,Krishna,Krishna,16.08,78.9,"Lower Krishna Division(LKD), Hyderabad",Inflow
Mejaroad,Uttar Pradesh,PRAYGRAJ,Ganga,Tons,25.2375,82.03777777777778,"Middle Ganga Division-III(MGD-III), Varanasi",Base
A.P.PURAM,Tamil Nadu,Tirunelveli,East flowing rivers between Pennar and Kanyakumari,Chittar,8.901388888888889,77.64861111111112,"Southern River Division(SRD), Coimbatore",Base
MADAMON,Kerala,PATHANAMTHITTA,West flowing rivers from Tapi to Tadri,Pamba,9.363888888888889,76.83777777777777,"Southern Western River Division(SWRD), Kochi",Base
Thethetanger,Chhattisgarh,JASHPUR,Mahanadi,Ib,22.646666666666665,83.93361111111112,"Mahanadi Division(MD), Burla",Base
Chouldhowaghat,Assam,LAKHIMPUR,Brahmaputra,Subansiri,27.448888888888888,94.25,"Upper Brahmaputra Division (UBD), Dibrugarh",Level
Targaon,Maharashtra,Satara,Krishna,Krishna,17.517777777777777,74.14611111111111,"Upper Krishna Division(UKD), Pune",Base
MADIKHERA(ATAL SAGAR) DAM,Madhya Pradesh,SHIVPURI,Ganga,Sindh,25.555555555555557,77.85277777777777,"Lower Yamuna Division(LYD), Agra",Inflow
BEHMAI,Uttar Pradesh,KANPUR DEHAT,Ganga,Yamuna,26.254166666666666,79.59638888888888,"Lower Yamuna Division(LYD), Agra",Base
VIJAYRAGHAVGARH,Madhya Pradesh,KATNI,Ganga,Katni,23.969166666666666,80.6125,"Middle Ganga Division-III(MGD-III), Varanasi",Base
Ganeshpura_1,Jammu & Kashmir,ANANTNAG,Indus,Lidder,33.90416666666667,75.28238888888889,"Chenab Division(CD), Jammu",Base
Gulabgarh,Jammu & Kashmir,KISHTWAR,Indus,Chenab,33.26305555555555,76.17611111111111,"Chenab Division(CD), Jammu",Base
Dhansa,Delhi,SOUTH WEST,Ganga,Sahibi,28.534444444444446,76.87055555555555,"Upper Yamuna Division(UYD), New Delhi",Level
Watrak Dam,Gujarat,Sabarkantha,Sabarmati,Watrak,23.31833333333333,73.40611111111112,"Executive Engineer, Mahi Divison, Gandhinagar",Base
RUPAS NAGAR,Uttar Pradesh,FIROZABAD,Ganga,Sirsa,27.121666666666666,78.53277777777778,"Lower Yamuna Division(LYD), Agra",Base
Galeta,Uttar Pradesh,BAGHPAT,Ganga,Hindon,29.0825,77.43722222222223,"Upper Yamuna Division(UYD), New Delhi",Base
Kharkhana,Meghalaya,West Jaintia Hills,Barak and Others,Myntudu,25.158055555555553,92.21083333333334,"Meghna Investigation Division(MID), Shillong",Base
Sangam,Jammu & Kashmir,ANANTNAG,Indus,Jhelum,33.83305555555556,75.06672222222223,"Chenab Division(CD), Jammu",Level
Nowrangpur,Odisha,Nabarangapur,Godavari,Indravathi,19.1975,82.51194444444444,"Lower Godavari Division(LGD), Hyderabad",Base
Pancheshwar,Uttarakhand,Champawat,Ganga,Sarda,29.438055555555557,80.24583333333334,"Middle Ganga Division-I(MGD-I), Lucknow",Base
BILIGUNDULU,Tamil Nadu,Dharmapuri,Cauvery,Cauvery,12.182222222222222,77.7238888888889,"Southern River Division(SRD), Coimbatore",Base
Gomukhi Dam,Tamil Nadu,Viluppuram,East flowing rivers between Pennar and Kanyakumari,Gomukha,11.77888888888889,78.83027777777778,"Hydrology Division(HD),Chennai",Inflow
SRINGERI,Karnataka,Chikkamagaluru,Krishna,Tunga,13.429444444444444,75.25861111111111,"Cauvery Division, Bangaluru",Base
Sei Dam,Rajasthan,UDAIPUR,Sabarmati,Sei,24.718888888888888,73.19833333333334,"Executive Engineer, Mahi Divison, Gandhinagar",Base
Sriram Sagar Reservoir,Telangana,NIZAMABAD,Godavari,Godavari,18.97,78.33999999999999,"Upper Godavari Division(UGD), Hyderabad",Inflow
Ramnagar Barrage D/S,Uttarakhand,Nainital,Ganga,Kosi,29.15861111111111,79.03888888888889,"Middle Ganga Division-II(MGD-II), Lucknow",Base
Barnawa,Uttar Pradesh,BAGHPAT,Ganga,Krishni,29.1075,77.42194444444445,"Upper Yamuna Division(UYD), New Delhi",Base
Koida,Andhra Pradesh,ELURU,Godavari,Godavari,17.482499999999998,81.38666666666667,"Lower Godavari Division(LGD), Hyderabad",Base
Maniyari,Chhattisgarh,MUNGELI,Mahanadi,Maniari,21.91611111111111,82.0025,"Mahanadi Division(MD), Burla",Base
Chennur,Andhra Pradesh,CUDDAPAH,Pennar,Pennar,14.572222222222223,78.8,"Hydrology Division(HD),Chennai",Base
Sarra,Madhya Pradesh,CHHINDWARA,Godavari,Kulbehra,22.008055555555554,78.93083333333334,"Wainganga Division(WD), Nagpur",Base
Mouda,Maharashtra,Nagpur,Godavari,Kanhan,21.140833333333333,79.38972222222223,"Wainganga Division(WD), Nagpur",Base
Kamarpur,Assam,MARIGAON,Brahmaputra,Kopili,26.201944444444443,92.02166666666666,"Middle Brahmaputra Division (MBD), Guwahati",Base
Deosugur,Karnataka,Raichur,Krishna,Krishna,16.38222222222222,77.35722222222222,"Lower Krishna Division(LKD), Hyderabad",Base
Mandleshwar,Madhya Pradesh,Khargone,Narmada,Narmada,22.172222222222224,75.65972222222223,"Narmada Division(ND), Bhopal",Base
SONAPUR,Assam,KAMRUP,Brahmaputra,Digaru,26.120555555555555,91.97833333333334,"Middle Brahmaputra Division (MBD), Guwahati",Base
Devprayag (A),Uttarakhand,PAURI GARHWAL,Ganga,Alaknanda,30.144444444444446,78.60111111111111,"Himalayan Ganga Division,Haridwar",Base
Boudh,Odisha,ANUGUL,Mahanadi,Mahanadi,20.865000000000002,84.31555555555555,"Mahanadi Division(MD), Burla",Base
MOHANA,Uttar Pradesh,JALAUN,Ganga,Betwa,25.82361111111111,79.4625,"Lower Yamuna Division(LYD), Agra",Level
Sholmari,Assam,NALBARI,Brahmaputra,-,26.31388888888889,91.33944444444444,"Middle Brahmaputra Division (MBD), Guwahati",Base
PALLIPPADY,Kerala,ERNAKULAM,West flowing rivers from Tadri to Kanyakumari,Kothamangalam,10.039444444444444,76.61638888888888,"Southern Western River Division(SWRD), Kochi",Base
Kokiwada,Madhya Pradesh,CHHINDWARA,Godavari,Pench,21.897777777777776,79.23444444444445,"Wainganga Division(WD), Nagpur",Base
Bhatpura,Uttar Pradesh,RAMPUR,Ganga,Buar,28.80888888888889,79.20916666666668,"Middle Ganga Division-II(MGD-II), Lucknow",Base
Bina,Maharashtra,Nagpur,Godavari,Kanhan,21.269166666666667,79.16833333333334,"Wainganga Division(WD), Nagpur",Base
Hendegir,Jharkhand,HAZARIBAG,Ganga,Damodar,23.704722222222223,85.1725,"Damodar Division(DD), Asansol",Base
Dhanora (Kathani),Maharashtra,Gadchiroli,Godavari,Kathani,20.278055555555554,80.28722222222223,"Wainganga Division(WD), Nagpur",Base
Sarekha,Madhya Pradesh,SEONI,Godavari,Hirri,22.178611111111113,80.02472222222222,"Wainganga Division(WD), Nagpur",Base
AKOLA,Maharashtra,Akola,Tapi,Morna,20.708055555555553,76.99305555555556,"Executive Engineer, Tapi Division, Surat",Base
Jhilmili,Madhya Pradesh,CHHINDWARA,Godavari,Pench,22.044722222222223,79.16388888888889,"Wainganga Division(WD), Nagpur",Base
Gola Bazaar,Uttar Pradesh,GORAKHPUR,Ganga,Ghagra,26.335555555555555,83.35749999999999,"Middle Ganga Division-I(MGD-I), Lucknow",Base
Nainpur,Madhya Pradesh,MANDLA,Godavari,Thanwar,22.422777777777778,80.09277777777777,"Wainganga Division(WD), Nagpur",Base
CHANWADA,Gujarat,Vadodara,Narmada,Orsang,22.05,73.46527777777779,"Executive Engineer, Tapi Division, Surat",Base
Baronda,Chhattisgarh,GARIABAND,Mahanadi,Pairi,20.910555555555554,81.88722222222223,"Mahanadi Division(MD), Burla",Base
Nandkeshri,Uttarakhand,Chamoli,Ganga,Pinder,30.039166666666667,79.56638888888888,"Himalayan Ganga Division,Haridwar",Base
Moujabadi,Bihar,KISHANGANJ,Ganga,Mahananda,26.143333333333334,87.90583333333333,"Lower Ganga Division-I(LGD-I), Patna",Base
NATUNGRAM,West Bengal,BANKURA,Ganga,Dwarakeswar,23.22083333333333,87.03222222222222,"Damodar Division(DD), Asansol",Base
Almatti Reservoir,Karnataka,Bagalkote,Krishna,Krishna,16.33,75.88,"Lower Krishna Division(LKD), Hyderabad",Inflow
Pench Reservoir,Maharashtra,Nagpur,Godavari,Pench,21.65833333333333,79.23333333333333,"Wainganga Division(WD), Nagpur",Inflow
Chhinda,Madhya Pradesh,CHHINDWARA,Godavari,Pench,22.185277777777777,78.9775,"Wainganga Division(WD), Nagpur",Base
JIAGANG,West Bengal,MURSHIDABAD,Ganga,Bhagirathi-II (WB)*,24.234722222222224,88.26361111111112,"Lower Ganga Division III(LGD-III), Berhampore",Base
Mungapar,Madhya Pradesh,SEONI,Godavari,Sagar,22.334444444444443,79.86166666666666,"Wainganga Division(WD), Nagpur",Base
Wairagarh,Maharashtra,Gadchiroli,Godavari,Khobragarhi,20.421944444444446,80.09166666666667,"Wainganga Division(WD), Nagpur",Base
Sanjay Sarovar Project,Madhya Pradesh,SEONI,Godavari,Wainganga,22.377222222222223,79.66361111111112,"Wainganga Division(WD), Nagpur",Inflow
Darauli,Bihar,SIWAN,Ganga,Ghagra,26.075,84.12694444444443,"Lower Ganga Division-II(LGD-II), Patna",Level
Mangaon,Maharashtra,Raigad,West flowing rivers from Tapi to Tadri,Kal,18.231388888888887,73.28305555555555,"Upper Krishna Division(UKD), Pune",Level
DHOLPUR,Rajasthan,DHOLPUR,Ganga,Chambal,26.659444444444443,77.90305555555557,"Lower Yamuna Division(LYD), Agra",Level
Dharasu,Uttarakhand,Uttarkashi,Ganga,Bhagirathi,30.610833333333336,78.31638888888888,"Himalayan Ganga Division,Haridwar",Base
KALAMPUR,Kerala,ERNAKULAM,West flowing rivers from Tapi to Tadri,Kaliyar,9.990555555555554,76.63222222222221,"Southern Western River Division(SWRD), Kochi",Base
B G Road,Assam,SIVSAGAR,Brahmaputra,Brahmaputra,27.066944444444445,94.53166666666667,"Upper Brahmaputra Division (UBD), Dibrugarh",Base
NARIYAMPATTU,Tamil Nadu,Vellore,East flowing rivers between Pennar and Kanyakumari,-,12.847777777777779,78.72111111111111,"Hydrology Division(HD),Chennai",Base
Tumri,Madhya Pradesh,MANDSAUR,Ganga,Retam,24.328888888888887,75.1563888888889,"Chambal Division(CD), Jaipur",Base
Dhopaddhaar,Uttarakhand,Tehri Garhwal,Ganga,Bhilangane,30.516944444444444,78.75611111111111,"Himalayan Ganga Division,Haridwar",Base
Phen at Parsatola,Madhya Pradesh,MANDLA,Narmada,Narmada,22.52861111111111,80.98833333333333,"Narmada Division(ND), Bhopal",Base
Pratapgarh,Uttar Pradesh,PRATAPGARH,Ganga,Sai,25.934166666666666,82.00194444444445,"Middle Ganga Division-III(MGD-III), Varanasi",Base
VAPI,Gujarat,Valsad,West flowing rivers from Tapi to Tadri,Daman Ganga,20.37,72.88,"Executive Engineer, Tapi Division, Surat",Level
Yelli,Maharashtra,Nanded,Godavari,Godavari,19.03527777777778,77.46666666666667,"Upper Godavari Division(UGD), Hyderabad",Base
Mandawara,Rajasthan,KOTA,Ganga,chambal,25.379444444444445,76.14750000000001,"Chambal Division(CD), Jaipur",Base
GUTANG,Assam,TINSUKIA,Brahmaputra,Dibru,27.572777777777777,95.36861111111111,"Upper Brahmaputra Division (UBD), Dibrugarh",Base
Matunga,Assam,Baksa,Brahmaputra,Kalanadi,26.791405555555556,91.53582222222222,"Middle Brahmaputra Division (MBD), Guwahati",Base
VALAMURU (Pamuleru),Andhra Pradesh,EAST GODAVARI,Godavari,Pamuleru,17.633055555555558,81.63611111111112,"Lower Godavari Division(LGD), Hyderabad",Base
Atrauli,Uttar Pradesh,ALIGARH,Ganga,Kali,27.980833333333333,78.19916666666667,"Middle Ganga Division-II(MGD-II), Lucknow",Base
Yadunathpur,Bihar,ROHTAS,Ganga,Sone,24.522777777777776,83.58777777777777,"Lower Ganga Division-II(LGD-II), Patna",Base
Tuichang,Mizoram,LUNGLEI,Minor rivers draining into Myanmar and Bangladesh,Tuichang,23.034444444444446,92.96527777777779,"North Eastern Investigation Division-II, Aizawal",Base
Alladupalli,Andhra Pradesh,CUDDAPAH,Pennar,Kunderu,14.717222222222222,78.66861111111112,"Hydrology Division(HD),Chennai",Base
Pandu,Assam,KAMRUP,Brahmaputra,Brahmaputra,26.17527777777778,91.66944444444445,"Middle Brahmaputra Division (MBD), Guwahati",Base
Pare HEP,Arunachal Pradesh,PAPUM PARE,Brahmaputra,Dikrong,27.236944444444447,93.81555555555555,"Upper Brahmaputra Division (UBD), Dibrugarh",Inflow
Pagoda,Arunachal Pradesh,Namsai,Brahmaputra,Lohit,27.773333333333333,95.97583333333334,"Upper Brahmaputra Division (UBD), Dibrugarh",Base
Karad,Maharashtra,Satara,Krishna,Krishna,17.29361111111111,74.19,"Upper Krishna Division(UKD), Pune",Base
Sakmur,Maharashtra,Chandrapur,Godavari,Wardha,19.559166666666666,79.61166666666666,"Wainganga Division(WD), Nagpur",Base
BAJITPUR,West Bengal,NORTH 24 PARGANAS,Ganga,Ichamati,23.208055555555553,88.73194444444445,"Lower Ganga Division III(LGD-III), Berhampore",Base
Devprayag (G),Uttarakhand,PAURI GARHWAL,Ganga,Ganga,30.140555555555554,78.59694444444445,"Himalayan Ganga Division,Haridwar",Base
Pubansa (S),Odisha,CUTTACK,Mahanadi,Mahanadi,20.462777777777777,86.24916666666667,"Mahanadi Division(MD), Burla",Base
SANJAY NAGAR,Madhya Pradesh,TIKAMGARH,Ganga,Urr,25.045555555555556,79.18194444444445,"Lower Yamuna Division(LYD), Agra",Base
Bariyarpur,Bihar,MUNGER,Ganga,Ganga,25.28111111111111,86.58166666666666,"Lower Ganga Division-II(LGD-II), Patna",Base
Gulabgarh,Jammu & Kashmir,DODA,Indus,Bhaga,33.26972222222222,76.16777777777779,"Chenab Division(CD), Jammu",Base
Sangam (Murredu),Telangana,BHADRADRI,Godavari,Murredu,17.59361111111111,80.82166666666666,"Lower Godavari Division(LGD), Hyderabad",Base
KOPPA,Karnataka,Chikkamagaluru,Krishna,Bhadra,13.534722222222221,75.04916666666666,"Cauvery Division, Bangaluru",Base
Bawanthadi Reservoir,Madhya Pradesh,BALAGHAT,Godavari,Bawanthri,21.541666666666668,79.54166666666667,"Wainganga Division(WD), Nagpur",Inflow
Jaraikela,Odisha,SUNDARGARH,Brahmani and Baitarni,Koel,22.32611111111111,85.08,"Eastern Rivers Division(ERD), Bhubaneswar",Base
Tuichawng,Mizoram,LUNGLEI,Minor rivers draining into Myanmar and Bangladesh,Tuichang,22.915277777777778,92.52805555555555,"North Eastern Investigation Division-II, Aizawal",Base
Bhainsa(State Govt. Site),Telangana,NIRMAL,Godavari,Suddavagu,19.098888888888887,77.96055555555556,"Upper Godavari Division(UGD), Hyderabad",Base
Halia,Telangana,NALGONDA,Krishna,Halia,16.78805555555556,79.33972222222222,"Lower Krishna Division(LKD), Hyderabad",Base
KOTTAPURAM,Kerala,THRISSUR,West flowing rivers from Tadri to Kanyakumari,Keecheri,10.677777777777777,76.20055555555555,"Southern Western River Division(SWRD), Kochi",Base
Kothapalle (Sileru),Andhra Pradesh,EAST GODAVARI,Godavari,Sileru,17.825277777777778,81.55277777777778,"Lower Godavari Division(LGD), Hyderabad",Base
Marshaghai,Odisha,KENDRAPARA,Mahanadi,Mahanadi,20.409166666666664,86.4925,"Mahanadi Division(MD), Burla",Base
Tarabari,Assam,BARPETA,Brahmaputra,Brahmaputra,26.21833333333333,91.11472222222221,"Middle Brahmaputra Division (MBD), Guwahati",Base
THENGUMARAHADA,Tamil Nadu,Nilgiris,Cauvery,Moyar,11.572777777777777,76.91916666666667,"Southern River Division(SRD), Coimbatore",Base
Shahzadpur,Uttar Pradesh,KAUSHAMBI,Ganga,Ganga,25.665,81.41861111111112,"Middle Ganga Division-III(MGD-III), Varanasi",Base
Attal,Uttarakhand,Dehradun,Ganga,-,30.761388888888888,77.705,"Upper Yamuna Division(UYD), New Delhi",Base
Anjanari,Maharashtra,Ratnagiri,West flowing rivers from Tapi to Tadri,Kajvi,16.934722222222224,73.51416666666667,"Cauvery Division, Bangaluru",Base
Arcot,Tamil Nadu,Ranipet,East flowing rivers between Pennar and Kanyakumari,Palar,12.91388888888889,79.33305555555555,"Hydrology Division(HD),Chennai",Base
Rammunshibagh (near Srinagar),Jammu & Kashmir,SRINAGAR,Indus,Jhelum,34.06944444444445,74.83802777777777,"Chenab Division(CD), Jammu",Level
Dulha Dhakia,Uttar Pradesh,Shahjhanpur,Ganga,Deoha,28.00888888888889,79.79638888888888,"Middle Ganga Division-II(MGD-II), Lucknow",Base
Gangotri,Uttarakhand,Uttarkashi,Ganga,Bhagirathi,30.99388888888889,78.94027777777778,"Himalayan Ganga Division,Haridwar",Base
Purna at Yerli,Maharashtra,Buldana,Tapi,Purna,20.93777777777778,76.4738888888889,"Executive Engineer, Tapi Division, Surat",Base
Menangudi,Tamil Nadu,Tiruvarur,Cauvery,Noolar,10.94888888888889,79.70361111111112,"Hydrology Division(HD),Chennai",Base
GHAT,Uttarakhand,Pithoragarh,Ganga,Saryu,29.498611111111114,80.12583333333333,"Middle Ganga Division-I(MGD-I), Lucknow",Base
Kashmir Canal at Head_BBMB,Punjab,FEROZEPUR,Indus,-,32.38,75.6069444444444,Executive Engineer-I/ NHP BBMB Chandigarh,Base
Madhabarida,Odisha,GAJAPATI,East flowing rivers between Mahanadi and Pennar,Bada Nadi,19.853055555555557,84.62638888888888,"Eastern Rivers Division(ERD), Bhubaneswar",Base
MASOODPUR,Madhya Pradesh,GWALIOR,Ganga,Non,25.831666666666667,78.24472222222222,"Lower Yamuna Division(LYD), Agra",Base
Passighat,Arunachal Pradesh,EAST SIANG,Brahmaputra,Siang,28.07777777777778,95.33555555555554,"Upper Brahmaputra Division (UBD), Dibrugarh",Level
Dobhi,Bihar,GAYA,Ganga,Phalgu,24.530277777777776,84.91694444444445,"Lower Ganga Division-II(LGD-II), Patna",Base
DR KLRS Pulichintala Dam,Andhra Pradesh,GUNTUR,Krishna,Krishna,16.75,80.05,"Lower Krishna Division(LKD), Hyderabad",Inflow
Galgalia,Bihar,KISHANGANJ,Ganga,Mechi,26.51972222222222,88.10583333333332,"Lower Ganga Division-I(LGD-I), Patna",Base
ELUNUTHIMANGALAM,Tamil Nadu,Erode,Cauvery,Noyyal,11.031666666666668,77.8875,"Southern River Division(SRD), Coimbatore",Base
Sitalpur,Bihar,SARAN,Ganga,Ganga,25.746111111111112,85.02638888888889,"Lower Ganga Division-II(LGD-II), Patna",Base
Mahgama,Jharkhand,GODDA,Ganga,Sundar,24.979166666666664,87.32972222222222,"Lower Ganga Division-II(LGD-II), Patna",Base
CS 97 A GANGA FARAKKA,West Bengal,MURSHIDABAD,Ganga,Ganga,24.790833333333335,87.93666666666667,"Lower Ganga Division III(LGD-III), Berhampore",Base
Singatalur Barrage,Karnataka,Gadag,Krishna,Tungabhadra,15.030000000000001,75.83,"Lower Krishna Division(LKD), Hyderabad",Inflow
PUTKI,Jharkhand,DHANBAD,Ganga,Damodar,23.75638888888889,86.35208333333333,"Damodar Division(DD), Asansol",Base
Kasmara,Uttar Pradesh,MAINPURI,Ganga,Ishan,27.127222222222223,79.28833333333333,"Middle Ganga Division-II(MGD-II), Lucknow",Base
Manughat,Tripura,Unakoti,Barak and Others,Manu,23.996111111111112,91.98944444444444,"Meghna Division(MD), Silchar",Base
MOMPANI,Arunachal Pradesh,ANJAW,Brahmaputra,Lohit,28.043333333333337,96.44333333333334,"Upper Brahmaputra Division (UBD), Dibrugarh",Base
Chittorgarh,Rajasthan,CHITTORGARH,Ganga,Gambhir,24.899722222222223,74.63388888888889,"Chambal Division(CD), Jaipur",Base
GHISH,West Bengal,JALPAIGURI,Brahmaputra,Ghish,26.872222222222224,88.61166666666666,"Lower Brahmaputra Division (LBD), Jalpaiguri",Base
Narmadapuram,Madhya Pradesh,HOSHANGABAD,Narmada,Narmada,22.756666666666668,77.73166666666667,"Narmada Division(ND), Bhopal",Level
Turtipar,Uttar Pradesh,BALLIA,Ganga,Ghagra,26.141111111111112,83.87472222222222,"Middle Ganga Division-I(MGD-I), Lucknow",Level
Bhejdih,Odisha,MAYURBHANJ,Brahmani and Baitarni,Baitarani,21.476388888888888,86.2863888888889,"Eastern Rivers Division(ERD), Bhubaneswar",Base
Kolar Reservoir,Madhya Pradesh,SEHORE,Narmada,Kolar,22.963055555555556,77.33805555555556,"Narmada Division(ND), Bhopal",Base
KALLOOPPARA,Kerala,PATHANAMTHITTA,West flowing rivers from Tadri to Kanyakumari,Manimala,9.403611111111111,76.65027777777779,"Southern Western River Division(SWRD), Kochi",Base
Bhingarpur,Odisha,KHORDHA,Mahanadi,Kusavadra,20.262777777777778,85.93305555555555,"Mahanadi Division(MD), Burla",Base
Hemavathy Reservoir,Karnataka,Hassan,Cauvery,Hemavathi,12.821961111111111,76.05423333333333,"Cauvery Division, Bangaluru",Inflow
Rudraprayag (M),Uttarakhand,Rudraprayag,Ganga,Mandakini,30.288611111111113,78.97916666666667,"Himalayan Ganga Division,Haridwar",Base
Janjhavati Rd.Bridge,Andhra Pradesh,VIZIANAGARAM,East flowing rivers between Mahanadi and Pennar,Nagavali,18.861111111111114,83.45972222222223,"Eastern Rivers Division(ERD), Bhubaneswar",Base
Alipingal,Odisha,JAGATSINGHAPUR,Mahanadi,Mahanadi,20.22083333333333,86.14666666666668,"Mahanadi Division(MD), Burla",Level
ANIPUR,Assam,KARIMGANJ,Barak and Others,Singla,24.54361111111111,92.43305555555555,"Meghna Division(MD), Silchar",Base
Dimapara,Meghalaya,South Garo Hills,Barak and Others,Bugi,25.231944444444444,90.24305555555556,"Meghna Investigation Division(MID), Shillong",Base
NARSINGHGARH,Madhya Pradesh,DAMOH,Ganga,Sonar,24.008055555555554,79.40138888888889,"Lower Yamuna Division(LYD), Agra",Base
Manpur,Bihar,LAKHISARAI,Ganga,Ganga,25.233055555555556,86.12277777777777,"Lower Ganga Division-II(LGD-II), Patna",Base
Kalagarh,Uttarakhand,PAURI GARHWAL,Ganga,Ramganga,29.497222222222224,78.76055555555556,"Middle Ganga Division-II(MGD-II), Lucknow",Base
CHANDRAPURA,Jharkhand,BOKARO,Ganga,Damodar,23.732499999999998,86.11527777777778,"Damodar Division(DD), Asansol",Base
Slapper_BBMB,Himachal Pradesh,KINNAUR,Indus,-,31.6677777777778,77.0558333333333,Executive Engineer-I/ NHP BBMB Chandigarh,Base
Jeypore,Odisha,MAYURBHANJ,Subernarekha,Burhabalang,21.609166666666667,86.68333333333334,"Eastern Rivers Division(ERD), Bhubaneswar",Base
ARNOTA,Uttar Pradesh,AGRA,Ganga,Uttangan,26.9625,78.3625,"Lower Yamuna Division(LYD), Agra",Base
SEVANUR,Tamil Nadu,Salem,Cauvery,Chittar,11.559166666666668,77.71583333333334,"Southern River Division(SRD), Coimbatore",Base
BISWANATHPUR,West Bengal,MURSHIDABAD,Ganga,Padma,24.4575,88.1375,"Lower Ganga Division III(LGD-III), Berhampore",Base
Palakmati at Sohagpur,Madhya Pradesh,HOSHANGABAD,Narmada,Narmada,22.696944444444444,78.20138888888889,"Narmada Division(ND), Bhopal",Base
Sarotry,Gujarat,Banaskantha,West flowing rivers of Kutch and Saurashtra including Luni,Banas,24.36916666666667,72.54666666666667,"Executive Engineer, Mahi Divison, Gandhinagar",Base
Dhamkund,Jammu & Kashmir,RAMBAN,Indus,Tawi,33.24305555555556,75.14583333333334,"Chenab Division(CD), Jammu",Base
Bailley Bridge Tuipui,Mizoram,CHAMPHAI,Barak and Others,Barak,23.226666666598838,93.09777777809086,"North Eastern Investigation Division-I, Silchar",Base
Tuini (Pabar),Uttarakhand,Dehradun,Ganga,Pabar,30.954722222222223,77.85305555555556,"Upper Yamuna Division(UYD), New Delhi",Base
SEONDHA,Madhya Pradesh,DATIA,Ganga,Sind,26.171944444444446,78.80416666666666,"Lower Yamuna Division(LYD), Agra",Base
MUTHANKERA,Kerala,WAYANAD,Cauvery,Kabini,11.808055555555557,76.08416666666666,"Cauvery Division, Bangaluru",Level
Ballia,Uttar Pradesh,BALLIA,Ganga,Ganga,25.75,84.38333333333334,"Middle Ganga Division-III(MGD-III), Varanasi",Level
Rahimpur,Haryana,Palwal,Ganga,Yamuna,28.09472222222222,77.47722222222222,"Upper Yamuna Division(UYD), New Delhi",Base
KOKKEDODDY,Karnataka,Ramanagar,Cauvery,Arkavathi,12.296111111111111,77.44083333333333,"Cauvery Division, Bangaluru",Base
NUTANBAZAR GD SITE,Tripura,NORTH TRIPURA,Barak and Others,Juri,24.41861111111111,92.17055555555557,"Meghna Division(MD), Silchar",Base
Hasimara,West Bengal,ALIPURDUAR,Brahmaputra,Torsa,26.729166666666664,89.32583333333334,"Lower Brahmaputra Division (LBD), Jalpaiguri",Level
Madduvalasa Reservoir,Andhra Pradesh,VIZIANAGARAM,East flowing rivers between Mahanadi and Pennar,Nagavali,18.5875,83.61972222222222,"Eastern Rivers Division(ERD), Bhubaneswar",Inflow
BALEHONNUR,Karnataka,Chikkamagaluru,Krishna,Bhadra,13.351388888888888,75.4713888888889,"Cauvery Division, Bangaluru",Base
Barmanghat,Madhya Pradesh,NARSIMHAPUR,Narmada,Narmada,23.022777777777776,79.03194444444445,"Narmada Division(ND), Bhopal",Base
DEDTALAI,Madhya Pradesh,Khandwa,Tapi,Tapi,21.513055555555557,76.75722222222223,"Executive Engineer, Tapi Division, Surat",Base
Kamakshya Nagar Rd. Bridge,Odisha,DHENKANAL,Brahmani and Baitarni,Brahmani,20.747222222222224,85.55555555555556,"Eastern Rivers Division(ERD), Bhubaneswar",Base
RAVISHANKAR SAGAR DAM,Chhattisgarh,DHAMTARI,Mahanadi,Mahanadi,20.610000000000003,81.56,"Mahanadi Division(MD), Burla",Inflow
Hinglow Dam,West Bengal,BIRBHUM,Ganga,Hinglow,23.821944444444444,87.19944444444445,"Damodar Division(DD), Asansol",Inflow
Panposh,Odisha,SUNDARGARH,Brahmani and Baitarni,Brahmani,22.22694444444444,84.80222222222221,"Eastern Rivers Division(ERD), Bhubaneswar",Base
Bara Ghagara,Jharkhand,RANCHI,Subernarekha,Vaitarna,23.330555555555556,85.35888888888888,"Eastern Rivers Division(ERD), Bhubaneswar",Base
Chakki Bank,Himachal Pradesh,KANGRA,Indus,Beas,32.24861111111111,75.64916666666667,Executive Engineer-I/ NHP BBMB Chandigarh,Base
Kumarapalayam,Puducherry,Puducherry,East flowing rivers between Pennar and Kanyakumari,Varahanadhi,11.983055555555556,79.68055555555556,"Hydrology Division(HD),Chennai",Base
Abu Road,Rajasthan,SIROHI,West flowing rivers of Kutch and Saurashtra including Luni,Banas,24.49361111111111,72.79027777777777,"Executive Engineer, Mahi Divison, Gandhinagar",Level
JANWADA,Karnataka,Bidar,Godavari,Manjira,18.0325,77.4725,"Upper Godavari Division(UGD), Hyderabad",Base
Kahalgaon,Bihar,BHAGALPUR,Ganga,Ganga,25.265833333333333,87.22611111111111,"Lower Ganga Division-II(LGD-II), Patna",Level
BERHAMPORE,West Bengal,MURSHIDABAD,Ganga,Bhagirathi-II (WB)*,24.089166666666664,88.2425,"Lower Ganga Division III(LGD-III), Berhampore",Base
CHIKKARASINAKERE,Karnataka,Mandya,Cauvery,Hebbahalla,12.510277777777778,77.03666666666666,"Cauvery Division, Bangaluru",Base
Shahjahanpur,Uttar Pradesh,Shahjhanpur,Ganga,Khannaut,27.836944444444445,79.91000000000001,"Middle Ganga Division-II(MGD-II), Lucknow",Base
NAINI,Uttar Pradesh,PRAYGRAJ,Ganga,Yamuna,25.426111111111112,81.84722222222221,"Lower Yamuna Division(LYD), Agra",Level
RUPALIGAD,Uttarakhand,Champawat,Ganga,Mahakali/Sarda,29.283333333333335,80.3,"Planning & Investigation Division, Faridabad",Base
NT Road Crossing Jia-Bharali,Assam,SONITPUR,Brahmaputra,Jiabharali,26.8105,92.87963888888888,"Upper Brahmaputra Division (UBD), Dibrugarh",Level
Jyoti Jagir,Uttar Pradesh,BAREILLY,Ganga,Begul (Apsara),28.38861111111111,79.65,"Middle Ganga Division-II(MGD-II), Lucknow",Base
Harshil,Uttarakhand,Uttarkashi,Ganga,Bhagirathi,31.034722222222225,78.75027777777778,"Himalayan Ganga Division,Haridwar",Base
Baleni,Uttar Pradesh,BAGHPAT,Ganga,Hindon,28.95888888888889,77.47,"Upper Yamuna Division(UYD), New Delhi",Base
PANDOA,Himachal Pradesh,SHIMLA,Indus,Satluj,31.267305555555556,77.288,"Snow Hydrology Division(SHD), Shimla",Base
Khanabal,Jammu & Kashmir,ANANTNAG,Indus,Jhelum,33.763888888888886,75.1275,"Chenab Division(CD), Jammu",Base
TENDUI,Uttar Pradesh,VARANASI,Ganga,Varuna,25.380277777777778,82.8286111111111,"Middle Ganga Division-III(MGD-III), Varanasi",Base
Suddakal,Telangana,NAGARKURNOOL,Krishna,Dindi,16.572777777777777,78.42333333333333,"Lower Krishna Division(LKD), Hyderabad",Base
Bolani,Odisha,SUNDARGARH,Brahmani and Baitarni,Brahmani,22.10527777777778,84.85055555555554,"Eastern Rivers Division(ERD), Bhubaneswar",Base
Chargharia,Bihar,KISHANGANJ,Ganga,Mahananda,26.157777777777778,87.70472222222223,"Lower Ganga Division-I(LGD-I), Patna",Base
TALIHA,Arunachal Pradesh,UPPER SUBANSIRI,Brahmaputra,Subansiri,28.233888888888888,94.1563888888889,"Upper Brahmaputra Division (UBD), Dibrugarh",Base
Talnar,Chhattisgarh,SUKMA,Godavari,-,18.585277777777776,81.86166666666666,"Lower Godavari Division(LGD), Hyderabad",Base
KANNAPOOR,Puducherry,Karaikal,Cauvery,Vanjiyar,10.965833333333332,79.74194444444444,"Hydrology Division(HD),Chennai",Base
Melapolagm,Tamil Nadu,Nagapattinam,Cauvery,Thirumalairajanar,10.897777777777778,79.72500000000001,"Hydrology Division(HD),Chennai",Base
BULAKIPURA,Uttar Pradesh,AURAIYA,Ganga,Sengar,26.678055555555556,79.32833333333333,"Lower Yamuna Division(LYD), Agra",Base
Jollang,Arunachal Pradesh,PAPUM PARE,Brahmaputra,Sinki,27.073333333333334,93.615,"North Eastern Investigation Division-III, Itanagar",Base
UDI,Uttar Pradesh,ETAWAH,Ganga,Chambal,26.69638888888889,78.93777777777778,"Lower Yamuna Division(LYD), Agra",Base
Sankosh LRP,West Bengal,ALIPURDUAR,Brahmaputra,Sankosh,26.45777777777778,89.85805555555555,"Lower Brahmaputra Division (LBD), Jalpaiguri",Base
PANBARI,Assam,Chirang,Brahmaputra,Burisuti,26.58833333333333,90.82916666666667,"Middle Brahmaputra Division (MBD), Guwahati",Base
Rampur-GP,Uttar Pradesh,RAMPUR,,,28.78638888888889,78.9863888888889,"Middle Ganga Division-II(MGD-II), Lucknow",Base
Matigara,West Bengal,DARJILING,Ganga,Balason,26.720277777777778,88.37777777777777,"Lower Brahmaputra Division (LBD), Jalpaiguri",Base
Rampur,Chhattisgarh,BALODABAZAR,Mahanadi,Jonk,21.647222222222222,82.51611111111112,"Mahanadi Division(MD), Burla",Base
Amarpura,Rajasthan,UDAIPUR,Mahi,Som,24.2875,73.84638888888888,"Executive Engineer, Mahi Divison, Gandhinagar",Base
Somasila Dam,Andhra Pradesh,NELLORE,Pennar,Pennar,14.48,79.3,"Hydrology Division(HD),Chennai",Inflow
Hajipur,Bihar,VAISHALI,Ganga,Gandak,25.689722222222223,85.19611111111111,"Lower Ganga Division-II(LGD-II), Patna",Level
Devliya Khurd,Rajasthan,AJMER,Ganga,Dai,26.018055555555556,75.24972222222222,"Chambal Division(CD), Jaipur",Base
AMBARAMPALAYAM,Tamil Nadu,Coimbatore,West flowing rivers from Tadri to Kanyakumari,Aliyar,10.631388888888889,76.94611111111111,"Southern River Division(SRD), Coimbatore",Base
Polaguri,Assam,MARIGAON,Brahmaputra,Brahmaputra,26.434444444444445,92.31222222222222,"Middle Brahmaputra Division (MBD), Guwahati",Base
Moradabad,Uttar Pradesh,MORADABAD,Ganga,Ramganga,28.826666666666668,78.79833333333333,"Middle Ganga Division-II(MGD-II), Lucknow",Level
Galudih Barrage,Jharkhand,PASHCHIMI SINGHBHUM,Subernarekha,Subarnarekha,22.645,86.3963888888889,"Eastern Rivers Division(ERD), Bhubaneswar",Inflow
Lakheri,Rajasthan,BUNDI,Ganga,Mej,25.61888888888889,76.19416666666667,"Chambal Division(CD), Jaipur",Base
Kamtaul,Bihar,DARBHANGA,Ganga,Adhwara,26.35388888888889,85.80638888888889,"Lower Ganga Division-I(LGD-I), Patna",Level
Pagladiya N T Road Crossing,Assam,NALBARI,Brahmaputra,Pagladiya,26.45040277777778,91.45980277777778,"Middle Brahmaputra Division (MBD), Guwahati",Level
Gumadighat,Uttar Pradesh,BALRAMPUR,Ganga,Kwano,27.273055555555555,82.25833333333334,"Middle Ganga Division-I(MGD-I), Lucknow",Base
PIMPRI,Maharashtra,Jalgaon,Tapi,Tapi,21.128333333333334,75.66722222222222,"Executive Engineer, Tapi Division, Surat",Base
HOGENAKKAL,Tamil Nadu,Dharmapuri,Cauvery,Chinnar,12.121111111111112,77.78194444444445,"Southern River Division(SRD), Coimbatore",Base
Aklera,Rajasthan,JHALAWAR,Ganga,Parwan,24.429722222222225,76.60388888888889,"Chambal Division(CD), Jaipur",Base
MURKONGSELEK,Assam,DHEMAJI,Brahmaputra,Siang,27.778888888888886,95.29083333333332,"Upper Brahmaputra Division (UBD), Dibrugarh",Base
Gopalpur,Odisha,SUNDARGARH,Mahanadi,Basundhara,22.053055555555556,83.70333333333333,"Mahanadi Division(MD), Burla",Base
NANDRE,Maharashtra,Sangli,Krishna,Yerala,16.949166666666667,74.52972222222222,"Upper Krishna Division(UKD), Pune",Base
Hetimpur,Uttar Pradesh,DEORIA,Ganga,Little Gandak,26.736944444444447,83.83305555555555,"Middle Ganga Division-I(MGD-I), Lucknow",Base
Shaladang,West Bengal,COOCH BEHAR,Brahmaputra,Torsa,26.301111111111112,89.58472222222221,"Lower Brahmaputra Division (LBD), Jalpaiguri",Base
LOHARA,Maharashtra,Buldana,Tapi,Mun,20.81638888888889,76.76388888888889,"Executive Engineer, Tapi Division, Surat",Base
Nellore CWC,Andhra Pradesh,NELLORE,Pennar,Pennar,14.470277777777778,79.9888888888889,"Hydrology Division(HD),Chennai",Level
SARVA,Madhya Pradesh,BHIND,Ganga,Pana,26.40222222222222,78.31888888888888,"Lower Yamuna Division(LYD), Agra",Base
Kudalaiyathur,Tamil Nadu,Cuddalore,East flowing rivers between Pennar and Kanyakumari,Vellar,11.422222222222222,79.47222222222223,"Hydrology Division(HD),Chennai",Base
Ambaji,Gujarat,Banaskantha,West flowing rivers of Kutch and Saurashtra including Luni,Banas,24.323888888888888,72.8611111111111,"Executive Engineer, Mahi Divison, Gandhinagar",Base
DOMOHANI,West Bengal,JALPAIGURI,Brahmaputra,Teesta,26.56277777777778,88.76166666666667,"Lower Brahmaputra Division (LBD), Jalpaiguri",Level
Banka,Bihar,BANKA,Ganga,Chandan,24.886388888888888,86.93416666666667,"Lower Ganga Division-II(LGD-II), Patna",Base
Raysi,Uttarakhand,Haridwar,Ganga,Banganga,29.695,78.05944444444444,"Himalayan Ganga Division,Haridwar",Base
PULIKUKKU,Karnataka,Dakshin Kannada,West flowing rivers from Tadri to Kanyakumari,Kumaradhara,12.71111111111111,75.46916666666667,"Southern Western River Division(SWRD), Kochi",Base
Malkhed,Karnataka,Kalaburagi,Krishna,Kagina,17.203333333333333,77.1563888888889,"Lower Krishna Division(LKD), Hyderabad",Base
Jhanjharpur,Bihar,MADHUBANI,Ganga,Kamalabalan,26.22694444444444,86.25611111111111,"Lower Ganga Division-I(LGD-I), Patna",Level
BURHANPUR,Madhya Pradesh,RAJGARH,Tapi,Tapi,21.298333333333336,76.23611111111111,"Executive Engineer, Tapi Division, Surat",Base
Bishunpur,Bihar,DARBHANGA,Ganga,Bagmati,26.0325,85.81472222222222,"Lower Ganga Division-I(LGD-I), Patna",Base
MOORANG,Himachal Pradesh,KINNAUR,Indus,Satluj,31.605833333333333,78.43611111111112,"Snow Hydrology Division(SHD), Shimla",Base
MADHUBAN DAM,Gujarat,Valsad,West flowing rivers from Tapi to Tadri,Daman Ganga,20.19,73.06,"Executive Engineer, Tapi Division, Surat",Inflow
BARMUL,Odisha,CUTTACK,,,20.503055555555555,84.89027777777778,"Mahanadi Division(MD), Burla",Base
KATWA,West Bengal,PURBA BARDHAMAN,Ganga,Bhagirathi-II (WB)*,23.648777777777777,88.14046111111112,"Lower Ganga Division III(LGD-III), Berhampore",Base
Nasik,Maharashtra,Nashik,Godavari,Godavari,20.001944444444444,73.80333333333333,"Upper Godavari Division(UGD), Hyderabad",Level
Singavaram,Andhra Pradesh,ANANTAPUR,Pennar,Chitravathi,14.597777777777779,78.01333333333334,"Hydrology Division(HD),Chennai",Base
Barkisuriya,Jharkhand,GIRIDIH,Ganga,Barakar,24.221944444444443,85.90111111111112,"Damodar Division(DD), Asansol",Base
KHARIDWAR,West Bengal,PURULIYA,Ganga,Kumari,23.000694444444445,86.63944444444445,"Damodar Division(DD), Asansol",Base
SITAMARHI,Uttar Pradesh,SANT RAVIDAS NAGAR,Ganga,Ganga,25.27722222222222,82.28722222222223,"Middle Ganga Division-III(MGD-III), Varanasi",Base
Tufanganj,West Bengal,COOCH BEHAR,Brahmaputra,Raidak-I,26.308611111111112,89.68194444444445,"Lower Brahmaputra Division (LBD), Jalpaiguri",Level
Abna at Khandwa,Madhya Pradesh,Khandwa,Narmada,Narmada,21.813055555555557,76.325,"Narmada Division(ND), Bhopal",Base
Malaprabha Dam,Karnataka,Belgaum,Krishna,Malaprabha,15.821408333333332,75.09671388888889,"Cauvery Division, Bangaluru",Inflow
Sihthangpui,Mizoram,LAWNGTLAI,Minor rivers draining into Myanmar and Bangladesh,Kolodyne,22.42361111111111,92.94269444444444,"North Eastern Investigation Division-II, Aizawal",Base
Swaroopganj,Rajasthan,SIROHI,West flowing rivers of Kutch and Saurashtra including Luni,Banas,24.663055555555555,72.91277777777778,"Executive Engineer, Mahi Divison, Gandhinagar",Base
Penneswaramadam,Tamil Nadu,Krishnagiri,East flowing rivers between Pennar and Kanyakumari,Ponnaiyar,12.395555555555555,78.24583333333334,"Hydrology Division(HD),Chennai",Base
Namsai,Arunachal Pradesh,Namsai,Brahmaputra,Nao Dehing,27.635555555555555,95.84805555555555,"Upper Brahmaputra Division (UBD), Dibrugarh",Level
Ratanpuri,Uttar Pradesh,MUZAFFARNAGAR,Ganga,Kali,29.273055555555555,77.6,"Upper Yamuna Division(UYD), New Delhi",Base
Doomdooma,Assam,TINSUKIA,Brahmaputra,Dibru,27.5675,95.55027777777778,"Upper Brahmaputra Division (UBD), Dibrugarh",Base
SUNDARPUR,West Bengal,MURSHIDABAD,Ganga,Mayurakshi,23.88111111111111,87.94194444444445,"Damodar Division(DD), Asansol",Base
Sardar Sarovar Project_Gujarat Reservoir,Gujarat,Narmada,Narmada,Narmada,21.82472222222222,73.74166666666667,"Executive Engineer, Tapi Division, Surat",Inflow
Arsadpur,Uttar Pradesh,GHAZIPUR,Ganga,Maghai,25.666666666666668,83.55416666666666,"Middle Ganga Division-III(MGD-III), Varanasi",Base
Kiwaibalenga (Bawardhi),Chhattisgarh,KONDAGAON,Godavari,Bawardhi,19.64472222222222,81.55138888888888,"Lower Godavari Division(LGD), Hyderabad",Base
Belkund at Ghughra,Madhya Pradesh,JABALPUR,Narmada,Narmada,23.486666666666668,80.19638888888889,"Narmada Division(ND), Bhopal",Base
Keolari,Madhya Pradesh,SEONI,Godavari,Wainganga,22.38138888888889,79.89972222222222,"Wainganga Division(WD), Nagpur",Base
PARAMAKUDI,Tamil Nadu,Ramanathapuram,East flowing rivers between Pennar and Kanyakumari,Vaigai,9.553333333333335,78.58638888888889,"Southern River Division(SRD), Coimbatore",Base
Chakrar at Gadasarai,Madhya Pradesh,DINDORI,Narmada,Narmada,22.82638888888889,81.32444444444444,"Narmada Division(ND), Bhopal",Base
Diprang Gaon,Assam,MARIGAON,Brahmaputra,Kopili,26.17638888888889,92.08638888888889,"Middle Brahmaputra Division (MBD), Guwahati",Base
PALASIPARA (SEASONAL),West Bengal,NADIA,Ganga,Jalangi,23.79416666666667,88.41805555555555,"Lower Ganga Division III(LGD-III), Berhampore",Base
KUNIYIL,Kerala,MALAPPURAM,West flowing rivers from Tapi to Tadri,Chaliyar,11.239444444444443,76.02333333333333,"Southern Western River Division(SWRD), Kochi",Base
Gandhighat,Bihar,PATNA,Ganga,Ganga,25.623333333333335,85.17111111111112,"Lower Ganga Division-II(LGD-II), Patna",Level
Khairmal,Odisha,BAUDH,Mahanadi,Mahanadi,20.828333333333333,83.98,"Mahanadi Division(MD), Burla",Base
Krishnai,Assam,GOALPARA,Brahmaputra,Krishnai,26.02722222222222,90.66944444444445,"Middle Brahmaputra Division (MBD), Guwahati",Base
Kolhachak,Bihar,PATNA,Ganga,Dhardha,25.35138888888889,85.0936111111111,"Lower Ganga Division-II(LGD-II), Patna",Base
THIRUVARAMBU,Tamil Nadu,Kanyakumari,West flowing rivers from Tadri to Kanyakumari,Kodaiyar,8.364166666666666,77.25888888888889,"Southern Western River Division(SWRD), Kochi",Base
MAIGHAT,Uttar Pradesh,JAUNPUR,Ganga,Gomti,25.63888888888889,82.8611111111111,"Middle Ganga Division-III(MGD-III), Varanasi",Base
ELCHIREDDYPALLI (Peddavagu),Telangana,BHADRADRI,Godavari,Peddavagu,18.040555555555557,80.715,"Lower Godavari Division(LGD), Hyderabad",Base
Kurula,Odisha,GANJAM,East flowing rivers between Mahanadi and Pennar,Godahada,19.454166666666666,84.70472222222223,"Eastern Rivers Division(ERD), Bhubaneswar",Base
CHITRANJAN,West Bengal,PASCHIM BARDHAMAN,Ganga,Ajoy,23.873055555555556,86.93027777777779,"Damodar Division(DD), Asansol",Base
Tumnar (Dantewara),Chhattisgarh,DANTEWADA,Godavari,Dantewara,19.01222222222222,81.2325,"Lower Godavari Division(LGD), Hyderabad",Base
Jotasan,Gujarat,Sabarkantha,Sabarmati,Wakal,24.355555555555558,73.16805555555555,"Executive Engineer, Mahi Divison, Gandhinagar",Base
SATNA,Madhya Pradesh,SATNA,Ganga,Tons,24.54888888888889,80.90666666666667,"Middle Ganga Division-III(MGD-III), Varanasi",Base
BODELI,Gujarat,Vadodara,Narmada,Orsang,22.265,73.72722222222222,"Executive Engineer, Tapi Division, Surat",Base
Villupuram,Tamil Nadu,Viluppuram,East flowing rivers between Pennar and Kanyakumari,Ponnaiyar,11.870555555555557,79.45944444444444,"Hydrology Division(HD),Chennai",Base
D/S HOSHANGABAD,Madhya Pradesh,SEHORE,Narmada,Narmada,22.7575,77.68805555555556,"Narmada Division(ND), Bhopal",Base
Desangpani,Assam,Charaideo,Brahmaputra,Desang,27.046666666666667,94.91222222222223,"Upper Brahmaputra Division (UBD), Dibrugarh",Base
Hiran at Singaldeep,Madhya Pradesh,JABALPUR,Narmada,Hiran,23.38611111111111,79.9088888888889,"Narmada Division(ND), Bhopal",Base
Kantamal,Odisha,BAUDH,Mahanadi,Tel,20.654999999999998,83.7275,"Mahanadi Division(MD), Burla",Base
PULAMANTHOLE,Kerala,PALAKKAD,West flowing rivers from Tadri to Kanyakumari,Pulanthodu,10.898055555555555,76.19194444444445,"Southern Western River Division(SWRD), Kochi",Base
MURAPPANADU,Tamil Nadu,Tuticorin,East flowing rivers between Pennar and Kanyakumari,Thambraparani,8.714444444444444,77.835,"Southern River Division(SRD), Coimbatore",Base
Sikandarpur (Muzzafarpur),Bihar,MUZAFFARPUR,Ganga,Burhi Gandak,26.142777777777777,85.3761111111111,"Lower Ganga Division-I(LGD-I), Patna",Level
V.Kallathur,Tamil Nadu,Perambalur,East flowing rivers between Pennar and Kanyakumari,Sweta,11.4025,78.92972222222222,"Hydrology Division(HD),Chennai",Base
VELDA,Gujarat,Surat,Tapi,Tapi,21.479166666666664,74.14361111111111,"Executive Engineer, Tapi Division, Surat",Base
Head Sirhind Feeder Mallawala,Punjab,FEROZEPUR,Indus,Beas,31.02722222222222,74.85055555555554,Executive Engineer-I/ NHP BBMB Chandigarh,Base
Denwa at Matkuli,Madhya Pradesh,HOSHANGABAD,Narmada,Narmada,22.584444444444443,78.46000000000001,"Narmada Division(ND), Bhopal",Base
Massanjore Dam,Jharkhand,DUMKA,Ganga,Mayurakshi,24.10638888888889,87.30722222222222,"Damodar Division(DD), Asansol",Inflow
ETALIN,Arunachal Pradesh,DIBANG VALLEY,Brahmaputra,Nao Dehing,28.60888888888889,95.86972222222222,"Upper Brahmaputra Division (UBD), Dibrugarh",Base
Mohammad Ganj,Jharkhand,PALAMAU,Ganga,North_Koel,24.430833333333336,83.86222222222221,"Lower Ganga Division-II(LGD-II), Patna",Base
Harike Headworks_BBMB,Punjab,FARIDKOT,Indus,-,31.1427777777778,74.9488888888889,Executive Engineer-I/ NHP BBMB Chandigarh,Base
Gahampai,Assam,Dima Hasao,Brahmaputra,Kopili,25.804166666666667,92.93916666666667,"Middle Brahmaputra Division (MBD), Guwahati",Base
Duddhi,Uttar Pradesh,SONBHADRA,Ganga,Kanhar,24.224166666666665,83.26972222222223,"Middle Ganga Division-III(MGD-III), Varanasi",Base
Lowara,Gujarat,Bhavnagar,West flowing rivers of Kutch and Saurashtra including Luni,Shetrunji,21.44388888888889,71.56027777777777,"Executive Engineer, Mahi Divison, Gandhinagar",Base
Pilibhit,Uttar Pradesh,PILIBHIT,Ganga,Deoha,28.618055555555557,79.79166666666667,"Middle Ganga Division-II(MGD-II), Lucknow",Base
Surat,Gujarat,Surat,Tapi,Tapi,21.2,72.82,"Executive Engineer, Tapi Division, Surat",Level
Renuka Ji,Himachal Pradesh,SIRMAUR,Ganga,Giri,30.604444444444447,77.44111111111111,"Upper Yamuna Division(UYD), New Delhi",Base
BELUR,Karnataka,Hassan,Cauvery,Yagachi,13.169722222222221,75.87194444444444,"Cauvery Division, Bangaluru",Base
Kakardhari,Uttar Pradesh,SHRAWASTI,Ganga,Rapti,27.89527777777778,81.77444444444444,"Middle Ganga Division-I(MGD-I), Lucknow",Level
Rengali D/S,Odisha,ANUGUL,Brahmani and Baitarni,Brahmani,21.273055555555555,85.03055555555555,"Eastern Rivers Division(ERD), Bhubaneswar",Base
Sip at Dholpur,Madhya Pradesh,SEHORE,Narmada,Narmada,22.60638888888889,77.19611111111111,"Narmada Division(ND), Bhopal",Base
BARCHA,Uttar Pradesh,BANDA,Ganga,Baghain,25.139444444444443,80.47833333333334,"Lower Yamuna Division(LYD), Agra",Base
Nandprayag,Uttarakhand,Chamoli,Ganga,Alaknanda,30.33111111111111,79.30944444444444,"Himalayan Ganga Division,Haridwar",Base
PANGKHUAH,Mizoram,LAWNGTLAI,Minor rivers draining into Myanmar and Bangladesh,Kolodyne,22.791111111111114,93.09777777777778,"North Eastern Investigation Division-II, Aizawal",Base
Chakaliya,Gujarat,Dohad,Mahi,Anas,23.051944444444445,74.31972222222223,"Executive Engineer, Mahi Divison, Gandhinagar",Base
Paderdibadi,Rajasthan,DUNGARPUR,Mahi,Mahi,23.76638888888889,74.13388888888889,"Executive Engineer, Mahi Divison, Gandhinagar",Base
Gudari,Odisha,RAYAGADA,East flowing rivers between Mahanadi and Pennar,Vamsadhara,19.404444444444444,83.76638888888888,"Eastern Rivers Division(ERD), Bhubaneswar",Base
Motipur,Uttar Pradesh,Lakhimpur Kheri,Ganga,Suheli,28.348333333333333,80.92083333333333,"Middle Ganga Division-I(MGD-I), Lucknow",Base
Kakripara,Assam,South Salmara-Mankachar,Brahmaputra,Jinjiram,25.511944444444445,89.87222222222222,"Middle Brahmaputra Division (MBD), Guwahati",Base
Mandi_BBMB,Himachal Pradesh,MANDI,Indus,Beas,31.7130555555556,76.9333333333333,Executive Engineer-I/ NHP BBMB Chandigarh,Base
Numaligarh,Assam,GOLAGHAT,Brahmaputra,Dhansiri (South),26.63138888888889,93.73111111111112,"Upper Brahmaputra Division (UBD), Dibrugarh",Level
Kinjer,Bihar,ARWAL,Ganga,Punpun,25.218055555555555,84.82583333333334,"Lower Ganga Division-II(LGD-II), Patna",Base
Gudha Dam,Madhya Pradesh,SHAJAPUR,Ganga,Mej,25.489444444444445,75.46722222222222,"Chambal Division(CD), Jaipur",Inflow
Daroli,Himachal Pradesh,KANGRA,Indus,Beas,31.829166666666666,76.2625,"Snow Hydrology Division(SHD), Shimla",Base
Salandi Reservoir,Odisha,KENDUJHAR,Brahmani and Baitarni,Baitarani,21.279999999999998,86.3,"Eastern Rivers Division(ERD), Bhubaneswar",Inflow
KHOLWAD(KATHORE),Gujarat,Surat,Tapi,Tapi,21.284722222222225,72.95055555555555,"Executive Engineer, Tapi Division, Surat",Base
KULSI,Assam,KAMRUP,Brahmaputra,Kulsi,25.979166666666664,91.38583333333334,"Middle Brahmaputra Division (MBD), Guwahati",Base
PUDUR,Kerala,PALAKKAD,West flowing rivers from Tadri to Kanyakumari,Kannadipuzha,10.777500000000002,76.51222222222222,"Southern Western River Division(SWRD), Kochi",Base
Miao,Arunachal Pradesh,CHANGLANG,Brahmaputra,Nao Dehing,27.49361111111111,96.21916666666667,"Upper Brahmaputra Division (UBD), Dibrugarh",Base
Padampur,Odisha,BARGARH,Mahanadi,Ong,21.015833333333333,83.10305555555556,"Mahanadi Division(MD), Burla",Base
Indo-Nepal Border (Bhutahi),Bihar,SITAMARHI,Ganga,Ganga,26.698611111111113,85.5411111111111,"Lower Ganga Division-I(LGD-I), Patna",Base
Surajgarh,Chhattisgarh,RAIGARH,Mahanadi,Mahanadi,21.69361111111111,83.37722222222222,"Mahanadi Division(MD), Burla",Base
NALLAMARANPATTY,Tamil Nadu,Karur,Cauvery,Amaravathi,10.880833333333333,77.98472222222222,"Southern River Division(SRD), Coimbatore",Base
Jawali_BBMB,Himachal Pradesh,KANGRA,Indus,-,32.1466666666667,76.0244444444444,Executive Engineer-I/ NHP BBMB Chandigarh,Base
Samastipur,Bihar,SAMASTIPUR,Ganga,Burhi Gandak,25.860833333333336,85.80499999999999,"Lower Ganga Division-I(LGD-I), Patna",Level
Pauni,Maharashtra,Bhandara,Godavari,Wainganga,20.795,79.64944444444446,"Wainganga Division(WD), Nagpur",Level
REWA,Madhya Pradesh,REWA,Ganga,Tons,24.774444444444445,81.25972222222222,"Middle Ganga Division-III(MGD-III), Varanasi",Base
Koyna,Maharashtra,Satara,Krishna,Koyna,17.4,73.75,"Upper Krishna Division(UKD), Pune",Inflow
SAYGAON,Maharashtra,Jalgaon,Tapi,-,20.50777777777778,74.795,"Executive Engineer, Tapi Division, Surat",Base
MURUMSILLI,Chhattisgarh,DHAMTARI,Mahanadi,-,20.611111111490164,81.68166666636755,"Mahanadi Division(MD), Burla",Base
Chauhan Patti,Uttar Pradesh,KUSHINAGAR,Ganga,Ghaghi,26.699444444444445,83.98777777777778,"Middle Ganga Division-I(MGD-I), Lucknow",Base
CHILLAGHAT,Uttar Pradesh,BANDA,Ganga,Yamuna,25.771666666666665,80.53,"Lower Yamuna Division(LYD), Agra",Level
KALLIDAIKURICHHI,Tamil Nadu,Tirunelveli,East flowing rivers between Pennar and Kanyakumari,Tambraparani,8.693333333333333,77.46583333333334,"Southern River Division(SRD), Coimbatore",Base
Sandi,Uttar Pradesh,HARDOI,Ganga,Deoha,27.271666666666665,79.95,"Middle Ganga Division-II(MGD-II), Lucknow",Base
Patacharkuchi,Assam,BARPETA,Brahmaputra,-,26.505,91.23666666666666,"Middle Brahmaputra Division (MBD), Guwahati",Base
Koteshwar,Uttarakhand,Tehri Garhwal,Ganga,Bhagirathi,30.265777777777778,78.50313888888888,"Himalayan Ganga Division,Haridwar",Base
Premnagar,Jammu & Kashmir,DODA,Indus,Chenab,33.15555555555555,75.70361111111112,"Chenab Division(CD), Jammu",Base
ARANGALI,Kerala,THRISSUR,West flowing rivers from Tadri to Kanyakumari,Chalakudy,10.286111111111111,76.32222222222222,"Southern Western River Division(SWRD), Kochi",Base
HANSKHALI,West Bengal,NADIA,Ganga,Churni,23.35777777777778,88.6086111111111,"Lower Ganga Division III(LGD-III), Berhampore",Base
Maniram,Uttar Pradesh,GORAKHPUR,Ganga,Rohin,26.852777777777778,83.3261111111111,"Middle Ganga Division-I(MGD-I), Lucknow",Base
Narmada at Maalpur,Madhya Pradesh,DINDORI,Narmada,Narmada,23.05638888888889,80.83722222222222,"Narmada Division(ND), Bhopal",Base
Adityapur,Jharkhand,PASHCHIMI SINGHBHUM,Subernarekha,Karkari,22.79138888888889,86.17361111111111,"Eastern Rivers Division(ERD), Bhubaneswar",Base
Ropa,Himachal Pradesh,KINNAUR,Indus,Ropa Khad,31.799722222222226,78.415,"Snow Hydrology Division(SHD), Shimla",Base
Cholachagudda,Karnataka,Bagalkote,Krishna,Malaprabha,15.872222222222224,75.72333333333333,"Cauvery Division, Bangaluru",Base
Jalalpur,Uttar Pradesh,JAUNPUR,Ganga,Sai,25.630277777777778,82.75666666666666,"Middle Ganga Division-III(MGD-III), Varanasi",Base
Dummagudem,Telangana,BHADRADRI,Godavari,Godavari,17.852500000000003,80.88,"Lower Godavari Division(LGD), Hyderabad",Level
Balighat,Assam,LAKHIMPUR,Brahmaputra,Subansiri,27.111944444444447,94.155,"Upper Brahmaputra Division (UBD), Dibrugarh",Base
Paliganj,Bihar,PATNA,Ganga,Sone,25.32138888888889,84.72305555555556,"Lower Ganga Division-II(LGD-II), Patna",Base
Purwamir,Uttar Pradesh,KANPUR NAGAR,Ganga,Pandu,26.199444444444445,80.5375,"Middle Ganga Division-II(MGD-II), Lucknow",Base
Palwa,Madhya Pradesh,UJJAIN,Ganga,Chamla,23.163888888888888,75.40972222222223,"Chambal Division(CD), Jaipur",Base
UDAIPUR,Himachal Pradesh,LAHUL and SPITI,Indus,Chander Bhaga,32.721805555555555,76.66280555555556,"Snow Hydrology Division(SHD), Shimla",Base
Chotabekra,Manipur,IMPHAL EAST,Barak and Others,Barak,24.68027777777778,93.10249999999999,"Meghna Investigation Division(MID), Shillong",Base
Narmada at Naseerabad,Madhya Pradesh,HOSHANGABAD,Narmada,Narmada,22.8275,77.97805555555556,"Narmada Division(ND), Bhopal",Base
SEVOKE,West Bengal,DARJILING,Brahmaputra,Teesta,26.88,88.47277777777778,"Lower Brahmaputra Division (LBD), Jalpaiguri",Base
Mawi,Uttar Pradesh,SHAMLI,Ganga,Yamuna,29.3825,77.15444444444445,"Upper Yamuna Division(UYD), New Delhi",Level
Suklai,Assam,Baksa,Brahmaputra,Suklai,26.65373333333333,91.71483888888889,"Middle Brahmaputra Division (MBD), Guwahati",Base
Warunji,Maharashtra,Satara,Krishna,Koyna,17.272777777777776,74.16472222222222,"Upper Krishna Division(UKD), Pune",Base
BANPUR,West Bengal,NADIA,Ganga,Mathabhanga,23.453611111111112,88.75194444444445,"Lower Ganga Division III(LGD-III), Berhampore",Base
Gumrabazar,Assam,CACHAR,Barak and Others,-,24.97694444444444,92.51833333333333,"Meghna Investigation Division(MID), Shillong",Base
Chousa,Bihar,BUXAR,Ganga,Karamnasa,25.50027777777778,83.87888888888888,"Middle Ganga Division-III(MGD-III), Varanasi",Base
MADIKERI,Karnataka,Kodagu,Cauvery,Cauvery,12.42611111111111,75.72944444444444,"Cauvery Division, Bangaluru",Base
Raebareli,Uttar Pradesh,Raibareli,Ganga,Sai,26.198611111111113,81.25111111111111,"Middle Ganga Division-II(MGD-II), Lucknow",Level
UNNAO BALAJI,Madhya Pradesh,DATIA,Ganga,Pahuj,25.5625,78.59277777777777,"Lower Yamuna Division(LYD), Agra",Base
KOLLEGAL,Karnataka,Chamarajanagara,Cauvery,Cauvery,12.189444444444444,77.10194444444444,"Cauvery Division, Bangaluru",Base
Jogisakhra,Maharashtra,Gadchiroli,Godavari,Gadvi,20.49527777777778,80.02111111111111,"Wainganga Division(WD), Nagpur",Base
Juddo Dam,Uttarakhand,Dehradun,Yamuna Basin,Yamuna,30.516666666666666,77.88333333333334,"Upper Yamuna Division(UYD), New Delhi",Inflow
Gunderdehi,Chhattisgarh,BALOD,Mahanadi,Tandula,20.953888888888887,81.295,"Mahanadi Division(MD), Burla",Base
Kalpadai,Tamil Nadu,Kallakurichi,East flowing rivers between Pennar and Kanyakumari,Gomukha,11.787222222222223,78.78666666666666,"Hydrology Division(HD),Chennai",Base
T.K.HALLI,Karnataka,Mandya,Cauvery,Shimsha,12.411944444444444,77.19277777777778,"Cauvery Division, Bangaluru",Base
Batane,Jharkhand,PALAMAU,Ganga,Batane,24.42,84.26,"Lower Ganga Division-II(LGD-II), Patna",Inflow
Lakhisarai,Bihar,LAKHISARAI,Ganga,Kiul,25.184722222222224,86.10194444444444,"Lower Ganga Division-II(LGD-II), Patna",Base
Kuldah Bridge,Madhya Pradesh,SIDHI,Ganga,Sone,24.410833333333333,81.70416666666667,"Middle Ganga Division-III(MGD-III), Varanasi",Base
Khadda,Uttar Pradesh,KUSHINAGAR,Ganga,Gandak,27.230833333333333,83.8761111111111,"Lower Ganga Division-I(LGD-I), Patna",Level
MADAPURA,Karnataka,Kodagu,Cauvery,Harangi,12.506944444444445,75.67416666666666,"Cauvery Division, Bangaluru",Base
Tuirial,Mizoram,AIZAWL,Barak and Others,Sonai,23.71833333333333,92.79972222222221,"Meghna Division(MD), Silchar",Base
New Motipur,Uttar Pradesh,Lakhimpur Kheri,Ganga,Suheli,28.264166666666668,81.04833333333333,"Middle Ganga Division-I(MGD-I), Lucknow",Base
Tadipatri,Andhra Pradesh,ANANTAPUR,Pennar,Pennar,14.921944444444444,78.01638888888888,"Hydrology Division(HD),Chennai",Base
Yashwant Nagar,Himachal Pradesh,SIRMAUR,Ganga,Giri,30.88222222222222,77.20944444444444,"Upper Yamuna Division(UYD), New Delhi",Base
Kasganj,Uttar Pradesh,KASGANJ,Ganga,Kali,27.78777777777778,78.62527777777777,"Middle Ganga Division-II(MGD-II), Lucknow",Base
THIMMANAHALLI,Karnataka,Hassan,Cauvery,Yagachi,12.985277777777776,76.03777777777778,"Cauvery Division, Bangaluru",Base
Ankinghat,Uttar Pradesh,KANPUR NAGAR,Ganga,Ganga,26.93305555555556,80.03277777777778,"Middle Ganga Division-II(MGD-II), Lucknow",Level
Aglarpul,Uttarakhand,Tehri Garhwal,Ganga,Aglar,30.514444444444443,77.99972222222222,"Upper Yamuna Division(UYD), New Delhi",Base
ARKKANNUR,Kerala,Kollam,West flowing rivers from Tadri to Kanyakumari,Ithikkara,8.8725,76.84666666666666,"Southern Western River Division(SWRD), Kochi",Base
Sairang,Mizoram,AIZAWL,Barak and Others,Dhaleswari,23.811944444444446,92.65,"Meghna Division(MD), Silchar",Base
Haridwar,Uttarakhand,Haridwar,Ganga,Ganga,29.975638888888888,78.18752777777779,"Himalayan Ganga Division,Haridwar",Level
KORA-OLD,Uttar Pradesh,FATEHPUR,Ganga,Rind,26.10611111111111,80.38388888888889,"Lower Yamuna Division(LYD), Agra",Base
Ramnagar Bagha,Uttar Pradesh,Lakhimpur Kheri,Ganga,Ghagra,28.156666666666666,81.0925,"Middle Ganga Division-I(MGD-I), Lucknow",Base
Gosikhurd Dam,Maharashtra,Bhandara,Godavari,Wainganga,20.871944444444445,79.60388888888889,"Wainganga Division(WD), Nagpur",Inflow
NATHPA,Himachal Pradesh,KINNAUR,Indus,Satluj,31.566111111111113,77.96555555555555,"Snow Hydrology Division(SHD), Shimla",Base
Hisua,Bihar,NAWADA,Ganga,Ganga,24.849722222222223,85.4675,"Lower Ganga Division-II(LGD-II), Patna",Base
Bhitaura,Uttar Pradesh,FATEHPUR,Ganga,Ganga,26.041944444444447,80.85944444444443,"Middle Ganga Division-II(MGD-II), Lucknow",Base
MADLA,Madhya Pradesh,PANNA,Ganga,Ken,24.732499999999998,80.00694444444444,"Lower Yamuna Division(LYD), Agra",Base
TESKA,Madhya Pradesh,BETUL,Tapi,Tapi,21.815,77.77361111111111,"Executive Engineer, Tapi Division, Surat",Base
Ranapratap Sagar Reservoir,Rajasthan,CHITTORGARH,Ganga,Chambal,24.92,75.58,"Chambal Division(CD), Jaipur",Inflow
Sivasagar,Assam,SIVSAGAR,Brahmaputra,Dikhow,26.981666666666666,94.57916666666667,"Upper Brahmaputra Division (UBD), Dibrugarh",Level
MARKA,Uttar Pradesh,BANDA,Ganga,Yamuna,25.6875,80.85111111111111,"Lower Yamuna Division(LYD), Agra",Base
FARAKKA(HR),West Bengal,MURSHIDABAD,Ganga,Farakka_Feeder Canal,24.799166666666668,87.91638888888889,"Lower Ganga Division III(LGD-III), Berhampore",Base
BANGODAM RESERVOIR,Chhattisgarh,KORBA,Mahanadi,Hasdeo,22.59,82.57,"Mahanadi Division(MD), Burla",Inflow
Balotra,Rajasthan,BARMER,West flowing rivers of Kutch and Saurashtra including Luni,Luni,25.82361111111111,72.22333333333333,"Executive Engineer, Mahi Divison, Gandhinagar",Base
Kusumbil,Assam,KOKRAJHAR,Brahmaputra,-,26.41638888888889,90.11333333333333,"Middle Brahmaputra Division (MBD), Guwahati",Base
Dighaghat,Bihar,PATNA,Ganga,Ganga,25.647777777777776,85.06527777777778,"Lower Ganga Division-II(LGD-II), Patna",Level
Rangpo,Sikkim,GANGTOK DISTRICT,Brahmaputra,Rangpochu,27.171666666666667,88.52972222222222,"Lower Brahmaputra Division (LBD), Jalpaiguri",Base
BAZARSAU,West Bengal,MURSHIDABAD,Ganga,Babla,23.857222222222223,88.16583333333334,"Lower Ganga Division III(LGD-III), Berhampore",Base
Dantiwada Dam,Gujarat,Banaskantha,West flowing rivers of Kutch and Saurashtra including Luni,Banas,24.337777777777777,72.33916666666666,"Executive Engineer, Mahi Divison, Gandhinagar",Inflow
Annaraj Dam,Jharkhand,GARHWA,Ganga,North_Koel,24.05,83.81,"Lower Ganga Division-II(LGD-II), Patna",Inflow
Bhandara,Maharashtra,Bhandara,Godavari,Wainganga,21.149166666666666,79.66861111111112,"Wainganga Division(WD), Nagpur",Level
Mortakka,Madhya Pradesh,Khandwa,Narmada,Narmada,22.223055555555554,76.0436111111111,"Narmada Division(ND), Bhopal",Base
Anakapalli,Andhra Pradesh,VISAKHAPATNAM,East flowing rivers between Mahanadi and Pennar,Sarada,17.68888888888889,82.99638888888889,"Eastern Rivers Division(ERD), Bhubaneswar",Base
Bamni (Ballarsha),Maharashtra,Chandrapur,Godavari,Wardha,19.814444444444444,79.37916666666666,"Wainganga Division(WD), Nagpur",Level
Jawai Dam,Rajasthan,PALI,,,25.111111111111114,73.16111111111111,"Executive Engineer, Mahi Divison, Gandhinagar",Inflow
TANDI,Himachal Pradesh,LAHUL and SPITI,Indus,Bhaga,32.55027777777777,76.98,"Snow Hydrology Division(SHD), Shimla",Base
Keshdihi,Odisha,MAYURBHANJ,Brahmani and Baitarni,Baitarani,21.540833333333335,86.20111111111112,"Eastern Rivers Division(ERD), Bhubaneswar",Base
P.D. Jurala,Telangana,MAHBUBNAGAR,Krishna,Krishna,16.33,77.7,"Lower Krishna Division(LKD), Hyderabad",Inflow
THORESHETTAHALLI,Karnataka,Mandya,Cauvery,Shimsa,12.668333333333333,77.04055555555556,"Cauvery Division, Bangaluru",Base
Kadirganj,Bihar,NAWADA,Ganga,Harohar,24.912499999999998,85.5936111111111,"Lower Ganga Division-II(LGD-II), Patna",Base
Upper Kolab Dam,Odisha,KORAPUT,Godavari,Kalab,18.788611111111113,82.60083333333333,"Lower Godavari Division(LGD), Hyderabad",Inflow
Ranganadi NT Road crossing,Assam,LAKHIMPUR,Brahmaputra,Ranganadi,27.204166666666666,94.05972222222222,"Upper Brahmaputra Division (UBD), Dibrugarh",Level
Naraj,Odisha,CUTTACK,Mahanadi,Mahanadi,20.471666666666664,85.76555555555555,"Mahanadi Division(MD), Burla",Level
HATHNUR,Maharashtra,Jalgaon,Tapi,Tapi,21.07,75.95,"Executive Engineer, Tapi Division, Surat",Inflow
HAMIRPUR,Uttar Pradesh,HAMIRPUR,Ganga,Yamuna,25.960277777777776,80.1538888888889,"Lower Yamuna Division(LYD), Agra",Level
SAHIJINA,Uttar Pradesh,HAMIRPUR,Ganga,Betwa,25.94472222222222,80.15333333333334,"Lower Yamuna Division(LYD), Agra",Level
Machaigaon,Assam,SIVSAGAR,Brahmaputra,-,27.072222222222223,94.77388888888889,"Upper Brahmaputra Division (UBD), Dibrugarh",Base
Rajoli,Maharashtra,Chandrapur,Godavari,Mul,20.19361111111111,79.66611111111112,"Wainganga Division(WD), Nagpur",Base
Banjari,Bihar,ROHTAS,Ganga,Sone,24.665555555555553,83.99777777777778,"Lower Ganga Division-II(LGD-II), Patna",Base
Kumhari,Madhya Pradesh,BALAGHAT,Godavari,Wainganga,21.884444444444444,80.17527777777778,"Wainganga Division(WD), Nagpur",Base
Machna at Shahpur,Madhya Pradesh,BETUL,Narmada,Machna,22.19472222222222,77.89861111111112,"Narmada Division(ND), Bhopal",Base
Jeeraguda,Odisha,KORAPUT,Godavari,Kalab,18.949166666666667,82.40611111111112,"Lower Godavari Division(LGD), Hyderabad",Base
Kukea,Uttar Pradesh,Lakhimpur Kheri,Ganga,Mahakali/Sarda,28.1125,80.83361111111111,"Middle Ganga Division-I(MGD-I), Lucknow",Base
Jagdalpur,Chhattisgarh,BASTAR,Godavari,Indravathi,19.108055555555556,82.02277777777778,"Lower Godavari Division(LGD), Hyderabad",Level
GIRIDIH,Jharkhand,GIRIDIH,Ganga,Usri,24.176111111111112,86.3411111111111,"Damodar Division(DD), Asansol",Base
JANNEPALLY,Telangana,NIZAMABAD,Godavari,Poolanvagu,18.81361111111111,78.06333333333333,"Upper Godavari Division(UGD), Hyderabad",Base
Haidergarh,Uttar Pradesh,BARABANKI,Ganga,Gomti,26.65583333333333,81.34972222222221,"Middle Ganga Division-II(MGD-II), Lucknow",Base
Dhengraghat,Bihar,PURNIA,Ganga,Mahananda,25.850555555555555,87.80611111111111,"Lower Ganga Division-I(LGD-I), Patna",Level
Risiang,Meghalaya,West Khasi Hills,Minor rivers draining into Myanmar and Bangladesh,rishiang,25.50777777777778,91.19611111111111,"Meghna Investigation Division(MID), Shillong",Base
Kolar at Mahgaon,Madhya Pradesh,SEHORE,Narmada,Kolar,22.71333333333333,77.36611111111111,"Narmada Division(ND), Bhopal",Base
Karcham Wangtu PH_BBMB,Himachal Pradesh,CHAMBA,Indus,-,31.5447222222222,78.0108333333333,Executive Engineer-I/ NHP BBMB Chandigarh,Base
Machrewa at Bakori,Madhya Pradesh,NARSIMHAPUR,Narmada,Narmada,22.841944444444444,79.36194444444443,"Narmada Division(ND), Bhopal",Base
LAHCHURAGHAT,Uttar Pradesh,JHANSI,Ganga,Dhasan,25.333055555555557,79.28055555555555,"Lower Yamuna Division(LYD), Agra",Base
Munger,Bihar,MUNGER,Ganga,Ganga,25.37777777777778,86.4625,"Lower Ganga Division-II(LGD-II), Patna",Level
Ghodopipli,Haryana,YAMUNANAGAR,Ganga,Maskara,30.090555555555554,77.40833333333335,"Upper Yamuna Division(UYD), New Delhi",Base
HOMMARAGALLI,Karnataka,Mysore,Cauvery,Kabini,12.114166666666666,76.46305555555556,"Cauvery Division, Bangaluru",Base
Una,Gujarat,Gir Somnath,West flowing rivers of Kutch and Saurashtra including Luni,Machhundri,20.826944444444443,71.0475,"Executive Engineer, Mahi Divison, Gandhinagar",Base
Kanas (S),Odisha,PURI,Mahanadi,Daya,20.003888888888888,85.64361111111111,"Mahanadi Division(MD), Burla",Base
GIDHADE,Maharashtra,Dhule,Tapi,Tapi,21.294722222222223,74.80916666666667,"Executive Engineer, Tapi Division, Surat",Base
Mahua,Bihar,VAISHALI,Ganga,Gandak,25.8125,85.39277777777778,"Lower Ganga Division-II(LGD-II), Patna",Base
Potteru (Potteruvagu),Odisha,MALKANGIRI,Godavari,Potteru vagu,18.189444444444444,81.79805555555555,"Lower Godavari Division(LGD), Hyderabad",Base
Machak at Barangi,Madhya Pradesh,HARDA,Narmada,Narmada,22.21722222222222,76.94611111111111,"Narmada Division(ND), Bhopal",Base
Thal,Uttarakhand,Pithoragarh,Ganga,Ram Ganga,29.8275,80.14111111111112,"Middle Ganga Division-I(MGD-I), Lucknow",Base
Cherribeda (Bardha),Chhattisgarh,NARAYANPUR,Godavari,Bardha,19.645833333333332,81.48583333333333,"Lower Godavari Division(LGD), Hyderabad",Base
NARASIMHARAJAPURA,Karnataka,Chikkamagaluru,Krishna,Bhadra,13.607777777777777,75.50861111111111,"Cauvery Division, Bangaluru",Base
Baripada,Odisha,MAYURBHANJ,Subernarekha,Burhabalang,21.93111111111111,86.71861111111112,"Eastern Rivers Division(ERD), Bhubaneswar",Base
Kalmane,Karnataka,Shivamogga,Krishna,Tunga,13.652222222222223,75.17916666666667,"Cauvery Division, Bangaluru",Base
Muri,Jharkhand,RANCHI,Subernarekha,Subarnarekha,23.36888888888889,85.87527777777777,"Eastern Rivers Division(ERD), Bhubaneswar",Base
Fatehgarh,Uttar Pradesh,FARRUKHABAD,Ganga,Ganga,27.40138888888889,79.62305555555555,"Middle Ganga Division-II(MGD-II), Lucknow",Level
SEMARKHEDI,Madhya Pradesh,ASHOK NAGAR,Ganga,betwa,24.399722222222223,78.17805555555556,"Lower Yamuna Division(LYD), Agra",Base
Zamania,Uttar Pradesh,GHAZIPUR,Ganga,Karamnasa,25.3,83.52805555555555,"Lower Ganga Division-II(LGD-II), Patna",Base
Sonapur,Meghalaya,East Jaintia Hills,Barak and Others,Lubha,25.110555555555557,92.36277777777777,"Meghna Investigation Division(MID), Shillong",Base
Kalanaur,Uttar Pradesh,SAHARANPUR,Ganga,Yamuna,30.067777777777778,77.35388888888889,"Upper Yamuna Division(UYD), New Delhi",Base
Nandipalli,Andhra Pradesh,CUDDAPAH,Pennar,Sagileru,14.721111111111112,79.01888888888888,"Hydrology Division(HD),Chennai",Base
Dhurwa Dam,Jharkhand,RANCHI,Subernarekha,Gara,23.290000000000003,85.25277777777778,"Eastern Rivers Division(ERD), Bhubaneswar",Base
THIRUVATTAR,Tamil Nadu,Kanyakumari,West flowing rivers from Tadri to Kanyakumari,Paralayar,8.327777777777778,77.26694444444445,"Southern Western River Division(SWRD), Kochi",Base
Katigorah,Assam,CACHAR,Barak and Others,Katakhal,24.815833333333334,92.64972222222222,"Meghna Division(MD), Silchar",Base
Sahibganj,Jharkhand,Sahebganj,Ganga,Ganga,25.247777777777777,87.64916666666667,"Lower Ganga Division-II(LGD-II), Patna",Level
Sankhili Rd Bridge,Andhra Pradesh,SRIKAKULAM,East flowing rivers between Mahanadi and Pennar,Nagavali,18.569444444444443,83.7375,"Eastern Rivers Division(ERD), Bhubaneswar",Base
G.R.BRIDGE,Maharashtra,Parbhani,Godavari,Godavari,19.01638888888889,76.71638888888889,"Upper Godavari Division(UGD), Hyderabad",Base
Dumariaghat,Bihar,GOPALGANJ,Ganga,Gandak,26.35888888888889,84.74805555555555,"Lower Ganga Division-I(LGD-I), Patna",Level
Altuma,Odisha,DHENKANAL,Brahmani and Baitarni,Ramyala,20.930833333333336,85.51916666666666,"Eastern Rivers Division(ERD), Bhubaneswar",Base
Maner,Bihar,PATNA,Ganga,Sone,25.72722222222222,84.86805555555554,"Lower Ganga Division-II(LGD-II), Patna",Level
Anandpur,Odisha,KENDUJHAR,Brahmani and Baitarni,Baitarani,21.211111111111112,86.12055555555555,"Eastern Rivers Division(ERD), Bhubaneswar",Level
KOTTATHARA,Kerala,PALGHAT,Cauvery,Bhavani,11.123333333333333,76.67944444444444,"Southern River Division(SRD), Coimbatore",Base
LAKHPURI,Maharashtra,Amravati,Tapi,Purna,20.845555555555553,77.36055555555555,"Executive Engineer, Tapi Division, Surat",Base
Bhatpurwaghat,Uttar Pradesh,SITAPUR,Ganga,Gomti,27.191111111111113,80.8,"Middle Ganga Division-II(MGD-II), Lucknow",Base
CHEL,West Bengal,JALPAIGURI,Brahmaputra,Chel,26.8625,88.63611111111112,"Lower Brahmaputra Division (LBD), Jalpaiguri",Base
Mathabhanga,West Bengal,COOCH BEHAR,Brahmaputra,Jaldhaka,26.325277777777778,89.23444444444445,"Lower Brahmaputra Division (LBD), Jalpaiguri",Level
Choral at Barwah,Madhya Pradesh,Khargone,Narmada,Narmada,22.246111111111112,76.05166666666666,"Narmada Division(ND), Bhopal",Base
ANKUSHAPUR,Telangana,BHUPALPALLY,Godavari,Maner,18.352777777777778,79.63805555555557,"Upper Godavari Division(UGD), Hyderabad",Base
Mechuka,Arunachal Pradesh,WEST SIANG,Brahmaputra,Siyum,28.600555555555555,94.1463888888889,"Upper Brahmaputra Division (UBD), Dibrugarh",Base
Barabisha,West Bengal,ALIPURDUAR,Brahmaputra,Sankosh,26.47472222222222,89.7863888888889,"Lower Brahmaputra Division (LBD), Jalpaiguri",Base
Nagarjuna Sagar Dam,Telangana,NALGONDA,Krishna,Krishna,16.5,79.25,"Lower Krishna Division(LKD), Hyderabad",Inflow
Gotta Barrage,Andhra Pradesh,SRIKAKULAM,East flowing rivers between Mahanadi and Pennar,Vamsadhara,18.688055555555557,83.96388888888889,"Eastern Rivers Division(ERD), Bhubaneswar",Inflow
Gadarwara,Madhya Pradesh,NARSIMHAPUR,Narmada,Shakkar,22.92388888888889,78.79194444444444,"Narmada Division(ND), Bhopal",Base
Jaggaguda,Odisha,GAJAPATI,East flowing rivers between Mahanadi and Pennar,Nagavali,19.11138888888889,83.42416666666666,"Eastern Rivers Division(ERD), Bhubaneswar",Base
Sikti,Bihar,ARARIA,Ganga,Mahananda,26.410277777777775,87.44972222222222,"Lower Ganga Division-I(LGD-I), Patna",Base
MUNDALI(D/S),Odisha,CUTTACK,,,20.45,85.73972222222223,"Mahanadi Division(MD), Burla",Base
Tehri Dam,Uttarakhand,Tehri Garhwal,Ganga,Bhagirathi,30.37777777777778,78.47777777777777,"Himalayan Ganga Division,Haridwar",Inflow
KIDANGOOR,Kerala,KOTTAYAM,West flowing rivers from Tapi to Tadri,Meenachil,9.674999999999999,76.60277777777777,"Southern Western River Division(SWRD), Kochi",Base
Sarangpal,Chhattisgarh,KANKER,Mahanadi,Mahanadi,20.31407777777778,81.53305555555555,"Mahanadi Division(MD), Burla",Base
Madhira,Telangana,KHAMMAM,Krishna,Wyra,16.918055555555558,80.35888888888888,"Lower Krishna Division(LKD), Hyderabad",Base
Sundergarh,Odisha,SUNDARGARH,Mahanadi,Ib,22.11527777777778,83.39916666666667,"Mahanadi Division(MD), Burla",Base
KOLORIANG,Arunachal Pradesh,Kurung Kumey,Brahmaputra,Subansiri,27.898888888888887,93.34305555555555,"Upper Brahmaputra Division (UBD), Dibrugarh",Base
NAUKUCHIATAL,Uttarakhand,Nainital,Ganga,Bhakhra,29.318555555555555,79.58416666666666,"Executive Engineer, SPMU, IRI, Roorkee-247667",Base
YETIKOPPAKA,Andhra Pradesh,VISAKHAPATNAM,Ganga,varaha,17.488333333333333,82.74277777777777,"RO, WQL-2, DOWLAISWARAM",Base
Seohara,Uttar Pradesh,BIJNOR,Ganga,RAMGANGA,29.23888888888889,78.65694444444445,"Middle Ganga Division-II(MGD-II), Lucknow",Base
Ekmighat,Bihar,DARBHANGA,Ganga,Adhwara,26.119444444444444,85.87638888888888,"Lower Ganga Division-I(LGD-I), Patna",Level
Maan at Gopalpura,Madhya Pradesh,DHAR,Narmada,Man,22.261388888888888,75.10222222222221,"Narmada Division(ND), Bhopal",Base
Salebhata,Odisha,BALANGIR,Mahanadi,Ong,20.983055555555556,83.53694444444444,"Mahanadi Division(MD), Burla",Base
Idamalayar Reservoir,Kerala,ERNAKULAM,West flowing rivers from Tadri to Kanyakumari,Periyar,10.22,76.7,"Southern Western River Division(SWRD), Kochi",Inflow
Mohauddin Nagar,Bihar,SAMASTIPUR,Ganga,Baya,25.59472222222222,85.68444444444445,"Lower Ganga Division-I(LGD-I), Patna",Base
Gandhi Sagar Reservoir,Madhya Pradesh,MANDSAUR,Ganga,Chambal,24.65,75.61,"Chambal Division(CD), Jaipur",Inflow
GHEROPARA,West Bengal,BIRBHUM,Ganga,Ajoy,23.618055555555557,87.70305555555557,"Damodar Division(DD), Asansol",Level
Meenus(Tons),Himachal Pradesh,SIRMAUR,Ganga,Tons,30.761388888888888,77.70527777777778,"Upper Yamuna Division(UYD), New Delhi",Base
Karkari Road Bridge,Jharkhand,Saraikela,Subernarekha,Karkari,22.96527777777778,85.53888888888889,"Eastern Rivers Division(ERD), Bhubaneswar",Base
Salempur,Uttar Pradesh,DEORIA,Ganga,Little Gandak,26.291944444444447,83.9363888888889,"Middle Ganga Division-I(MGD-I), Lucknow",Base
Dadri,Haryana,JHAJJAR,Ganga,Sahibi,28.504722222222224,76.79027777777777,"Upper Yamuna Division(UYD), New Delhi",Base
TIRTHAHALLI,Karnataka,Shivamogga,Krishna,Tunga,13.691944444444445,75.24833333333333,"Cauvery Division, Bangaluru",Base
BANGAON,West Bengal,NORTH 24 PARGANAS,Ganga,Ichamati,23.04638888888889,88.83111111111111,"Lower Ganga Division III(LGD-III), Berhampore",Base
DAMODAR RLY. BRIDGE,West Bengal,BARDDHAMAN,Ganga,Damodar,23.64388888888889,86.89611111111111,"Damodar Division(DD), Asansol",Base
Purusottampur,Odisha,GANJAM,East flowing rivers between Mahanadi and Pennar,Rushikulya,19.516666666666666,84.88333333333334,"Eastern Rivers Division(ERD), Bhubaneswar",Level
Singimari,West Bengal,COOCH BEHAR,Brahmaputra,Jaldhaka,26.11277777777778,89.35,"Lower Brahmaputra Division (LBD), Jalpaiguri",Base
Kibithu,Arunachal Pradesh,ANJAW,Brahmaputra,Lohit,28.25722222222222,97.02583333333334,"Upper Brahmaputra Division (UBD), Dibrugarh",Base
Pathagudem,Chhattisgarh,BIJAPUR,Godavari,Indravathi,18.81638888888889,80.35,"Lower Godavari Division(LGD), Hyderabad",Base
Saigaon,Karnataka,Bidar,Godavari,Manjira,18.05,77.04972222222221,"Upper Godavari Division(UGD), Hyderabad",Base
MANIKAL,Kerala,KOTTAYAM,West flowing rivers from Tadri to Kanyakumari,Manimala,9.531111111111112,76.91222222222223,"Southern Western River Division(SWRD), Kochi",Base
Kaner at Mendhikheda,Madhya Pradesh,Khargone,Narmada,Narmada,22.408055555555553,76.22,"Narmada Division(ND), Bhopal",Base
Purunagarh,Odisha,DEBAGARH,Brahmani and Baitarni,Brahmani,21.52638888888889,84.7125,"Eastern Rivers Division(ERD), Bhubaneswar",Base
Kanke Rd. Bridge,Jharkhand,RANCHI,Subernarekha,Jumar,23.45,85.31388888888888,"Eastern Rivers Division(ERD), Bhubaneswar",Base
MANSURPUR,Uttar Pradesh,FATEHPUR,Ganga,Rind,25.945555555555554,80.53138888888888,"Lower Yamuna Division(LYD), Agra",Base
Kabini Reservoir,Karnataka,Mysore,Cauvery,Kabini,11.973391666666666,76.35275,"Cauvery Division, Bangaluru",Inflow
Dubi,Rajasthan,SAWAI MADHOPUR,Ganga,Banas,26.19361111111111,76.36777777777777,"Chambal Division(CD), Jaipur",Base
Ranikor,Meghalaya,South West Khasi Hills,Barak and Others,kynshi,25.219166666666666,91.24527777777777,"Meghna Investigation Division(MID), Shillong",Base
Ghaluwal,Himachal Pradesh,UNA,Indus,Swan,31.479444444444443,76.22277777777778,"Snow Hydrology Division(SHD), Shimla",Base
Panam Dam,Gujarat,Panchmahals,Mahi,Panam,23.054166666666667,73.71666666666667,"Executive Engineer, Mahi Divison, Gandhinagar",Inflow
Nimapara,Odisha,PURI,Mahanadi,Kusavadra,20.060833333333335,86.00638888888889,"Mahanadi Division(MD), Burla",Level
JAGUNGHAT,Assam,TINSUKIA,Brahmaputra,Buridehing,27.39638888888889,95.88694444444445,"Upper Brahmaputra Division (UBD), Dibrugarh",Base
RAMAMANGALAM,Kerala,ERNAKULAM,West flowing rivers from Tapi to Tadri,Muvattupuzha,9.943611111111112,76.47833333333334,"Southern Western River Division(SWRD), Kochi",Base
KUMARGHAT GD SITE,Tripura,Unakoti,Barak and Others,Manu,24.17527777777778,92.02361111111111,"Meghna Division(MD), Silchar",Base
BARIOL,West Bengal,NORTH DINAJPUR,Ganga,Mahananda,25.534722222222225,88.05749999999999,"Lower Ganga Division III(LGD-III), Berhampore",Base
DAMAN,Daman & Diu,Daman,West flowing rivers from Tapi to Tadri,Daman Ganga,20.41,72.83999999999999,"Executive Engineer, Tapi Division, Surat",Level
Joshimath,Uttarakhand,Chamoli,Ganga,Alaknanda,30.566944444444445,79.55333333333333,"Himalayan Ganga Division,Haridwar",Base
Ashti,Maharashtra,Gadchiroli,Godavari,Wainganga,19.684722222222224,79.78861111111111,"Wainganga Division(WD), Nagpur",Base
Mudhol,Karnataka,Bagalkote,Krishna,Ghatprabha,16.323333333333334,75.28111111111112,"Cauvery Division, Bangaluru",Base
Rauta,Bihar,PURNIA,Ganga,West Kankai,26.058333333333334,87.73694444444445,"Lower Ganga Division-I(LGD-I), Patna",Base
Manali_BBMB,Himachal Pradesh,KULLU,Indus,Beas,32.2341666666667,77.1883333333333,Executive Engineer-I/ NHP BBMB Chandigarh,Base
Astha,Madhya Pradesh,SEHORE,Ganga,Parwati,23.03611111111111,76.73555555555555,"Chambal Division(CD), Jaipur",Base
Simultala,Assam,MARIGAON,Brahmaputra,-,26.243333333333336,92.12444444444444,"Middle Brahmaputra Division (MBD), Guwahati",Base
Garjia,Uttarakhand,Nainital,Ganga,Kosi,29.486944444444447,79.14222222222223,"Middle Ganga Division-II(MGD-II), Lucknow",Base
kogaon,Madhya Pradesh,Khargone,Narmada,Kundi,22.101111111111113,75.68444444444445,"Narmada Division(ND), Bhopal",Base
Ayodhya,Uttar Pradesh,Ayodhya,Ganga,Ghagra,26.811111111111114,82.2075,"Middle Ganga Division-I(MGD-I), Lucknow",Level
Sarangpur,Madhya Pradesh,RAJGARH,Ganga,Kalisindh,23.580555555555556,76.46805555555555,"Chambal Division(CD), Jaipur",Base
VELLAIKADAVU,Kerala,THIRUVANANTHAPURAM,West flowing rivers from Tadri to Kanyakumari,Karamana,8.498055555555554,77.0125,"Southern Western River Division(SWRD), Kochi",Base
Hathnikund Barrage,Haryana,YAMUNANAGAR,Ganga,Yamuna,30.314444444444444,77.585,"Upper Yamuna Division(UYD), New Delhi",Inflow
Ramgarh,Jharkhand,RAMGARH,Ganga,Damodar,23.641666666666666,85.5111111111111,"Damodar Division(DD), Asansol",Base
SOHAR,Madhya Pradesh,SINGRAULI,Ganga,Mohan,24.31722222222222,82.27222222222223,"Middle Ganga Division-III(MGD-III), Varanasi",Base
OLAMATTOM,Kerala,IDUKKI,West flowing rivers from Tadri to Kanyakumari,Thodupuzha,9.88861111111111,76.71722222222222,"Southern Western River Division(SWRD), Kochi",Base
JOBRA(D/S),Odisha,CUTTACK,,,20.474999999999998,85.9,"Mahanadi Division(MD), Burla",Base
Kanjyoti,Uttarakhand,Pithoragarh,Ganga,Dhauliganga,30.02611111111111,80.57777777777777,"Middle Ganga Division-I(MGD-I), Lucknow",Base
Derol Bridge,Gujarat,Sabarkantha,Sabarmati,Sabarmati,23.575277777777778,72.80638888888889,"Executive Engineer, Mahi Divison, Gandhinagar",Base
GAJARIA,Tripura,Sepahijala,Barak and Others,Burima,23.649444444444445,91.23083333333334,"Meghna Division(MD), Silchar",Base
PUNASI DAM,Jharkhand,DEOGHAR,Ganga,Ajoy,23.51,85.67,"Damodar Division(DD), Asansol",Base
Khandong Dam,Assam,Dima Hasao,Brahmaputra,Kopili,25.52861111111111,92.63277777777778,"Middle Brahmaputra Division (MBD), Guwahati",Inflow
Rajhara,Jharkhand,PALAMAU,Ganga,North_Koel,24.150555555555552,84.00861111111111,"Lower Ganga Division-II(LGD-II), Patna",Base
Giriyak,Bihar,NALANDA,Ganga,Ganga,25.034166666666668,85.51611111111112,"Lower Ganga Division-II(LGD-II), Patna",Base
Handia,Madhya Pradesh,HARDA,Narmada,Narmada,22.496111111111112,76.99333333333334,"Narmada Division(ND), Bhopal",Base
CHIKKAMALUR,Karnataka,Mandya,Cauvery,Kanava,12.595555555555556,77.05666666666666,"Cauvery Division, Bangaluru",Base
BILLE,Arunachal Pradesh,WEST SIANG,Brahmaputra,Siyum,28.45861111111111,94.68416666666667,"Upper Brahmaputra Division (UBD), Dibrugarh",Base
Sitekasa,Maharashtra,Bhandara,Godavari,Bawanthadi,21.58111111111111,79.8,"Wainganga Division(WD), Nagpur",Base
Munugodu,Andhra Pradesh,GUNTUR,Krishna,Lower Krishna,16.554722222222225,80.2063888888889,"Lower Krishna Division(LKD), Hyderabad",Base
Kairi,Madhya Pradesh,REWA,Ganga,Belan,24.96361111111111,81.82472222222222,"Middle Ganga Division-III(MGD-III), Varanasi",Base
Phulgaon,Maharashtra,Pune,Krishna,Bhima,18.66638888888889,74.00166666666667,"Upper Krishna Division(UKD), Pune",Base
Mataji,Madhya Pradesh,RATLAM,Mahi,Mahi,23.349722222222223,74.71805555555555,"Executive Engineer, Mahi Divison, Gandhinagar",Base
Mirzapur,Uttar Pradesh,MIRZAPUR,Ganga,Ganga,25.1546,82.5296,"Middle Ganga Division-III(MGD-III), Varanasi",Level
MEHNDAGHAT,Madhya Pradesh,BHIND,Ganga,Sindh,26.42138888888889,78.91305555555556,"Lower Yamuna Division(LYD), Agra",Base
Barod,Rajasthan,KOTA,Ganga,Kalisindh,25.380277777777778,76.32027777777778,"Chambal Division(CD), Jaipur",Base
Yingkiong,Arunachal Pradesh,UPPER SIANG,Brahmaputra,Siang,28.661666666666665,95.01277777777777,"Upper Brahmaputra Division (UBD), Dibrugarh",Level
Teok,Assam,JORHAT,Brahmaputra,-,26.831666666666667,94.41638888888889,"Upper Brahmaputra Division (UBD), Dibrugarh",Base
PRATAPPUR,Uttar Pradesh,PRAYGRAJ,Ganga,Yamuna,25.299444444444447,81.56555555555555,"Lower Yamuna Division(LYD), Agra",Base
Nagina,Uttar Pradesh,BIJNOR,Ganga,Khoh,29.436944444444446,78.47777777777777,"Middle Ganga Division-II(MGD-II), Lucknow",Base
KIRAOLI,Uttar Pradesh,AGRA,Ganga,Khari,27.124444444444446,77.74138888888889,"Lower Yamuna Division(LYD), Agra",Base
KURANKHEDA,Maharashtra,Akola,Tapi,Katepurna,20.703055555555554,77.24277777777777,"Executive Engineer, Tapi Division, Surat",Base
Therriaghat,Meghalaya,East Khasi Hills,Barak and Others,Umnohryngkew,25.188055555555557,91.765,"Meghna Investigation Division(MID), Shillong",Base
Daltonganj,Jharkhand,PALAMAU,Ganga,North_Koel,24.033055555555556,84.06361111111111,"Lower Ganga Division-II(LGD-II), Patna",Base
Pong Dam_BBMB,Himachal Pradesh,KANGRA,Indus,Beas,31.970277777777778,75.94638888888889,Executive Engineer-I/ NHP BBMB Chandigarh,Base
Parmanpur,Odisha,JHARSUGUDA,Mahanadi,Bheden,21.789444444444445,84.1061111111111,"Mahanadi Division(MD), Burla",Base
Gawana,Maharashtra,Nagpur,Godavari,Pench,21.327222222222222,79.18194444444445,"Wainganga Division(WD), Nagpur",Base
Sangla,Himachal Pradesh,KINNAUR,Indus,Baspa,31.422222222222224,78.26861111111111,"Snow Hydrology Division(SHD), Shimla",Base
MONNAVEDU,Tamil Nadu,Tiruvallur,East flowing rivers between Pennar and Kanyakumari,Kosasthalaiyar,13.223611111111111,79.94527777777778,"Hydrology Division(HD),Chennai",Base
Chanpatia,Bihar,PASHCHIM CHAMPARAN,Ganga,Burhi Gandak,26.960277777777776,84.53555555555555,"Lower Ganga Division-I(LGD-I), Patna",Base
Kheroj,Gujarat,Sabarkantha,Sabarmati,Sabarmati,24.231111111111108,73.00833333333334,"Executive Engineer, Mahi Divison, Gandhinagar",Base
Vijayawada,Andhra Pradesh,KRISHNA,Krishna,Krishna,16.50111111111111,80.625,"Lower Krishna Division(LKD), Hyderabad",Base
KALAIN,Assam,CACHAR,Barak and Others,Barak,24.973055555555554,92.55638888888889,"Meghna Division(MD), Silchar",Base
Kalagarh Dam,Uttarakhand,PAURI GARHWAL,Ganga,Ramganga,29.52027777777778,78.75916666666667,"Middle Ganga Division-II(MGD-II), Lucknow",Inflow
Vaigai Reservoir,Tamil Nadu,Theni,East flowing rivers between Pennar and Kanyakumari,Vaigai,10.053333333333335,77.58916666666666,"Southern River Division(SRD), Coimbatore",Inflow
HANSA,Himachal Pradesh,LAHUL and SPITI,Indus,Spiti,32.44888888888889,77.86305555555555,"Snow Hydrology Division(SHD), Shimla",Base
Dharamtul,Assam,MARIGAON,Brahmaputra,Kopili,26.168333333333333,92.3586111111111,"Middle Brahmaputra Division (MBD), Guwahati",Level
KAITHI,Uttar Pradesh,HAMIRPUR,Ganga,Chandrawal,25.76361111111111,80.2863888888889,"Lower Yamuna Division(LYD), Agra",Base
Sripalpur,Bihar,PATNA,Ganga,Punpun,25.50138888888889,85.12083333333332,"Lower Ganga Division-II(LGD-II), Patna",Level
Rengali Reservoir,Odisha,ANUGUL,Brahmani and Baitarni,Brahmani,21.279999999999998,85.03,"Eastern Rivers Division(ERD), Bhubaneswar",Inflow
KAIMAHA,Uttar Pradesh,MAHOBA,Ganga,Urmil,25.139722222222222,79.75083333333333,"Lower Yamuna Division(LYD), Agra",Base
Chandil Dam,Jharkhand,Sahebganj,Subernarekha,Subarnarekha,22.974444444444444,86.02027777777778,"Eastern Rivers Division(ERD), Bhubaneswar",Inflow
Hivra,Maharashtra,Wardha,Godavari,Wardha,20.547222222222224,78.325,"Wainganga Division(WD), Nagpur",Base
Basantpur,Chhattisgarh,JANJGIR - CHAMPA,Mahanadi,Mahanadi,21.7275,82.78805555555556,"Mahanadi Division(MD), Burla",Base
Musi Dam,Telangana,NALGONDA,Krishna,Musi,17.235,79.52,"Lower Krishna Division(LKD), Hyderabad",Inflow
BASODA,Madhya Pradesh,VIDISHA,Ganga,Betwa,23.88722222222222,77.92027777777778,"Lower Yamuna Division(LYD), Agra",Base
EBRANLI,Arunachal Pradesh,Lower Dibang Valley,Brahmaputra,Nao Dehing,28.374166666666667,95.93166666666667,"Upper Brahmaputra Division (UBD), Dibrugarh",Base
Kohdarghat,Uttar Pradesh,PRAYGRAJ,Ganga,Tons,25.151666666666664,81.98222222222222,"Middle Ganga Division-III(MGD-III), Varanasi",Base
Savarshe,Goa,NORTH GOA,West flowing rivers from Tapi to Tadri,Madai,15.503055555555555,74.13666666666667,"Cauvery Division, Bangaluru",Base
Mojowari,Assam,Dima Hasao,Brahmaputra,Kopili,25.540000000000003,92.985,"Middle Brahmaputra Division (MBD), Guwahati",Base
Ghatal,West Bengal,MEDINIPUR,Ganga,Shilabati,22.66611111111111,87.73916666666666,"Damodar Division(DD), Asansol",Base
Jiribam,Manipur,IMPHAL EAST,Barak and Others,Jiri,24.803333333333335,93.11055555555555,"Meghna Investigation Division(MID), Shillong",Base
Tungabhadra Dam,Karnataka,Ballari,Krishna,Tungabhadra,15.26,76.33999999999999,"Lower Krishna Division(LKD), Hyderabad",Inflow
Rajghat_1,Odisha,Baleshwar,Subernarekha,Subarnarekha,21.767777777525993,87.1641666661996,Testing,Base
NARNE,Maharashtra,Jalgaon,Tapi,Anjani,21.12388888888889,75.31694444444445,"Executive Engineer, Tapi Division, Surat",Base
SIKATIYA BARRAGE,Jharkhand,DEOGHAR,Ganga,Ajoy,24.15,86.25,"Damodar Division(DD), Asansol",Inflow
Seppa,Arunachal Pradesh,EAST KAMENG,Brahmaputra,Kamang,27.356944444444444,93.03861111111111,"Upper Brahmaputra Division (UBD), Dibrugarh",Base
Muhchurwa Ghat,Uttar Pradesh,SIDDHARTHNAGAR,Ganga,Burhi Rapti,27.408055555555553,82.77527777777777,"Middle Ganga Division-I(MGD-I), Lucknow",Base
Pratappur,Maharashtra,Ahmadnagar,Godavari,Pravara,19.519444444444442,74.38277777777778,"Upper Godavari Division(UGD), Hyderabad",Base
Kukraha,Bihar,GOPALGANJ,Ganga,Gandak,26.56527777777778,84.44694444444445,"Lower Ganga Division-I(LGD-I), Patna",Base
Bonaigarh,Odisha,SUNDARGARH,Brahmani and Baitarni,Brahmani,21.8475,84.87583333333333,"Eastern Rivers Division(ERD), Bhubaneswar",Base
KODUMUDI,Tamil Nadu,Erode,Cauvery,Cauvery,11.08,77.89,"Southern River Division(SRD), Coimbatore",Level
RAJIM,Chhattisgarh,GARIABAND,Mahanadi,Mahanadi,20.974999999999998,81.88055555555555,"Mahanadi Division(MD), Burla",Base
Dighwara,Bihar,SARAN,Ganga,Ganga,25.741111111111113,84.96305555555556,"Lower Ganga Division-II(LGD-II), Patna",Base
Seethanagaram,Andhra Pradesh,EAST GODAVARI,East flowing rivers between Mahanadi and Pennar,Suvrnamukhi,18.66222222222222,83.37027777777777,"Eastern Rivers Division(ERD), Bhubaneswar",Base
Manjhi,Bihar,SARAN,Ganga,Sarju(Babai),25.827222222222222,84.58444444444444,"Lower Ganga Division-II(LGD-II), Patna",Base
Shukratal,Uttar Pradesh,MUZAFFARNAGAR,Ganga,Banganga,29.49127777777778,77.99008333333333,"Himalayan Ganga Division,Haridwar",Base
Dhalegaon,Maharashtra,Parbhani,Godavari,Godavari,19.199722222222224,76.36638888888888,"Upper Godavari Division(UGD), Hyderabad",Base
SAGBARA,Gujarat,Narmada,Tapi,Tapi,21.543055555555558,73.795,"Executive Engineer, Tapi Division, Surat",Base
Satpokholi,Assam,KAMRUP,Brahmaputra,-,26.067777777777778,91.45944444444444,"Middle Brahmaputra Division (MBD), Guwahati",Base
CHANGWANTI,Arunachal Pradesh,ANJAW,Brahmaputra,Lohit,27.893333333333334,96.82833333333333,"Upper Brahmaputra Division (UBD), Dibrugarh",Base
Dhulsar,Madhya Pradesh,DHAR,Narmada,Uri,22.205555555555556,74.85166666666666,"Narmada Division(ND), Bhopal",Base
Kathautiya,Jharkhand,PALAMAU,Ganga,North_Koel,24.122222222222224,84.06333333333333,"Lower Ganga Division-II(LGD-II), Patna",Base
Girna Dam,Maharashtra,Nashik,Tapi,Girna,20.47861111111111,74.71555555555555,"Executive Engineer, Tapi Division, Surat",Base
Gharighat,Uttar Pradesh,GONDA,Ganga,Bisuhi,27.00861111111111,82.49555555555555,"Middle Ganga Division-I(MGD-I), Lucknow",Base
Gomlai,Odisha,SUNDARGARH,Brahmani and Baitarni,Brahmani,21.834444444444443,84.91277777777778,"Eastern Rivers Division(ERD), Bhubaneswar",Base
SRI RANGAM,Tamil Nadu,Tiruchirappalli,Cauvery,Cauvery,10.847222222222223,78.6888888888889,"Southern River Division(SRD), Coimbatore",Base
Mahendragarh,Odisha,GAJAPATI,East flowing rivers between Mahanadi and Pennar,Badajhor,19.223333333333333,84.2625,"Eastern Rivers Division(ERD), Bhubaneswar",Base
Byrnihat,Meghalaya,RI BHOI,Brahmaputra,UMTRU,26.040277777777778,91.86583333333333,"Meghna Investigation Division(MID), Shillong",Base
Jewangi,Telangana,RANGA REDDY,Krishna,Kagina,17.254444444444445,77.46277777777777,"Lower Krishna Division(LKD), Hyderabad",Base
Bagaha,Bihar,PASHCHIM CHAMPARAN,Ganga,Gandak,27.129444444444445,84.04833333333333,"Lower Ganga Division-I(LGD-I), Patna",Base
Gaya,Bihar,GAYA,Ganga,Phalgu,24.770833333333332,85.01222222222222,"Lower Ganga Division-II(LGD-II), Patna",Base
Bhomoraguri,Assam,SONITPUR,Brahmaputra,Brahmaputra,26.610833333333336,92.85388888888889,"Upper Brahmaputra Division (UBD), Dibrugarh",Base
Krishnagiri Dam,Tamil Nadu,Krishnagiri,East flowing rivers between Pennar and Kanyakumari,Ponnaiyar,12.474722222222223,78.18583333333333,"Hydrology Division(HD),Chennai",Inflow
Kokangaon,Karnataka,Bijapur,Krishna,Bornala,17.28638888888889,75.63722222222223,"Upper Krishna Division(UKD), Pune",Base
Bairgania,Bihar,SITAMARHI,Ganga,Burhi Gandak,26.673055555555557,85.24944444444445,"Lower Ganga Division-I(LGD-I), Patna",Base
SOMWARPET,Karnataka,Kodagu,Cauvery,Cauvery,12.580555555555556,75.8425,"Cauvery Division, Bangaluru",Base
Poondi Satyamoorthy Reservoir,Tamil Nadu,Tiruvallur,East flowing rivers between Pennar and Kanyakumari,Kosasthalaiyar,13.18,79.86,"Hydrology Division(HD),Chennai",Inflow
Gharmura,Assam,HAILAKANDI,Barak and Others,Dhaleswari,24.28527777777778,92.51611111111112,"Meghna Investigation Division(MID), Shillong",Base
Bhinga,Uttar Pradesh,SHRAWASTI,Ganga,Rapti,27.68638888888889,81.82555555555555,"Middle Ganga Division-I(MGD-I), Lucknow",Base
BAHIRGACHI,West Bengal,MALDAH,Ganga,Mahananda,25.184722222222224,88.08277777777778,"Lower Ganga Division III(LGD-III), Berhampore",Base
Haripur,Uttarakhand,Dehradun,Ganga,Tons (South),30.537222222222223,77.82583333333334,"Upper Yamuna Division(UYD), New Delhi",Base
NIGAI,Uttar Pradesh,SONBHADRA,Ganga,Son,24.46222222222222,83.23222222222222,"Middle Ganga Division-III(MGD-III), Varanasi",Base
Achencoil,Kerala,Kollam,Tapi,Achencoil,9.092377777777779,77.122,Hydrology Division Chengannur,Base
Kathajori Rd.Bridge,Odisha,CUTTACK,Mahanadi,Kathajori,20.438333333333333,85.88805555555557,"Mahanadi Division(MD), Burla",Base
Mohna,Haryana,FARIDABAD,Ganga,Yamuna,28.223611111111108,77.45583333333333,"Upper Yamuna Division(UYD), New Delhi",Base
Kanpur,Uttar Pradesh,KANPUR NAGAR,Ganga,Ganga,26.47222222222222,80.3786111111111,"Middle Ganga Division-II(MGD-II), Lucknow",Level
Terwad (Seasonal),Maharashtra,Kolhapur,Krishna,Panchganga,16.67638888888889,74.57416666666666,"Upper Krishna Division(UKD), Pune",Base
Dudhi at Panagar,Madhya Pradesh,NARSIMHAPUR,Narmada,Dudhi,22.836944444444445,78.60305555555556,"Narmada Division(ND), Bhopal",Base
Lalgarh,West Bengal,JHARGRAM,Ganga,Kangsabati,22.583333333333332,87.04388888888889,"Damodar Division(DD), Asansol",Base
Yazali,Arunachal Pradesh,LOWER SUBANSIRI,Brahmaputra,Ranganadi,27.39527777777778,93.7575,"Upper Brahmaputra Division (UBD), Dibrugarh",Base
Hayuliang,Arunachal Pradesh,ANJAW,Brahmaputra,Lohit,28.073888888888888,96.49638888888889,"Upper Brahmaputra Division (UBD), Dibrugarh",Base
Kabu basti (Kambang),Arunachal Pradesh,WEST SIANG,Brahmaputra,Siyum,28.192777777777778,94.77027777777778,"Upper Brahmaputra Division (UBD), Dibrugarh",Base
Udaipur,Assam,TINSUKIA,Brahmaputra,Tirap,27.33722222222222,95.85027777777778,"Upper Brahmaputra Division (UBD), Dibrugarh",Base
Rudraprayag (C),Uttarakhand,Rudraprayag,Ganga,Alaknanda,30.275277777777777,78.965,"Himalayan Ganga Division,Haridwar",Base
Myntangtihwieh (Khadkasla),Meghalaya,East Jaintia Hills,Brahmaputra,MYNTANGTIWEIH,25.578055555555554,92.55722222222222,"Meghna Investigation Division(MID), Shillong",Base
"Ch. Charan Singh Madhya Ganga Barrage, Bijnor",Uttar Pradesh,BIJNOR,Ganga,Ganga,29.372777777777777,78.03833333333333,"Himalayan Ganga Division,Haridwar",Inflow
Rangit- 3 Dam,Sikkim,WEST DISTRICT,Brahmaputra,Rangit,27.290000000000003,88.28999999999999,"Sikkim Investigation Division, Gangtok",Inflow
KURDHANA,Madhya Pradesh,CHHATARPUR,Ganga,KEN,25.273055555555555,80.35166666666666,"Lower Yamuna Division(LYD), Agra",Base
Waraseoni,Madhya Pradesh,BALAGHAT,Godavari,Chandan,21.75027777777778,80.0363888888889,"Wainganga Division(WD), Nagpur",Base
Bokajan,Assam,KARBI ANGLONG,Brahmaputra,Dhansiri (South),26.015555555555554,93.78722222222223,"Upper Brahmaputra Division (UBD), Dibrugarh",Base
Thottapalli R/s (APSDPSData),Andhra Pradesh,VIZIANAGARAM,East flowing rivers between Mahanadi and Pennar,Nagavali,18.779999999999998,83.49,"Eastern Rivers Division(ERD), Bhubaneswar",Inflow
BHAIRWA DAM,Jharkhand,HAZARIBAG,Ganga,Damodar,23.523055555555555,85.6725,"Damodar Division(DD), Asansol",Inflow
Motipur,Arunachal Pradesh,CHANGLANG,Brahmaputra,Nao Dehing,27.5075,96.16000000000001,"Upper Brahmaputra Division (UBD), Dibrugarh",Base
ENGLISHBAZAR,West Bengal,MALDAH,Ganga,Mahananda,24.995,88.14861111111112,"Lower Ganga Division III(LGD-III), Berhampore",Base
Jagibhakatgaon,Assam,MARIGAON,Brahmaputra,Kopili,26.176944444444445,92.2175,"Middle Brahmaputra Division (MBD), Guwahati",Base
Sonamura-II,Tripura,Sepahijala,Barak and Others,Gumti,23.485555555555557,91.36638888888888,"Meghna Division(MD), Silchar",Base
Bhunter Beas_BBMB,Himachal Pradesh,KULLU,Indus,Beas,31.88722222222222,77.14888888888889,Executive Engineer-I/ NHP BBMB Chandigarh,Base
Jhagarua,Bihar,DARBHANGA,Ganga,Kamalabalan,26.046666666666667,86.34305555555555,"Lower Ganga Division-I(LGD-I), Patna",Base
Vazhavachanur,Tamil Nadu,Tiruvannamalai,East flowing rivers between Pennar and Kanyakumari,Ponnaiyar,12.065833333333334,78.97805555555556,"Hydrology Division(HD),Chennai",Base
HARIHARAPURA,Karnataka,Chikkamagaluru,Krishna,Tunga,13.5225,75.30361111111111,"Cauvery Division, Bangaluru",Base
JAIRAMPUR,Arunachal Pradesh,CHANGLANG,Brahmaputra,Buridehing,27.33277777777778,96.05083333333333,"Upper Brahmaputra Division (UBD), Dibrugarh",Base
Masaurhi,Bihar,PATNA,Ganga,Dhardha,25.301111111111112,85.0775,"Lower Ganga Division-II(LGD-II), Patna",Base
Srisailam Dam,Andhra Pradesh,Mahbubnagar,Krishna,Krishna,16.088888888655532,78.83333333379906,Testing,Base
MANIYAMPATTU,Tamil Nadu,Viluppuram,East flowing rivers between Pennar and Kanyakumari,Varahanadhi,12.22638888888889,79.51472222222222,"Hydrology Division(HD),Chennai",Base
Awalighat,Madhya Pradesh,SEHORE,Narmada,Narmada,22.646666666666665,77.48777777777778,"Narmada Division(ND), Bhopal",Base
Baghpat,Uttar Pradesh,BAGHPAT,Ganga,Yamuna,28.988055555555558,77.20277777777778,"Upper Yamuna Division(UYD), New Delhi",Base
LAKHIYAPAL,West Bengal,BANKURA,Ganga,Shilabati,22.90694444444444,87.07055555555556,"Damodar Division(DD), Asansol",Base
Yeldari Reservoir,Maharashtra,Parbhani,Godavari,Purna,19.71,76.75,"Upper Godavari Division(UGD), Hyderabad",Inflow
Jainagar,Bihar,MADHUBANI,Ganga,Kamla,26.59,86.14750000000001,"Lower Ganga Division-I(LGD-I), Patna",Level
Nardiganj,Bihar,NAWADA,Ganga,Ganga,24.941111111111113,85.42750000000001,"Lower Ganga Division-II(LGD-II), Patna",Base
GHALA,Gujarat,Surat,Tapi,Tapi,21.297222222222224,73.02527777777777,"Executive Engineer, Tapi Division, Surat",Base
HADIGE,Karnataka,Hassan,Cauvery,Hemavathi,13.012222222222222,75.73361111111112,"Cauvery Division, Bangaluru",Base
"Myndu Stage II, Dam Site",Meghalaya,East Jaintia Hills,Brahmaputra,Brahmaputra,25.22027777817503,92.22583333298152,"North Eastern Investigation Division-I, Silchar",Base
CHAPRA,West Bengal,NADIA,Ganga,Jalangi,23.504166666666666,88.55138888888888,"Lower Ganga Division III(LGD-III), Berhampore",Base
BANTWAL,Karnataka,Dakshin Kannada,West flowing rivers from Tadri to Kanyakumari,Netravathi,12.880833333333333,75.0411111111111,"Southern Western River Division(SWRD), Kochi",Base
Ghazipur,Uttar Pradesh,GHAZIPUR,Ganga,Ganga,25.58,83.58833333333332,"Middle Ganga Division-III(MGD-III), Varanasi",Level
Noida,Uttar Pradesh,G.B. Nagar,Ganga,Hindon,28.602222222222224,77.42416666666666,"Upper Yamuna Division(UYD), New Delhi",Base
Mancherial,Telangana,ADILABAD,Godavari,Godavari,18.85027777777778,79.44444444444444,"Upper Godavari Division(UGD), Hyderabad",Base
Ganguwala,Himachal Pradesh,SIRMAUR,Ganga,Bata,30.436944444444446,77.5786111111111,"Upper Yamuna Division(UYD), New Delhi",Base
Bani,Uttar Pradesh,LUCKNOW,Ganga,Sai,26.651666666666664,80.79416666666667,"Middle Ganga Division-II(MGD-II), Lucknow",Base
Gangnani,Uttarakhand,Uttarkashi,Ganga,Bhagirathi,30.896666666666665,78.67750000000001,"Himalayan Ganga Division,Haridwar",Base
Tezpur,Assam,SONITPUR,Brahmaputra,Brahmaputra,26.616666666666667,92.79730555555555,"Upper Brahmaputra Division (UBD), Dibrugarh",Level
T. BEKKUPE,Karnataka,Ramanagar,Cauvery,Arkavathi,12.507222222222222,77.42805555555556,"Cauvery Division, Bangaluru",Base
Bareilly,Uttar Pradesh,BAREILLY,Ganga,Ramganga,28.299166666666668,79.36638888888888,"Middle Ganga Division-II(MGD-II), Lucknow",Level
Ghatsila,Jharkhand,PURBI SINGHBHUM,Subernarekha,Subarnarekha,22.580555555555556,86.46833333333333,"Eastern Rivers Division(ERD), Bhubaneswar",Base
MALAPPUARAM CIVIL STATION,Kerala,MALAPPURAM,-,-,11.038527777777778,76.07634999999999,Hydrology Division Thrissur,Base
Basti,Uttar Pradesh,BASTI,Ganga,Kwano,26.784444444444446,82.7125,"Middle Ganga Division-I(MGD-I), Lucknow",Base
Chintawanpur,Bihar,PURBA CHAMPARAN,Ganga,Burhi Gandak,26.561944444444446,85.05583333333333,"Lower Ganga Division-I(LGD-I), Patna",Base
KUTHIBARI,West Bengal,NORTH 24 PARGANAS,Ganga,Ichamati,23.22583333333333,88.70861111111111,"Lower Ganga Division III(LGD-III), Berhampore",Base
Tilpara Mihirlal Barrage,West Bengal,BIRBHUM,Ganga,Mayurakshi,23.94638888888889,87.525,"Damodar Division(DD), Asansol",Inflow
TALASWADA,Maharashtra,Buldana,Tapi,Nalganaga,20.946666666666665,76.20305555555557,"Executive Engineer, Tapi Division, Surat",Base
MOOSA NAGAR,Uttar Pradesh,KANPUR DEHAT,Ganga,Yamuna,26.151666666666664,79.96444444444445,"Lower Yamuna Division(LYD), Agra",Base
Nagothane,Maharashtra,Raigad,West flowing rivers from Tapi to Tadri,Amba,18.51888888888889,73.1563888888889,"Upper Krishna Division(UKD), Pune",Base
Chaklagaon,Assam,BONGAIGAON,Brahmaputra,Manas,26.385277777777777,90.80666666666666,"Middle Brahmaputra Division (MBD), Guwahati",Base
Ambari,West Bengal,COOCH BEHAR,Brahmaputra,Torsa,26.41638888888889,89.54166666666667,"Lower Brahmaputra Division (LBD), Jalpaiguri",Base
Grand Anicut,Tamil Nadu,Thanjavur,Cauvery,Cauvery,10.83,78.81888888888888,"Southern River Division(SRD), Coimbatore",Inflow
Kishan Nagar,Odisha,CUTTACK,Mahanadi,Mahanadi,20.42666666666667,86.08916666666666,"Mahanadi Division(MD), Burla",Base
BARETHA,Rajasthan,DHOLPUR,Ganga,Uttangan,26.908055555555553,77.93,"Lower Yamuna Division(LYD), Agra",Base
DURVESH,Maharashtra,Thane,West flowing rivers from Tapi to Tadri,Vaitarna,19.7125,72.93055555555556,"Executive Engineer, Tapi Division, Surat",Base
Kharra,Chhattisgarh,SURAJPUR,Ganga,Rihand,23.501944444444444,82.84027777777777,"Middle Ganga Division-III(MGD-III), Varanasi",Base
Moin Bridge_BBMB,Himachal Pradesh,SHIMLA,Indus,Satluj,31.44,77.6277777777778,Executive Engineer-I/ NHP BBMB Chandigarh,Base
Purola,Uttarakhand,Uttarkashi,Ganga,Kamal,30.798055555555557,78.115,"Upper Yamuna Division(UYD), New Delhi",Base
Fatehgarh,Haryana,YAMUNANAGAR,Ganga,Somb,30.172222222222224,77.39222222222223,"Upper Yamuna Division(UYD), New Delhi",Base
Basua,Bihar,SUPAUL,Ganga,Kosi,26.108055555555556,86.52833333333334,"Lower Ganga Division-I(LGD-I), Patna",Level
Kathgodam,Uttarakhand,Nainital,Ganga,Kichha (Gaula),29.2675,79.54833333333333,"Middle Ganga Division-II(MGD-II), Lucknow",Base
KUZHITHURAI,Tamil Nadu,Kanyakumari,West flowing rivers from Tadri to Kanyakumari,Thambraparni,8.302222222222223,77.18861111111111,"Southern Western River Division(SWRD), Kochi",Base
Sakra,Bihar,MUZAFFARPUR,Ganga,Burhi Gandak,26.040555555555557,85.55499999999999,"Lower Ganga Division-I(LGD-I), Patna",Base
Bichhubaggu,Madhya Pradesh,CHHINDWARA,Godavari,Sobhana,21.692777777777778,78.86333333333333,"Wainganga Division(WD), Nagpur",Base
Korba,Chhattisgarh,KORBA,Mahanadi,Hasdeo,22.393333333333334,82.70277777777778,"Mahanadi Division(MD), Burla",Base
MURTI,West Bengal,JALPAIGURI,Brahmaputra,Murti,26.840555555555554,88.82777777777777,"Lower Brahmaputra Division (LBD), Jalpaiguri",Base
Chhinka,Uttarakhand,Chamoli,Ganga,Alaknanda,30.41361111111111,79.36638888888888,"Himalayan Ganga Division,Haridwar",Base
Mirdapalli,Maharashtra,Gadchiroli,Godavari,Indravathi,19.383333333333333,80.55,"Wainganga Division(WD), Nagpur",Base
Telkoi,Odisha,KENDUJHAR,Brahmani and Baitarni,Brahmani,21.356944444444444,85.40222222222222,"Eastern Rivers Division(ERD), Bhubaneswar",Base
Daporizo,Arunachal Pradesh,UPPER SUBANSIRI,Brahmaputra,Subansiri,27.993333333333336,94.22333333333333,"Upper Brahmaputra Division (UBD), Dibrugarh",Base
Jammu Tawi (Sidhra),Jammu & Kashmir,JAMMU,Indus,Tawi,32.76277777777778,74.88444444444445,"Chenab Division(CD), Jammu",Base
Vishnuprayag,Uttarakhand,Chamoli,Ganga,Mandakini,30.56222222222222,79.5761111111111,"Himalayan Ganga Division,Haridwar",Base
BALASAMUDRAM,Tamil Nadu,Dindigul,Cauvery,Varathamanadhi,10.354166666666666,77.56083333333333,"Southern River Division(SRD), Coimbatore",Base
CHAKKALAKUTH,Kerala,MALAPPURAM,West flowing rivers from Tadri to Kanyakumari,Kudhirapuzha,11.264166666666666,76.23861111111111,"Southern Western River Division(SWRD), Kochi",Base
Trimohinighat,Uttar Pradesh,Maharajganj,Ganga,Rohin,27.11777777777778,83.42,"Middle Ganga Division-I(MGD-I), Lucknow",Base
Dabri,Uttar Pradesh,Shahjhanpur,Ganga,Ramganga,27.498055555555556,79.69722222222222,"Middle Ganga Division-II(MGD-II), Lucknow",Level
Dowlaiswaram (State Govt Site),Andhra Pradesh,EAST GODAVARI,Godavari,Godavari,16.938333333333333,81.7825,"Lower Godavari Division(LGD), Hyderabad",Level
Benibad,Bihar,MUZAFFARPUR,Ganga,Bagmati,26.14472222222222,85.69250000000001,"Lower Ganga Division-I(LGD-I), Patna",Level
NARAJ BARRAGE(D/S),Odisha,CUTTACK,,,20.8,85.96666666666667,"Mahanadi Division(MD), Burla",Base
Guwahati(D.C.Court),Assam,KAMRUP,Brahmaputra,Brahmaputra,26.19472222222222,91.74305555555556,"Middle Brahmaputra Division (MBD), Guwahati",Level
SARALPUR,West Bengal,BIRBHUM,Ganga,Dwarka,24.121747222222222,87.8047111111111,"Lower Ganga Division III(LGD-III), Berhampore",Base
Piplatola (Dutta),Madhya Pradesh,BALAGHAT,Godavari,Deo,21.689722222222223,80.33361111111111,"Wainganga Division(WD), Nagpur",Base
Salavad,Rajasthan,JHALAWAR,Ganga,Kalisindh,24.3675,76.20583333333333,"Chambal Division(CD), Jaipur",Base
Ganeshganj,Madhya Pradesh,SEONI,Godavari,Bijna,22.505,79.57888888888888,"Wainganga Division(WD), Nagpur",Base
Temni,Madhya Pradesh,BALAGHAT,Godavari,Son,21.55888888888889,80.465,"Wainganga Division(WD), Nagpur",Base
Sakoli Bridge,Maharashtra,Bhandara,Godavari,Chulband,21.06416666666667,79.98694444444445,"Wainganga Division(WD), Nagpur",Base
Balimela dam (Sileru),Odisha,MALKANGIRI,Godavari,Sileru,18.140277777777776,82.12277777777777,"Lower Godavari Division(LGD), Hyderabad",Inflow
Tandi,Himachal Pradesh,LAHUL and SPITI,Indus,Chander Bhaga,32.533055555555556,76.98305555555555,"Snow Hydrology Division(SHD), Shimla",Base
Ichari Dam,Uttarakhand,Dehradun,Ganga,Tons,30.613611111111112,77.7911111111111,"Upper Yamuna Division(UYD), New Delhi",Inflow
Keitum,Mizoram,SERCHHIP,Minor rivers draining into Myanmar and Bangladesh,Tuichang,23.223333333333333,92.93416666666667,"Meghna Investigation Division(MID), Shillong",Base
BAROT,Himachal Pradesh,MANDI,Indus,Uhl,32.04666666666667,76.83305555555555,"Snow Hydrology Division(SHD), Shimla",Base
Sakhra (Wadsa),Maharashtra,Gadchiroli,Godavari,Wainganga,20.62138888888889,79.93722222222223,"Wainganga Division(WD), Nagpur",Base
Samdoli (Seasonal),Maharashtra,Sangli,Krishna,Warna,16.85638888888889,74.49666666666667,"Upper Krishna Division(UKD), Pune",Base
Patansaongi,Maharashtra,Nagpur,Godavari,Chandrabhaga,21.320833333333333,79.02444444444444,"Wainganga Division(WD), Nagpur",Base
Ghugus,Maharashtra,Chandrapur,Godavari,Wardha,19.95583333333333,79.10083333333333,"Wainganga Division(WD), Nagpur",Base
Barodiya,Rajasthan,JHALAWAR,Ganga,Ujar,24.433611111111112,76.34055555555555,"Chambal Division(CD), Jaipur",Base
UPPER ANICUT,Tamil Nadu,Tiruchirappalli,Cauvery,Cauvery,10.88861111111111,78.58,"Southern River Division(SRD), Coimbatore",Inflow
Nona,Assam,NALBARI,Brahmaputra,-,26.44361111111111,91.56,"Middle Brahmaputra Division (MBD), Guwahati",Base
Puduvayal,Tamil Nadu,Tiruvallur,East flowing rivers between Pennar and Kanyakumari,Araniar,13.336666666666668,80.14611111111111,"Hydrology Division(HD),Chennai",Base
Kahu_1,Himachal Pradesh,SOLAN,,,31.211944,76.781111,Executive Engineer-I/ NHP BBMB Chandigarh,Base
KUDLUR,Karnataka,Chamarajanagara,Cauvery,Palar,11.840555555555556,77.46277777777777,"Southern River Division(SRD), Coimbatore",Base
Bhadrachalam,Telangana,BHADRADRI,Godavari,Godavari,17.669444444444444,80.87388888888889,"Lower Godavari Division(LGD), Hyderabad",Level
ADDOOR,Karnataka,Dakshin Kannada,West flowing rivers from Tadri to Kanyakumari,Gurpur,12.928888888888888,74.9538888888889,"Southern Western River Division(SWRD), Kochi",Base
Jamadarpali,Odisha,SAMBALPUR,Mahanadi,Mahanadi,21.56722222222222,83.98166666666667,"Mahanadi Division(MD), Burla",Base
Swan Khad,Himachal Pradesh,BILASPUR,Indus,Satluj,31.3569444444444,76.3102777777778,Executive Engineer-I/ NHP BBMB Chandigarh,Base
Kadana Dam,Gujarat,Mahisagar,Mahi,Mahi,23.30527777777778,73.82472222222222,"Executive Engineer, Mahi Divison, Gandhinagar",Inflow
Deogaon,Odisha,SAMBALPUR,Mahanadi,Mahanadi,21.221944444444443,83.91222222222223,"Mahanadi Division(MD), Burla",Base
Nandadih,Jharkhand,GIRIDIH,Ganga,Barakar,24.0325,86.43305555555555,"Damodar Division(DD), Asansol",Base
Hathmati Weir,Gujarat,Sabarkantha,Sabarmati,Hathmati,23.60777777777778,72.9675,"Executive Engineer, Mahi Divison, Gandhinagar",Base
UDHARBOND,Assam,CACHAR,Barak and Others,Barak,24.90138888888889,92.9075,"Meghna Division(MD), Silchar",Base
Bakhari,Madhya Pradesh,SEONI,Godavari,Wainganga,22.32472222222222,79.46805555555555,"Wainganga Division(WD), Nagpur",Base
RAYACHOTI,Andhra Pradesh,Kadapa,Pennar,Cheyyeru,14.06638888888889,78.75527777777778,"Hydrology Division(HD),Chennai",Base
Gaur at Bhalawara,Madhya Pradesh,JABALPUR,Narmada,Gour,23.10888888888889,79.98833333333333,"Narmada Division(ND), Bhopal",Base
Gazoldoba,West Bengal,JALPAIGURI,Brahmaputra,Teesta,26.72972222222222,88.58222222222221,"Lower Brahmaputra Division (LBD), Jalpaiguri",Base
Manot,Madhya Pradesh,MANDLA,Narmada,Narmada,22.735833333333336,80.51311111111112,"Narmada Division(ND), Bhopal",Base
Huvinhedigi,Karnataka,Raichur,Krishna,Krishna,16.490277777777777,76.92305555555556,"Lower Krishna Division(LKD), Hyderabad",Base
AKKIHEBBAL,Karnataka,Mandya,Cauvery,Hemavathi,12.598611111111111,76.40055555555556,"Cauvery Division, Bangaluru",Base
Devkali,Uttar Pradesh,GHAZIPUR,Ganga,Gangi,25.54416666666667,83.32666666666667,"Middle Ganga Division-III(MGD-III), Varanasi",Base
Silghat,Assam,NAGAON,Brahmaputra,Brahmaputra,26.618333333333332,92.94111111111111,"Upper Brahmaputra Division (UBD), Dibrugarh",Base
NANIPALSAN,Gujarat,Valsad,West flowing rivers from Tapi to Tadri,Daman Ganga,20.202777777777776,73.28111111111112,"Executive Engineer, Tapi Division, Surat",Base
Banbasa Barrage,Uttarakhand,Champawat,Ganga,Sarda,28.995555555555555,80.10555555555555,"Middle Ganga Division-I(MGD-I), Lucknow",Inflow
CHANDAPUR(UCHHAL),Gujarat,Surat,Tapi,Nisu,21.47722222222222,74.19555555555556,"Executive Engineer, Tapi Division, Surat",Base
Dholai,Assam,CACHAR,Barak and Others,Rukni,24.59361111111111,92.84527777777777,"Meghna Investigation Division(MID), Shillong",Base
Fekoghat,West Bengal,MEDINIPUR,Subernarekha,Dulang,22.308611111111112,86.91638888888889,"Eastern Rivers Division(ERD), Bhubaneswar",Base
Kelo at Raigarh,Chhattisgarh,RAIGARH,Mahanadi,Kelo,21.891111111111112,83.39916666666667,"Mahanadi Division(MD), Burla",Base
Feni G & D Site,Tripura,SOUTH TRIPURA,,,22.978888888888886,91.68222222222222,"Meghna Division(MD), Silchar",Base
HARINKHOLA,West Bengal,HUGLI,Ganga,Mundeswari,22.83861111111111,87.90361111111112,"Damodar Division(DD), Asansol",Level
Hidkal Reservoir,Karnataka,Belgaum,Krishna,Ghatprabha,16.14318611111111,74.64265,"Cauvery Division, Bangaluru",Inflow
Dhaneta,Uttar Pradesh,BAREILLY,Ganga,Kichha (Gaula),28.497777777777777,79.27166666666666,"Middle Ganga Division-II(MGD-II), Lucknow",Base
Pangin,Arunachal Pradesh,EAST SIANG,Brahmaputra,Siang,28.233611111111113,95.00277777777778,"Upper Brahmaputra Division (UBD), Dibrugarh",Base
PHUSRO,Jharkhand,BOKARO,Ganga,Damodar,23.761111111111113,86.01277777777777,"Damodar Division(DD), Asansol",Base
Sapawada,Gujarat,Mahesana,West flowing rivers of Kutch and Saurashtra including Luni,Rupen,23.547222222222224,72.01444444444445,"Executive Engineer, Mahi Divison, Gandhinagar",Base
Jhokho,Madhya Pradesh,SIDHI,Ganga,Gopad,24.42638888888889,82.20611111111111,"Middle Ganga Division-III(MGD-III), Varanasi",Base
Lakshmanpatti,Tamil Nadu,Dindigul,Cauvery,Kodavanar,10.498055555555554,77.94583333333334,"Southern River Division(SRD), Coimbatore",Base
RIHAND DAM,Uttar Pradesh,SONBHADRA,Ganga,Rihand,24.21,83.02,"Middle Ganga Division-III(MGD-III), Varanasi",Inflow
Jalaput dam (Machkund),Odisha,KORAPUT,Godavari,Machkund,18.453888888888887,82.54694444444445,"Lower Godavari Division(LGD), Hyderabad",Inflow
Kanhargaon,Maharashtra,Hingoli,Godavari,Penganga,19.961666666666666,77.14833333333334,"Wainganga Division(WD), Nagpur",Base
Muradpur,Maharashtra,Ratnagiri,West flowing rivers from Tapi to Tadri,Vashisti,17.539722222222224,73.52388888888889,"Upper Krishna Division(UKD), Pune",Base
Daund,Maharashtra,Pune,Krishna,Bhima,18.473888888888887,74.57638888888889,"Upper Krishna Division(UKD), Pune",Base
ASHRAMAM,Tamil Nadu,Kanyakumari,West flowing rivers from Tadri to Kanyakumari,Pazhayar,8.158333333333333,77.46000000000001,"Southern Western River Division(SWRD), Kochi",Base
Boleng,Arunachal Pradesh,WEST SIANG,Brahmaputra,Siang,28.308055555555555,94.96111111111111,"Upper Brahmaputra Division (UBD), Dibrugarh",Base
SANARPATTI,Tamil Nadu,Dindigul,Cauvery,Kodaganar,10.285555555555556,78.0961111111111,"Southern River Division(SRD), Coimbatore",Base
Mathani Road Bridge,Odisha,Baleshwar,Subernarekha,Jalka,21.66,87.06,"Eastern Rivers Division(ERD), Bhubaneswar",Level
Murthahandi (Journala),Odisha,KORAPUT,Godavari,Journala,19.059444444444445,82.27583333333334,"Lower Godavari Division(LGD), Hyderabad",Base
Kashithal,Assam,CACHAR,Barak and Others,Sonai,24.542500000225463,92.95333333334062,"North Eastern Investigation Division-I, Silchar",Base
HAORA,Tripura,WEST TRIPURA,Barak and Others,Haora,23.82611111111111,91.27277777777778,"Meghna Division(MD), Silchar",Base
Mantralayam,Andhra Pradesh,KURNOOL,Krishna,Tungabhadra,15.94,77.42,"Lower Krishna Division(LKD), Hyderabad",Level
Gaighat,Uttar Pradesh,BAHRAICH,Ganga,Sarju(Babai),27.988055555555558,81.43305555555555,"Middle Ganga Division-I(MGD-I), Lucknow",Base
Neamatighat,Assam,JORHAT,Brahmaputra,Brahmaputra,26.860555555555557,94.25166666666667,"Upper Brahmaputra Division (UBD), Dibrugarh",Level
Dudhnoi,Assam,GOALPARA,Brahmaputra,Dudhnai,25.980555555555554,90.79055555555556,"Middle Brahmaputra Division (MBD), Guwahati",Base
Alandurai,Tamil Nadu,Coimbatore,Cauvery,Noyyal,10.951944444444443,76.78527777777778,"Southern River Division(SRD), Coimbatore",Base
Sripada Yellampalli Project,Telangana,KARIMNAGAR,Godavari,Godavari,18.844166666666666,79.37277777777777,"Upper Godavari Division(UGD), Hyderabad",Inflow
Muhammedpur,Assam,HAILAKANDI,Barak and Others,Katakhal,24.515833333333333,92.61055555555555,"Meghna Division(MD), Silchar",Base
Balanga,Odisha,PURI,Mahanadi,Bhargavi,20.039166666666667,85.87888888888888,"Mahanadi Division(MD), Burla",Base
Kheronighat,Assam,KARBI ANGLONG,Brahmaputra,Kopili,25.84861111111111,92.885,"Middle Brahmaputra Division (MBD), Guwahati",Base
Sibbari,Meghalaya,South Garo Hills,Barak and Others,Dareng,25.190555555555555,90.49805555555555,"Meghna Investigation Division(MID), Shillong",Base
CHUCHURA,West Bengal,HUGLI,Ganga,Hoogly,22.888055555555557,88.40416666666667,"Lower Ganga Division III(LGD-III), Berhampore",Base
GIRA (SIYUM),Arunachal Pradesh,UPPER SUBANSIRI,Brahmaputra,Subansiri,28.35777777777778,94.03583333333333,"Upper Brahmaputra Division (UBD), Dibrugarh",Base
Kangsabati Reservoir,West Bengal,BANKURA,Ganga,Kangsabati,22.965,86.79027777777777,"Damodar Division(DD), Asansol",Inflow
Sultanganj,Bihar,BHAGALPUR,Ganga,Ganga,25.253055555555555,86.73472222222222,"Lower Ganga Division-II(LGD-II), Patna",Base
Arjunwad (Seasonal),Maharashtra,Kolhapur,Krishna,Krishna,16.781944444444445,74.63222222222221,"Upper Krishna Division(UKD), Pune",Level
MUDIGERE,Karnataka,Chikkamagaluru,Cauvery,Hemavathi,13.137777777777778,75.64194444444445,"Cauvery Division, Bangaluru",Base
SAKLESHPUR,Karnataka,Hassan,Cauvery,Hemavathi,12.943333333333333,75.79388888888889,"Cauvery Division, Bangaluru",Base
Som Kamla Amba Dam,Rajasthan,DUNGARPUR,Mahi,Som,23.97833333333333,74.0325,"Executive Engineer, Mahi Divison, Gandhinagar",Inflow
Dhubri,Assam,DHUBRI,Brahmaputra,Brahmaputra,25.990991666666666,90.03248888888889,"Middle Brahmaputra Division (MBD), Guwahati",Level
KONDAZHY,Kerala,Trichur,West flowing rivers from Tadri to Kanyakumari,Gayatri,10.723333333333333,76.40194444444445,"Southern Western River Division(SWRD), Kochi",Base
PURNAGIRI,Uttarakhand,Champawat,Ganga,Mahakali\Sarda,29.133055555555558,80.2,"Planning & Investigation Division, Faridabad",Base
RAJGHAT DAM,Madhya Pradesh,ASHOK NAGAR,Ganga,Betwa,24.76,78.23,"Lower Yamuna Division(LYD), Agra",Inflow
Betalghat,Uttarakhand,Nainital,Ganga,Kosi,29.55388888888889,79.3436111111111,"Middle Ganga Division-II(MGD-II), Lucknow",Base
Bankaghat,Bihar,PATNA,Ganga,Ganga,25.546666666666667,85.27972222222222,"Lower Ganga Division-II(LGD-II), Patna",Base
Bhalukpong,Arunachal Pradesh,WEST KAMENG,Brahmaputra,Kamang,27.01638888888889,92.64222222222223,"Upper Brahmaputra Division (UBD), Dibrugarh",Base
BAGCHINI,Madhya Pradesh,MORENA,Ganga,Kunwari,26.485555555555557,77.81555555555555,"Lower Yamuna Division(LYD), Agra",Base
Dawki,Meghalaya,West Jaintia Hills,Barak and Others,Umngot,25.189722222222223,92.01861111111111,"Meghna Investigation Division(MID), Shillong",Base
HARUR,Tamil Nadu,Dharmapuri,East flowing rivers between Pennar and Kanyakumari,Vaniyar,12.077777777777778,78.50222222222222,"Southern River Division(SRD), Coimbatore",Base
Kaleswaram,Telangana,BHUPALPALLY,Godavari,Godavari,18.82,79.91000000000001,"Upper Godavari Division(UGD), Hyderabad",Level
Kapasiya,Bihar,MADHUBANI,Ganga,Kamalabalan,26.41861111111111,86.05333333333333,"Lower Ganga Division-I(LGD-I), Patna",Base
Naula,Uttarakhand,Almora,Ganga,Ramganga,29.741666666666667,79.24694444444445,"Middle Ganga Division-II(MGD-II), Lucknow",Base
KARWI,Uttar Pradesh,CHITRAKOOT,Ganga,Paisuni,25.22111111111111,80.9113888888889,"Lower Yamuna Division(LYD), Agra",Base
Sonamura,Tripura,Sepahijala,Barak and Others,Gumti,23.47222222222222,91.26277777777777,"Meghna Division(MD), Silchar",Level
Garhwa,Jharkhand,PALAMAU,Ganga,North_Koel,24.21361111111111,83.87833333333333,"Lower Ganga Division-II(LGD-II), Patna",Base
Narayanpur,West Bengal,BIRBHUM,Ganga,Mayurakshi,23.884166666666665,87.91555555555556,"Damodar Division(DD), Asansol",Level
Bhadra Reservoir,Karnataka,Chikkamagaluru,Krishna,Bhadra,13.701352777777776,75.63661111111112,"Cauvery Division, Bangaluru",Inflow
Maharo,Jharkhand,DUMKA,Ganga,Mayurakshi,24.32361111111111,87.20222222222222,"Damodar Division(DD), Asansol",Base
Nagrota Surian_BBMB,Himachal Pradesh,KANGRA,Indus,-,32.00555555555555,76.1563888888889,Executive Engineer-I/ NHP BBMB Chandigarh,Base
Sugauli,Bihar,PURBA CHAMPARAN,Ganga,Burhi Gandak,26.78388888888889,84.74444444444444,"Lower Ganga Division-I(LGD-I), Patna",Base
Nallathur,Puducherry,Karaikal,Cauvery,Nandalar,11.002222222222223,79.75138888888888,"Hydrology Division(HD),Chennai",Base
Karam at Dahiwar,Madhya Pradesh,DHAR,Narmada,Narmada,22.22222222222222,75.53083333333333,"Narmada Division(ND), Bhopal",Base
Dhamaraghat,Bihar,KHAGARIA,Ganga,Kosi,25.61138888888889,86.60694444444444,"Lower Ganga Division-I(LGD-I), Patna",Base
Kalsi,Uttarakhand,Dehradun,Ganga,Amlav,30.526944444444442,77.85305555555556,"Upper Yamuna Division(UYD), New Delhi",Base
Karnal,Haryana,KARNAL,Ganga,Yamuna,29.76222222222222,77.13166666666666,"Upper Yamuna Division(UYD), New Delhi",Level
Mula Dam,Maharashtra,Ahmadnagar,Godavari,Mula,19.35,74.6,"Upper Godavari Division(UGD), Hyderabad",Inflow
Phulberia,West Bengal,PURULIYA,Ganga,Totka & Jamuna,22.91916666666667,86.62694444444443,"Damodar Division(DD), Asansol",Base
Bangodam,Chhattisgarh,KORBA,Mahanadi,Hasdeo,22.6,82.58,"Mahanadi Division(MD), Burla",Base
Sorada,Odisha,GANJAM,East flowing rivers between Mahanadi and Pennar,Rushikulya,19.755555555555556,84.44305555555556,"Eastern Rivers Division(ERD), Bhubaneswar",Base
ShahNehar Canal,Punjab,HOSHIARPUR,Indus,Satluj,31.949722222222224,75.89361111111111,Executive Engineer-I/ NHP BBMB Chandigarh,Base
GAISABAD,Madhya Pradesh,DAMOH,Ganga,Bearma,24.2425,79.8436111111111,"Lower Yamuna Division(LYD), Agra",Base
Nagalamedike,Karnataka,Tumkur,Pennar,Pennar,14.18888888888889,77.37222222222222,"Hydrology Division(HD),Chennai",Base
Perur,Telangana,MULUGU,Godavari,Godavari,18.53666666666667,80.37666666666667,"Upper Godavari Division(UGD), Hyderabad",Base
Narmada at Gorakhpur,Madhya Pradesh,DINDORI,Narmada,Narmada,22.77,81.455,"Narmada Division(ND), Bhopal",Base
Kadamtala,Tripura,NORTH TRIPURA,Barak and Others,Juri,24.503055555555555,92.2175,"Meghna Division(MD), Silchar",Base
Ankushapur,Telangana,BHUPALPALLY,Godavari,Maner,16.352777777777778,79.63805555555557,"Upper Godavari Division(UGD), Hyderabad",Base
Lasur,Maharashtra,Aurangabad,Godavari,Shivna,19.9375,74.025,"Upper Godavari Division(UGD), Hyderabad",Base
Khab_BBMB,Himachal Pradesh,KINNAUR,Indus,Satluj,31.8233333333333,78.6708333333333,Executive Engineer-I/ NHP BBMB Chandigarh,Base
Chachar,Madhya Pradesh,SINGRAULI,Ganga,Myar,23.99527777777778,82.53388888888888,"Middle Ganga Division-III(MGD-III), Varanasi",Base
ITCHAPURAM,Andhra Pradesh,SRIKAKULAM,East flowing rivers between Mahanadi and Pennar,Bahuda,19.098333333333333,84.67861111111111,"RO, WQL-2, DOWLAISWARAM",Level
Uttarkashi,Uttarakhand,Uttarkashi,Ganga,Bhagirathi,30.729166666666664,78.44694444444445,"Himalayan Ganga Division,Haridwar",Base
Dhariawad,Rajasthan,PRATAPGARH,Mahi,Jakham,24.086388888888887,74.47555555555556,"Executive Engineer, Mahi Divison, Gandhinagar",Base
Vautha,Gujarat,Ahmedabad,Sabarmati,Sabarmati,22.650277777777777,72.535,"Executive Engineer, Mahi Divison, Gandhinagar",Base
NMD-Weir,Maharashtra,Nashik,Godavari,Godavari,20.009166666666665,74.13194444444444,"Upper Godavari Division(UGD), Hyderabad",Inflow
Odinaguda_1,Chhattisgarh,SUKMA,Godavari,Sabari,18.057222222222222,81.47944444444444,"Lower Godavari Division(LGD), Hyderabad",Base
Chembarampakkam,Tamil Nadu,Tiruvallur,East flowing rivers between Pennar and Kanyakumari,Adyar,13.01,80.08,"Hydrology Division(HD),Chennai",Inflow
Sangam (Kinnerasani),Telangana,KHAMMAM,Godavari,Kinnerasani,17.599722222222223,80.81638888888888,"Lower Godavari Division(LGD), Hyderabad",Base
Hirakud Reservoir,Odisha,SAMBALPUR,Mahanadi,Mahanadi,21.52,83.85,"Mahanadi Division(MD), Burla",Inflow
Subansiri Lower Dam,Arunachal Pradesh,LOWER SUBANSIRI,Brahmaputra,Subansiri,27.553611111111113,94.25861111111111,"Upper Brahmaputra Division (UBD), Dibrugarh",Inflow
Rahu,Maharashtra,Pune,Krishna,Mula-Mutha,18.572222222222223,74.27361111111111,"Upper Krishna Division(UKD), Pune",Base
MORANE,Maharashtra,Dhule,Tapi,Panjhra,20.909444444444443,74.71333333333334,"Executive Engineer, Tapi Division, Surat",Base
Rampur,Uttar Pradesh,RAMPUR,Ganga,Kosi,28.78666666666667,78.98611111111111,"Middle Ganga Division-II(MGD-II), Lucknow",Base
Mukhlispur,Uttar Pradesh,SANT KABIR NAGAR,Ganga,Kwano,26.603055555555557,83.02888888888889,"Middle Ganga Division-I(MGD-I), Lucknow",Base
Manjhawali,Haryana,FARIDABAD,Ganga,Yamuna,28.373333333333335,77.48833333333333,"Upper Yamuna Division(UYD), New Delhi",Base
Raipur,Chhattisgarh,RAIPUR,Mahanadi,kharun,21.261944444444445,81.60583333333332,"Mahanadi Division(MD), Burla",Base
Chupkoli,Uttar Pradesh,Hapur,Ganga,Kali,28.690555555555555,77.84972222222221,"Middle Ganga Division-II(MGD-II), Lucknow",Base
Collem,Goa,SOUTH GOA,West flowing rivers from Tapi to Tadri,Khadepar,15.338611111111112,74.24833333333333,"Cauvery Division, Bangaluru",Base
Harnav Weir,Gujarat,Sabarkantha,Sabarmati,Harnav,24.030833333333334,73.1725,"Executive Engineer, Mahi Divison, Gandhinagar",Base
Dibrugarh,Assam,DIBRUGARH,Brahmaputra,Brahmaputra,27.488611111111112,94.90972222222223,"Upper Brahmaputra Division (UBD), Dibrugarh",Level
PERUVAMPADAM,Kerala,MALAPPURAM,West flowing rivers from Tapi to Tadri,Chaliyar,11.3153,76.19635000000001,"Southern Western River Division(SWRD), Kochi",Base
Parkham,Uttar Pradesh,MATHURA,Ganga,GOVERDHAN DRAIN,27.296944444444446,77.72833333333334,"Upper Yamuna Division(UYD), New Delhi",Base
Rishikesh,Uttarakhand,Dehradun,Ganga,Ganga,30.103055555555557,78.30388888888889,"Himalayan Ganga Division,Haridwar",Level
Dholabazar,Assam,TINSUKIA,Brahmaputra,Lohit,27.76361111111111,95.56611111111111,"Upper Brahmaputra Division (UBD), Dibrugarh",Level
Lalbegiaghat,Bihar,PURBA CHAMPARAN,Ganga,Burhi Gandak,26.65861111111111,85.01388888888889,"Lower Ganga Division-I(LGD-I), Patna",Level
AYALAMBEDU,Tamil Nadu,Ranipet,East flowing rivers between Pennar and Kanyakumari,Kosasthalaiyar,13.12861111111111,79.4786111111111,"Hydrology Division(HD),Chennai",Base
Colonelganj,Uttar Pradesh,GONDA,Ganga,Sarju,27.125,81.66333333333334,"Middle Ganga Division-I(MGD-I), Lucknow",Base
Ranipool,Sikkim,GANGTOK DISTRICT,Brahmaputra,Rani Khola,27.278888888888886,88.59444444444443,"Sikkim Investigation Division, Gangtok",Base
A.B.Road X-ing,Madhya Pradesh,GUNA,Ganga,Parwati,24.34611111111111,77.10777777777777,"Chambal Division(CD), Jaipur",Base
Bakcha,Sikkim,MANGAN,Brahmaputra,Bakcha Chu,27.41777777777778,88.63027777777778,"Sikkim Investigation Division, Gangtok",Base
Balehonnur,Karnataka,Chikkamagaluru,Krishna,Bhadra,13.351944444444444,75.47083333333333,"Cauvery Division, Bangaluru",Base
Anantharam,Telangana,YADADRI,Krishna,Musi,17.446944444444444,79.40972222222223,"Lower Krishna Division(LKD), Hyderabad",Base
Kalisindh Dam,Rajasthan,JHALAWAR,Ganga,Kalisindh,24.482777777777777,76.22305555555556,"Chambal Division(CD), Jaipur",Inflow
Yuksum,Sikkim,GYALSINGH,Brahmaputra,Rathang Chu,27.36777777777778,88.20722222222223,"Sikkim Investigation Division, Gangtok",Base
Narayanpuram Anicut,Andhra Pradesh,SRIKAKULAM,East flowing rivers between Mahanadi and Pennar,Nagavali,18.485,83.80722222222222,"Eastern Rivers Division(ERD), Bhubaneswar",Inflow
T. Ramapuram,Karnataka,Ballari,Krishna,Hagari,15.661111111111111,76.96555555555555,"Lower Krishna Division(LKD), Hyderabad",Base
Sagbari,Sikkim,NAMCHI,Brahmaputra,Rangit,27.255,88.30499999999999,"Sikkim Investigation Division, Gangtok",Base
Adarsh Gaon,Sikkim,GANGTOK DISTRICT,Brahmaputra,Teesta,27.231944444444444,88.49194444444444,"Sikkim Investigation Division, Gangtok",Base
Laven,Sikkim,MANGAN,Brahmaputra,Talang Chu,27.524166666666666,88.52666666666667,"Sikkim Investigation Division, Gangtok",Base
ALLAM VARI GHANAPUR,Telangana,WARANGAL RURAL,Godavari,Peddavagu,18.337777777777777,80.43,"Upper Godavari Division(UGD), Hyderabad",Base
Parsa,Uttar Pradesh,Lakhimpur Kheri,Ganga,Ghagra,27.989166666666666,81.21416666666667,"Middle Ganga Division-I(MGD-I), Lucknow",Base
Borkhandi,Rajasthan,KOTA,Ganga,Chandralohi,25.184722222222224,75.93555555555555,"Chambal Division(CD), Jaipur",Base
Khatoli,Rajasthan,KOTA,Ganga,Parwati,25.679444444444446,76.48388888888888,"Chambal Division(CD), Jaipur",Base
Puthimari NH Rd Xing,Assam,KAMRUP,Brahmaputra,Puthimari,26.365833333333335,91.65277777777779,"Middle Brahmaputra Division (MBD), Guwahati",Level
Chengalpet,Tamil Nadu,Chengalpattu,East flowing rivers between Pennar and Kanyakumari,Palar,12.65,79.94722222222222,"Hydrology Division(HD),Chennai",Base
Umkhen-II,Meghalaya,East Khasi Hills,Brahmaputra,Umkhen,25.594166666666666,92.06083333333333,"Meghna Investigation Division(MID), Shillong",Base
Rajghat,Odisha,Baleshwar,Subernarekha,Subarnarekha,21.767777777777777,87.16416666666667,"Eastern Rivers Division(ERD), Bhubaneswar",Level
Sankalang,Sikkim,MANGAN,Brahmaputra,Teesta,27.51722222222222,88.53222222222222,"Sikkim Investigation Division, Gangtok",Base
Lachen,Sikkim,MANGAN,Brahmaputra,Lachen Chu,27.71944444444444,88.56138888888889,"Sikkim Investigation Division, Gangtok",Base
Nandalur,Andhra Pradesh,CUDDAPAH,Pennar,Cheyyeru,14.254722222222222,79.11638888888888,"Hydrology Division(HD),Chennai",Base
Haralahalli,Karnataka,Haveri,Krishna,Tungabhadra,14.830555555555556,75.67444444444445,"Cauvery Division, Bangaluru",Base
Balrampur,Uttar Pradesh,BALRAMPUR,Ganga,Rapti,27.435277777777777,82.22944444444444,"Middle Ganga Division-I(MGD-I), Lucknow",Level
Magardharra,Madhya Pradesh,BALAGHAT,Godavari,Wainganga,21.95583333333333,80.10916666666667,"Wainganga Division(WD), Nagpur",Base
Bop,Sikkim,MANGAN,Brahmaputra,Lachung Chu,27.611666666666668,88.65833333333335,"Sikkim Investigation Division, Gangtok",Base
Bist Doab Canal,Punjab,ROPAR,Indus,Satluj,30.991944444444446,76.51472222222222,Executive Engineer-I/ NHP BBMB Chandigarh,Base
Sonauli Mohammad Pur,Uttar Pradesh,GONDA,Ganga,Ghagra,26.88361111111111,81.8,"Middle Ganga Division-I(MGD-I), Lucknow",Base
Melli,Sikkim,NAMCHI,Brahmaputra,Teesta,27.085277777777776,88.45166666666667,"Sikkim Investigation Division, Gangtok",Level
Rangma Range,Sikkim,MANGAN,Brahmaputra,Lachen Chu,27.613611111111112,88.62888888888888,"Sikkim Investigation Division, Gangtok",Base
Venganur,Tamil Nadu,Cuddalore,East flowing rivers between Pennar and Kanyakumari,Periyaodai,11.443055555555556,79.02444444444444,"Hydrology Division(HD),Chennai",Base
MIYAR NALLAH,Himachal Pradesh,LAHUL and SPITI,Indus,Miyar Nallah,32.72638888888889,76.66888888888889,"Snow Hydrology Division(SHD), Shimla",Base
Singtam,Sikkim,PAKYONG,Brahmaputra,Rani Khola,27.231666666666666,88.49916666666667,"Sikkim Investigation Division, Gangtok",Level
Rothak,Sikkim,NAMCHI,Brahmaputra,Rangit,27.171666666666667,88.29944444444445,"Sikkim Investigation Division, Gangtok",Level
LAXMI BARRAGE,Telangana,BHUPALPALLY,Godavari,Godavari,18.703888888888887,80.08916666666666,"Upper Godavari Division(UGD), Hyderabad",Inflow
Kotni,Chhattisgarh,DURG,Mahanadi,Seonath,21.22083333333333,81.24111111111111,"Mahanadi Division(MD), Burla",Base
JANNAPURA,Karnataka,Hassan,Cauvery,Votehole,13.05638888888889,75.96138888888889,"Cauvery Division, Bangaluru",Base
MAHUWA,Gujarat,Surat,West flowing rivers from Tapi to Tadri,Purna,21.014444444444443,73.14027777777778,"Executive Engineer, Tapi Division, Surat",Base
Akbarpur,Uttar Pradesh,AMBEDKAR NAGAR,Ganga,Chhoti Saryu,26.429166666666667,82.54861111111111,"Middle Ganga Division-III(MGD-III), Varanasi",Base
Pipalkoti,Uttarakhand,Chamoli,Ganga,Alaknanda,30.420555555555556,79.41444444444446,"Himalayan Ganga Division,Haridwar",Base
Khagaria,Bihar,KHAGARIA,Ganga,Burhi Gandak,25.486666666666668,86.43694444444445,"Lower Ganga Division-I(LGD-I), Patna",Level
Phaphamau,Uttar Pradesh,PRAYGRAJ,Ganga,Ganga,25.504166666666666,81.86333333333333,"Middle Ganga Division-III(MGD-III), Varanasi",Level
Sadalga (Seasonal),Karnataka,Belgaum,Krishna,Dudhganga,16.56361111111111,74.5275,"Upper Krishna Division(UKD), Pune",Base
NEAIRGRAM,Assam,CACHAR,Barak and Others,Barak,24.76222222222222,92.83694444444444,"Meghna Division(MD), Silchar",Base
Idukki (Eb)/Idukki Arch Reservoir,Kerala,IDUKKI,West flowing rivers from Tadri to Kanyakumari,Periyar,9.84,76.97,"Southern Western River Division(SWRD), Kochi",Inflow
RAMPUR_1,Himachal Pradesh,SHIMLA,Indus,Satluj,31.44311111111111,77.628,"Snow Hydrology Division(SHD), Shimla",Base
Khanpur,Gujarat,Anand,Mahi,Mahi,22.535,73.14027777777778,"Executive Engineer, Mahi Divison, Gandhinagar",Base
Doddipadu,Andhra Pradesh,KURNOOL,Krishna,Hundri,15.739999999999998,78.00805555555556,"Lower Krishna Division(LKD), Hyderabad",Base
Kabir Ganj,Uttar Pradesh,PILIBHIT,Ganga,Sarda,28.50861111111111,80.38444444444445,"Middle Ganga Division-I(MGD-I), Lucknow",Base
Beki Road bridge,Assam,BARPETA,Brahmaputra,Beki,26.494133333333334,90.91789722222222,"Middle Brahmaputra Division (MBD), Guwahati",Level
SOLACHAR,Dadra & Nagar Haveli,Dadra And Nagar Haveli,West flowing rivers from Tapi to Tadri,Sakkartond,20.20888888888889,72.99055555555556,"Executive Engineer, Tapi Division, Surat",Base
Mohgaon,Madhya Pradesh,MANDLA,Narmada,Burhner,22.765805555555556,80.62330555555555,"Narmada Division(ND), Bhopal",Base
BOMJIR,Arunachal Pradesh,Lower Dibang Valley,Brahmaputra,Lohit,28.157777777777778,95.66833333333334,"Upper Brahmaputra Division (UBD), Dibrugarh",Base
South Salmara,Assam,South Salmara-Mankachar,Brahmaputra,Brahmaputra,25.888333333333332,90.01583333333333,"Middle Brahmaputra Division (MBD), Guwahati",Base
Gandhav,Rajasthan,BARMER,West flowing rivers of Kutch and Saurashtra including Luni,Luni,24.988611111111112,71.68,"Executive Engineer, Mahi Divison, Gandhinagar",Base
SANTEGULI,Karnataka,Uttara Kannada,West flowing rivers from Tadri to Kanyakumari,Aghanashini,14.434444444444445,74.58888888888889,"Southern Western River Division(SWRD), Kochi",Base
VANDIPERIYAR,Kerala,IDUKKI,West flowing rivers from Tadri to Kanyakumari,Periyar,9.573333333333332,77.09055555555555,"Southern Western River Division(SWRD), Kochi",Base
Sirpur (Town),Telangana,KUMURAM BHEEM,Godavari,Wardha,19.509722222222223,79.58638888888889,"Wainganga Division(WD), Nagpur",Level
Ahraura,Uttar Pradesh,MIRZAPUR,Ganga,Jirgo,25.08277777777778,82.92083333333333,"Middle Ganga Division-III(MGD-III), Varanasi",Base
Gaura,Himachal Pradesh,SOLAN,Ganga,Ashani,30.897222222222222,77.19666666666667,"Upper Yamuna Division(UYD), New Delhi",Base
Karoti,Rajasthan,SIROHI,West flowing rivers of Kutch and Saurashtra including Luni,Sipu,24.593333333333334,72.56333333333333,"Executive Engineer, Mahi Divison, Gandhinagar",Base
Magaral,Tamil Nadu,Kancheepuram,East flowing rivers between Pennar and Kanyakumari,Cheyyar,12.708333333333332,79.75,"Hydrology Division(HD),Chennai",Base
Ghugumari,West Bengal,COOCH BEHAR,Brahmaputra,Torsa,26.28666666666667,89.45972222222223,"Lower Brahmaputra Division (LBD), Jalpaiguri",Level
Ujjani Reservoir,Maharashtra,Solapur,Krishna,Bhima,18.07,75.11999999999999,"Upper Krishna Division(UKD), Pune",Inflow
SHIRPUR,Maharashtra,Dhule,Tapi,Arunawati,21.339444444444442,74.89,"Executive Engineer, Tapi Division, Surat",Base
KUTTIPPURAM,Kerala,MALAPPURAM,West flowing rivers from Tadri to Kanyakumari,Bharathapuzha,10.840833333333334,76.02222222222223,"Southern Western River Division(SWRD), Kochi",Level
Machrar at Gidha,Madhya Pradesh,DINDORI,Narmada,Narmada,22.90861111111111,81.19388888888889,"Narmada Division(ND), Bhopal",Base
Bhatpalli,Telangana,KUMURAM BHEEM,Godavari,Peddavagu,19.329722222222223,79.50416666666666,"Wainganga Division(WD), Nagpur",Base
KALNA (flow),West Bengal,PURBA BARDHAMAN,Ganga,Bhagirathi-II (WB)*,23.220277777777778,88.37249999999999,"Lower Ganga Division III(LGD-III), Berhampore",Base
Garampani,Assam,KARBI ANGLONG,Brahmaputra,Dhansiri (South),26.334444444444443,93.88694444444445,"Upper Brahmaputra Division (UBD), Dibrugarh",Base
NUTANHAT,West Bengal,PURBA BARDHAMAN,Ganga,Ajoy,23.545555555555556,87.90694444444445,"Damodar Division(DD), Asansol",Base
Karnaprayag (A),Uttarakhand,Chamoli,Ganga,Alaknanda,30.265,79.21444444444445,"Himalayan Ganga Division,Haridwar",Base
Anupshahar,Uttar Pradesh,Buland Shahar,Ganga,Ganga,28.36388888888889,78.27888888888889,"Middle Ganga Division-II(MGD-II), Lucknow",Base
Baltara,Bihar,KHAGARIA,Ganga,Kosi,25.540000000000003,86.72472222222223,"Lower Ganga Division-I(LGD-I), Patna",Level
Kunavaram,Andhra Pradesh,ALLURI SITHARAMA RAJU,Godavari,Godavari,17.5675,81.25,"Lower Godavari Division(LGD), Hyderabad",Level
Mankatha,Bihar,LAKHISARAI,Ganga,Harohar,25.21333333333333,86.07027777777778,"Lower Ganga Division-II(LGD-II), Patna",Base
Buxar,Bihar,BUXAR,Ganga,Ganga,25.579722222222223,83.97666666666667,"Lower Ganga Division-II(LGD-II), Patna",Level
Wadakbal,Maharashtra,Solapur,Krishna,Sina,17.534166666666668,75.88472222222222,"Upper Krishna Division(UKD), Pune",Base
BETTADAMANE,Karnataka,Chikkamagaluru,Cauvery,Hemavathi,13.069166666666666,75.68,"Cauvery Division, Bangaluru",Base
SARANGKHEDA,Maharashtra,Nandurbar,Tapi,Tapi,21.428333333333335,74.52722222222222,"Executive Engineer, Tapi Division, Surat",Base
Lalganj,Bihar,VAISHALI,Ganga,Gandak,25.83138888888889,85.16805555555555,"Lower Ganga Division-II(LGD-II), Patna",Base
Paonta,Himachal Pradesh,SIRMAUR,Ganga,Yamuna,30.417705555555557,77.62275833333332,"Upper Yamuna Division(UYD), New Delhi",Level
Dalmau,Uttar Pradesh,Raibareli,Ganga,Ganga,26.060833333333335,81.0286111111111,"Middle Ganga Division-II(MGD-II), Lucknow",Level
Srikakulam,Andhra Pradesh,SRIKAKULAM,East flowing rivers between Mahanadi and Pennar,Nagavali,18.313333333333333,83.88416666666667,"Eastern Rivers Division(ERD), Bhubaneswar",Level
Golokganj,Assam,DHUBRI,Brahmaputra,Sankosh,26.107222222222223,89.8236111111111,"Lower Brahmaputra Division (LBD), Jalpaiguri",Level
Dharoi Dam,Gujarat,Mahesana,Sabarmati,Sabarmati,24.004444444444445,72.85388888888889,"Executive Engineer, Mahi Divison, Gandhinagar",Inflow
P.G. Bridge,Maharashtra,Yavatmal,Godavari,Penganga,19.820833333333333,78.56083333333333,"Wainganga Division(WD), Nagpur",Base
KUTTYADI,Kerala,KOZHIKODE,West flowing rivers from Tadri to Kanyakumari,Kuttyadi,11.650833333333333,75.75833333333334,"Southern Western River Division(SWRD), Kochi",Base
Pallamala,Andhra Pradesh,CHITTOOR,East flowing rivers between Pennar and Kanyakumari,Kalangi,13.718055555555555,79.7925,"Hydrology Division(HD),Chennai",Base
Gopiballavpur,West Bengal,MEDINIPUR,Subernarekha,Subarnarekha,22.21972222222222,86.90472222222223,"Eastern Rivers Division(ERD), Bhubaneswar",Base
Garudeshwar,Gujarat,Narmada,Narmada,Narmada,21.89,73.65,"Executive Engineer, Tapi Division, Surat",Level
Belonia,Tripura,SOUTH TRIPURA,Barak and Others,Muhari,23.25888888888889,91.46611111111112,"Meghna Division(MD), Silchar",Base
Savni,Gujarat,Gir Somnath,West flowing rivers of Kutch and Saurashtra including Luni,Hiran,20.949444444444445,70.45666666666666,"Executive Engineer, Mahi Divison, Gandhinagar",Base
Koelwar,Bihar,PATNA,Ganga,Sone,25.57138888888889,84.79777777777778,"Lower Ganga Division-II(LGD-II), Patna",Level
Jamraval,Gujarat,Devbhumi Dwarka,West flowing rivers of Kutch and Saurashtra including Luni,Vartu,21.92,69.485,"Executive Engineer, Mahi Divison, Gandhinagar",Base
Gangakhed W/L Station,Maharashtra,Parbhani,Godavari,Godavari,18.979999999999997,76.75,"Upper Godavari Division(UGD), Hyderabad",Level
Chhasara,Gujarat,Kachchh,West flowing rivers of Kutch and Saurashtra including Luni,Kharimitti,23.349166666666665,68.76833333333333,"Executive Engineer, Mahi Divison, Gandhinagar",Base
Chhidgaon,Madhya Pradesh,HARDA,Narmada,Ganjal,22.405277777777776,77.30833333333334,"Narmada Division(ND), Bhopal",Base
Jamshedpur,Jharkhand,PURBI SINGHBHUM,Subernarekha,Subarnarekha,22.815555555555555,86.21611111111112,"Eastern Rivers Division(ERD), Bhubaneswar",Level
Barna Reservoir,Madhya Pradesh,RAISEN,Narmada,Barna,23.049722222222226,78.06188888888889,"Narmada Division(ND), Bhopal",Inflow
Khandapara,Odisha,NAYAGARH,Mahanadi,Kusumi,20.2575,85.18611111111112,"Mahanadi Division(MD), Burla",Base
Indira Sagar Reservoir,Madhya Pradesh,Khandwa,Narmada,Narmada,22.282194444444443,76.47061111111111,"Narmada Division(ND), Bhopal",Inflow
Dhanora (Wardha),Maharashtra,Chandrapur,Godavari,Wardha,19.904444444444444,79.18361111111112,"Wainganga Division(WD), Nagpur",Base
Sirsa Khad,Punjab,ROPAR,Indus,Satluj,31.050555555555555,76.5975,Executive Engineer-I/ NHP BBMB Chandigarh,Base
Avarankuppam,Tamil Nadu,Tirupathur,East flowing rivers between Pennar and Kanyakumari,Palar,12.684166666666666,78.53944444444444,"Southern River Division(SRD), Coimbatore",Base
Dubbling Bridge_BBMB,Himachal Pradesh,KINNAUR,Indus,Satluj,31.863055555555558,78.60499999999999,Executive Engineer-I/ NHP BBMB Chandigarh,Base
Ririgaon,Assam,GOLAGHAT,Brahmaputra,Dhansiri (South),26.672222222222224,93.69194444444445,"Upper Brahmaputra Division (UBD), Dibrugarh",Base
NEPARI,Madhya Pradesh,MORENA,Ganga,Kunwari,26.300555555555555,77.59694444444445,"Lower Yamuna Division(LYD), Agra",Base
Tilaiya Reservoir,Jharkhand,HAZARIBAG,Ganga,Barakar,24.32,85.52,"Damodar Division(DD), Asansol",Inflow
DUSKHEDE,Maharashtra,Jalgaon,Tapi,Bahula,20.726666666666667,75.38388888888889,"Executive Engineer, Tapi Division, Surat",Base
DIANA,West Bengal,JALPAIGURI,Brahmaputra,Jaldhaka,26.86388888888889,89.00027777777778,"Lower Brahmaputra Division (LBD), Jalpaiguri",Base
NAGARAM,Telangana,KARIMNAGAR,Godavari,Maner,18.289166666666667,79.4738888888889,"Upper Godavari Division(UGD), Hyderabad",Base
Palla,Delhi,NORTH WEST,Ganga,Yamuna,28.845277777777778,77.21277777777777,"Upper Yamuna Division(UYD), New Delhi",Base
Umkiang,Meghalaya,East Jaintia Hills,Barak and Others,umkiang,25.060555555555556,92.38388888888889,"Meghna Investigation Division(MID), Shillong",Base
Saidpur,Uttar Pradesh,GHAZIPUR,Ganga,Ganga,25.53388888888889,83.22111111111111,"Middle Ganga Division-III(MGD-III), Varanasi",Base
Lohand_BBMB,Punjab,ROPAR,Indus,-,31.1752777777778,76.5705555555556,Executive Engineer-I/ NHP BBMB Chandigarh,Base
SARDHUA,Uttar Pradesh,CHITRAKOOT,Ganga,Paisuni,25.430555555555557,81.08361111111111,"Lower Yamuna Division(LYD), Agra",Base
Daya Rd.Bridge,Odisha,KHORDHA,Mahanadi,Daya,20.209166666666665,85.85138888888888,"Mahanadi Division(MD), Burla",Base
Jamui,Bihar,JAMUI,Ganga,Kiul,24.960277777777776,86.23833333333333,"Lower Ganga Division-II(LGD-II), Patna",Base
Maigalganj,Uttar Pradesh,Lakhimpur Kheri,Ganga,GOMTI,27.738333333333333,80.26694444444445,"Middle Ganga Division-II(MGD-II), Lucknow",Base
Kukkalthurai,Tamil Nadu,Nilgiris,Cauvery,Bhavani,11.485555555555555,76.8325,"Southern River Division(SRD), Coimbatore",Base
Ratanpur,Gujarat,Kheda,Sabarmati,Watrak,22.975555555555555,72.88361111111112,"Executive Engineer, Mahi Divison, Gandhinagar",Base
BANDA,Uttar Pradesh,BANDA,Ganga,Ken,25.481388888888887,80.31222222222222,"Lower Yamuna Division(LYD), Agra",Level
Banbasa,Uttarakhand,Champawat,Ganga,Sarda,28.995833333333334,80.10555555555555,"Middle Ganga Division-I(MGD-I), Lucknow",Base
BHAVANI BRIDGE,Tamil Nadu,Erode,Cauvery,Bhavani,11.438333333333334,77.68083333333334,"Southern River Division(SRD), Coimbatore",Base
Nanglamoraghat,Assam,SIVSAGAR,Brahmaputra,Desang,26.985,94.77666666666667,"Upper Brahmaputra Division (UBD), Dibrugarh",Level
Kashinagar,Odisha,GAJAPATI,East flowing rivers between Mahanadi and Pennar,Vamsadhara,18.848333333333333,83.87305555555555,"Eastern Rivers Division(ERD), Bhubaneswar",Level
Birdghat,Uttar Pradesh,GORAKHPUR,Ganga,Rapti,26.72972222222222,83.34972222222221,"Middle Ganga Division-I(MGD-I), Lucknow",Level
Manimuthar Dam,Tamil Nadu,Tirunelveli,East flowing rivers between Pennar and Kanyakumari,Manimuttar,8.653333333333334,77.41375000000001,"Southern River Division(SRD), Coimbatore",Inflow
Ambasamudram,Tamil Nadu,Theni,East flowing rivers between Pennar and Kanyakumari,Vaigai,9.925555555555555,77.51166666666667,"Southern River Division(SRD), Coimbatore",Base
Varanavasi,Tamil Nadu,Ariyalur,Cauvery,Marudaiyar,11.092500000000001,79.085,"Southern River Division(SRD), Coimbatore",Base
Ambabal (Narangi),Chhattisgarh,BASTAR,Godavari,Narangi,19.296666666666667,81.78888888888889,"Lower Godavari Division(LGD), Hyderabad",Base
Garhmukteshwar,Uttar Pradesh,Hapur,Ganga,Ganga,28.76638888888889,78.14166666666668,"Middle Ganga Division-II(MGD-II), Lucknow",Level
Jondhra,Chhattisgarh,BILASPUR,Mahanadi,Seonath,21.716944444444444,82.33833333333332,"Mahanadi Division(MD), Burla",Base
SUNDAR DAM,Jharkhand,GODDA,Ganga,Sundar,24.93,87.38,"Damodar Division(DD), Asansol",Inflow
Champua,Odisha,KENDUJHAR,Brahmani and Baitarni,Baitarani,22.06888888888889,85.67055555555557,"Eastern Rivers Division(ERD), Bhubaneswar",Base
Sirimoda,Odisha,KORAPUT,Godavari,Kalab,18.62027777777778,82.87166666666666,"Lower Godavari Division(LGD), Hyderabad",Base
KHANITAR,Sikkim,GANGTOK DISTRICT,Brahmaputra,Teesta,27.17777777777778,88.51333333333334,"Lower Brahmaputra Division (LBD), Jalpaiguri",Base
PATHRALA,Odisha,SAMBALPUR,,,21.341944444444444,83.54888888888888,"Mahanadi Division(MD), Burla",Base
Chimpu,Arunachal Pradesh,PAPUM PARE,Brahmaputra,Sinki,27.066666666666666,93.60027777777778,"North Eastern Investigation Division-III, Itanagar",Base
Shirdhon,Karnataka,Bijapur,Krishna,Doddahalla,17.36861111111111,75.59416666666667,"Upper Krishna Division(UKD), Pune",Base
Dheng Bridge,Bihar,SITAMARHI,Ganga,Bagmati,26.723888888888887,85.32277777777777,"Lower Ganga Division-I(LGD-I), Patna",Level
Japla,Jharkhand,PALAMAU,Ganga,Sone,24.566944444444445,83.97583333333334,"Lower Ganga Division-II(LGD-II), Patna",Base
Kurubhata,Chhattisgarh,RAIGARH,Mahanadi,Mand,21.981111111111108,83.21055555555556,"Mahanadi Division(MD), Burla",Base
Churhat,Madhya Pradesh,SIDHI,Ganga,Son,24.372777777777777,81.60333333333332,"Middle Ganga Division-III(MGD-III), Varanasi",Base
MALPUR(BALASANA),Maharashtra,Dhule,Tapi,Amravati,21.284722222222225,74.51333333333334,"Executive Engineer, Tapi Division, Surat",Base
Dindori,Madhya Pradesh,DINDORI,Narmada,Narmada,22.94811111111111,81.0761111111111,"Narmada Division(ND), Bhopal",Base
Chepan,West Bengal,ALIPURDUAR,Brahmaputra,Raidak-I,26.492222222222225,89.70083333333334,"Lower Brahmaputra Division (LBD), Jalpaiguri",Base
NELLITHURAI,Tamil Nadu,Coimbatore,Cauvery,Bhavani,11.287777777777778,76.89111111111112,"Southern River Division(SRD), Coimbatore",Base
Nangal_BBMB,Punjab,ROPAR,Indus,Satluj,31.3972222222222,76.3725,Executive Engineer-I/ NHP BBMB Chandigarh,Base
Koilari,Madhya Pradesh,SHAHDOL,Ganga,Banas,23.977777777777778,81.51333333333334,"Middle Ganga Division-III(MGD-III), Varanasi",Base
Tenduni at Maheshwar,Madhya Pradesh,RAISEN,Narmada,Tenduni,22.977777777777778,78.32138888888889,"Narmada Division(ND), Bhopal",Base
D/s Thein Dam (Gammon Bridge)_BBMB,Punjab,FARIDKOT,Indus,-,32.4347222222222,75.7430555555556,Executive Engineer-I/ NHP BBMB Chandigarh,Base
Masani,Haryana,REWARI,Ganga,Sahibi,28.20138888888889,76.74388888888889,"Upper Yamuna Division(UYD), New Delhi",Base
Hathed at Misrod,Madhya Pradesh,HOSHANGABAD,Narmada,Narmada,22.63888888888889,77.55972222222222,"Narmada Division(ND), Bhopal",Base
Saksohra,Bihar,PATNA,Ganga,Phalgu,25.393055555555556,85.705,"Lower Ganga Division-II(LGD-II), Patna",Base
Baladoba,Assam,DHUBRI,Brahmaputra,Sankosh,26.01888888888889,89.82944444444443,"Lower Brahmaputra Division (LBD), Jalpaiguri",Base
Bhavani Sagar Dam,Tamil Nadu,Erode,Cauvery,Bhavani,11.47,77.1,"Southern River Division(SRD), Coimbatore",Inflow
Singur Reservoir,Telangana,SANGA REDDY,Godavari,Manjira,17.75,77.93,"Upper Godavari Division(UGD), Hyderabad",Inflow
Jamner at Sandalpur,Madhya Pradesh,DEWAS,Narmada,Narmada,22.57777777777778,76.97166666666666,"Narmada Division(ND), Bhopal",Base
Subhash Bridge,Gujarat,Ahmedabad,Sabarmati,Sabarmati,23.06138888888889,72.58555555555554,"Executive Engineer, Mahi Divison, Gandhinagar",Level
Neemsar,Uttar Pradesh,SITAPUR,Ganga,Gomti,27.34611111111111,80.47777777777777,"Middle Ganga Division-II(MGD-II), Lucknow",Base
Keesara,Andhra Pradesh,KRISHNA,Krishna,Munneru,16.71472222222222,80.32027777777778,"Lower Krishna Division(LKD), Hyderabad",Base
Bhojpur,Uttar Pradesh,MORADABAD,Ganga,Dehla,28.97138888888889,78.8236111111111,"Middle Ganga Division-II(MGD-II), Lucknow",Base
KUPPELUR,Karnataka,Haveri,Krishna,Kumudvati,14.5,75.63388888888889,"Cauvery Division, Bangaluru",Base
Kota Barrage,Rajasthan,KOTA,Ganga,chambal,25.17638888888889,75.82583333333334,"Chambal Division(CD), Jaipur",Inflow
Mandsour,Madhya Pradesh,MANDSAUR,Ganga,Shivna,24.05611111111111,75.07527777777777,"Chambal Division(CD), Jaipur",Base
WJC MLL,Haryana,YAMUNANAGAR,Yamuna Basin,Yamuna,30.215833333333332,77.39444444444445,"Water Data Collection, Karnal",Base
Pandarak,Bihar,PATNA,Ganga,Ganga,25.506944444444443,85.74083333333333,"Lower Ganga Division-II(LGD-II), Patna",Base
ARUVIPURAM,Kerala,THIRUVANANTHAPURAM,West flowing rivers from Tadri to Kanyakumari,Neyyar,8.42,77.0925,"Southern Western River Division(SWRD), Kochi",Base
Harangajao,Assam,Dima Hasao,Barak and Others,Jatinga,25.115555555555556,92.85666666666665,"Meghna Investigation Division(MID), Shillong",Base
Bhagalpur,Bihar,BHAGALPUR,Ganga,Ganga,25.269444444444442,87.01555555555555,"Lower Ganga Division-II(LGD-II), Patna",Level
Chinturu (Tallagudem/Kummuru),Andhra Pradesh,ALLURI SITHARAMA RAJU,Godavari,Sabri,17.74361111111111,81.38666666666667,"Lower Godavari Division(LGD), Hyderabad",Level
Khudrakhowa,Assam,BARPETA,Brahmaputra,Manas,26.306944444444444,90.75111111111111,"Middle Brahmaputra Division (MBD), Guwahati",Base
WANKHED,Maharashtra,Buldana,Tapi,Tapi,20.988333333333333,76.71666666666667,"Executive Engineer, Tapi Division, Surat",Base
Bharuch,Gujarat,Bharuch,Narmada,Narmada,21.7,73.0,"Executive Engineer, Tapi Division, Surat",Level
Naharkatia,Assam,DIBRUGARH,Brahmaputra,Buridehing,27.29388888888889,95.33138888888888,"Upper Brahmaputra Division (UBD), Dibrugarh",Level
MANANTHAVADY,Kerala,WAYANAD,Cauvery,Kabini,11.795833333333333,76.00361111111111,"Cauvery Division, Bangaluru",Base
Upper Tunga Prject,Karnataka,Shivamogga,Krishna,Tunga,13.843333333333334,75.52638888888889,"Cauvery Division, Bangaluru",Inflow
Bawapuram,Andhra Pradesh,KURNOOL,Krishna,Tungabhadra,15.8825,77.95722222222223,"Lower Krishna Division(LKD), Hyderabad",Base
Kopergaon,Maharashtra,Ahmadnagar,Godavari,Godavari,19.89,74.49,"Upper Godavari Division(UGD), Hyderabad",Level
Keonjhar,Odisha,KENDUJHAR,Brahmani and Baitarni,Ararai,21.62777777777778,85.63138888888888,"Eastern Rivers Division(ERD), Bhubaneswar",Base
Azamgarh,Uttar Pradesh,AZAMGARH,Ganga,Chhoti Saryu,26.05,83.18333333333334,"Middle Ganga Division-III(MGD-III), Varanasi",Level
Datuni at Dudwas,Madhya Pradesh,DEWAS,Narmada,Narmada,22.56722222222222,76.68833333333333,"Narmada Division(ND), Bhopal",Base
Maneri,Uttarakhand,Uttarkashi,Ganga,Bhagirathi,30.772777777777776,78.60138888888888,"Himalayan Ganga Division,Haridwar",Base
Teesta -V Dam,Sikkim,GANGTOK DISTRICT,Brahmaputra,Teesta,27.38722222222222,88.50361111111111,"Sikkim Investigation Division, Gangtok",Inflow
Wadenepally,Telangana,SURYAPET,Krishna,Krishna,16.79416666666667,80.07305555555556,"Lower Krishna Division(LKD), Hyderabad",Base
Purna,Maharashtra,Parbhani,Godavari,Purna,19.183333333333334,77.03305555555555,"Upper Godavari Division(UGD), Hyderabad",Base
Chhapra,Bihar,SARAN,Ganga,Ganga,25.754166666666666,84.7875,"Lower Ganga Division-II(LGD-II), Patna",Level
Pati,Madhya Pradesh,BARWANI,Narmada,Goi,21.94361111111111,74.74472222222222,"Narmada Division(ND), Bhopal",Base
GANDAK BARRAGE,Bihar,PASHCHIM CHAMPARAN,Ganga,Gandak,27.43,83.9,"Lower Ganga Division-I(LGD-I), Patna",Inflow
Paradih,Jharkhand,RANCHI,Subernarekha,Kanchi,23.11388888888889,85.615,"Eastern Rivers Division(ERD), Bhubaneswar",Base
GodavariRlyBridge(Rajahmundry),Andhra Pradesh,EAST GODAVARI,Godavari,Godavari,17.006944444444443,81.76694444444445,"Lower Godavari Division(LGD), Hyderabad",Level
Annavasal,Puducherry,Karaikal,Cauvery,Nattar,10.975,79.7538888888889,"Hydrology Division(HD),Chennai",Base
Niivali,Maharashtra,Ratnagiri,West flowing rivers from Tapi to Tadri,Bav,17.066944444444445,73.45083333333334,"Upper Krishna Division(UKD), Pune",Base
BALIJAGAON,Assam,DIBRUGARH,Brahmaputra,Buridehing,27.35388888888889,95.18722222222223,"Upper Brahmaputra Division (UBD), Dibrugarh",Base
Kulichera,Assam,CACHAR,Barak and Others,Rukni,24.49083333343883,92.80444444403835,"North Eastern Investigation Division-I, Silchar",Base
Bhakudar (Sipu Dam),Gujarat,Banaskantha,West flowing rivers of Kutch and Saurashtra including Luni,Sipu,24.400277777777777,72.30944444444444,"Executive Engineer, Mahi Divison, Gandhinagar",Base
Harangi Reservoir,Karnataka,Kodagu,Cauvery,Harangi,12.493799999999998,75.9054138888889,"Cauvery Division, Bangaluru",Inflow
Kanti,Bihar,MUZAFFARPUR,Ganga,Burhi Gandak,26.27361111111111,85.30027777777778,"Lower Ganga Division-I(LGD-I), Patna",Base
Narayanapur Reservoir,Karnataka,Bagalkote,Krishna,Krishna,16.2,76.36,"Lower Krishna Division(LKD), Hyderabad",Inflow
THOPPUR,Tamil Nadu,Salem,Cauvery,Thoppaiyar,11.938333333333334,78.05722222222222,"Southern River Division(SRD), Coimbatore",Base
TARINIPUR,West Bengal,NORTH 24 PARGANAS,Ganga,Ichamati,22.889666666666667,88.87955555555556,"Lower Ganga Division III(LGD-III), Berhampore",Base
AGRA (J.B.),Uttar Pradesh,AGRA,Ganga,Yamuna,27.203888888888887,78.035,"Lower Yamuna Division(LYD), Agra",Level
Karnaprayag (P),Uttarakhand,Chamoli,Ganga,Pinder,30.255,79.22111111111111,"Himalayan Ganga Division,Haridwar",Base
Marora,Uttarakhand,PAURI GARHWAL,Ganga,Nayar,29.937305555555557,78.70244444444445,"Himalayan Ganga Division,Haridwar",Base
AIE NH XING,Assam,BONGAIGAON,Brahmaputra,Aie,26.496602777777778,90.65384444444445,"Middle Brahmaputra Division (MBD), Guwahati",Base
Honnali,Karnataka,Davanagere,Krishna,Tungabhadra,14.237222222222222,75.66250000000001,"Cauvery Division, Bangaluru",Base
Nandgaon,Maharashtra,Wardha,Godavari,Wunna,20.525555555555556,78.80888888888889,"Wainganga Division(WD), Nagpur",Base
Ghatora,Chhattisgarh,BILASPUR,Mahanadi,Arpa,22.048611111111114,82.22166666666666,"Mahanadi Division(MD), Burla",Base
Kaliajari,Assam,MARIGAON,Brahmaputra,-,26.27611111111111,92.18861111111111,"Middle Brahmaputra Division (MBD), Guwahati",Base
Malibari,Assam,KAMRUP,Brahmaputra,Kulsi,26.0775,91.10555555555555,"Middle Brahmaputra Division (MBD), Guwahati",Base
Sangampally (Chintavagu),Chhattisgarh,DANTEWADA,Godavari,-,18.75,80.5786111111111,"Lower Godavari Division(LGD), Hyderabad",Base
Kamalapuram,Andhra Pradesh,CUDDAPAH,Pennar,Papagni,14.580555555555556,78.67777777777778,"Hydrology Division(HD),Chennai",Base
Katerniaghat Barrage,Uttar Pradesh,BAHRAICH,Ganga,Ghagra,28.27,81.08999999999999,"Middle Ganga Division-I(MGD-I), Lucknow",Inflow
THEVUR,Tamil Nadu,Salem,Cauvery,Sarabenga,11.527222222222223,77.75083333333333,"Southern River Division(SRD), Coimbatore",Base
Runisaidpur,Bihar,MUZAFFARPUR,Ganga,Bagmati,26.34611111111111,85.48583333333333,"Lower Ganga Division-I(LGD-I), Patna",Level
Balimundali,Odisha,MAYURBHANJ,Subernarekha,Burhabalang,21.733888888888888,86.63333333333334,"Eastern Rivers Division(ERD), Bhubaneswar",Base
Sonkatch,Madhya Pradesh,DEWAS,Ganga,Kalisindh,22.981111111111108,76.34388888888888,"Chambal Division(CD), Jaipur",Base
Myntdu Stage-II power house,Meghalaya,East Jaintia Hills,Barak and Others,Barak,25.156666666315516,92.21749999991997,"North Eastern Investigation Division-I, Silchar",Base
SINGASADANAPALLI,Tamil Nadu,Krishnagiri,East flowing rivers between Pennar and Kanyakumari,Ponnaiyar,12.870000000000001,77.83611111111111,"Southern River Division(SRD), Coimbatore",Base
Tenughat Reservoir,Jharkhand,BOKARO,Ganga,Damodar,23.72472222222222,85.83999999999999,"Damodar Division(DD), Asansol",Inflow
NEELEESWARAM,Kerala,ERNAKULAM,West flowing rivers from Tadri to Kanyakumari,Periyar,10.18361111111111,76.49555555555555,"Southern Western River Division(SWRD), Kochi",Level
Belne Bridge,Maharashtra,Sindudurg,West flowing rivers from Tapi to Tadri,Gad,16.22083333333333,73.59472222222222,"Cauvery Division, Bangaluru",Base
Mangrul,Maharashtra,Yavatmal,Godavari,Aran,20.18888888888889,77.98666666666666,"Wainganga Division(WD), Nagpur",Base
Madhopur Headworks_BBMB,Punjab,PATHANKOT,Indus,-,32.3669444444444,75.5994444444444,Executive Engineer-I/ NHP BBMB Chandigarh,Base
Sathanur Dam,Tamil Nadu,Tiruvannamalai,East flowing rivers between Pennar and Kanyakumari,Ponnaiyar,12.183055555555555,78.85,"Hydrology Division(HD),Chennai",Inflow
Tikarpara,Odisha,ANUGUL,Mahanadi,Mahanadi,20.598888888888887,84.78138888888888,"Mahanadi Division(MD), Burla",Base
VADAMADURAI,Tamil Nadu,Madurai,Cauvery,Kodaganar,10.461388888888887,78.05333333333333,"Southern River Division(SRD), Coimbatore",Base
Kosagumda (Bhaskel),Odisha,Nabarangapur,Godavari,Bhaskal,19.27722222222222,82.23305555555555,"Lower Godavari Division(LGD), Hyderabad",Base
Goverdhey ghat,Madhya Pradesh,HARDA,Ganga,Sone,23.769166666666667,81.20527777777778,"Middle Ganga Division-III(MGD-III), Varanasi",Base
Lala,Assam,HAILAKANDI,Barak and Others,Katakhal,24.60777777777778,92.61361111111111,"Meghna Division(MD), Silchar",Base
ORAI-2 Mangrayan,Uttar Pradesh,JALAUN,Ganga,Noon,26.049722222222226,79.39611111111111,"Lower Yamuna Division(LYD), Agra",Base
Bamni,Madhya Pradesh,MANDLA,Narmada,Banjar,22.485,80.37638888888888,"Narmada Division(ND), Bhopal",Base
Sankara,Chhattisgarh,MAHASAMUND,Mahanadi,Jonk,21.28888888888889,82.65138888888889,"Mahanadi Division(MD), Burla",Base
Lemeking,Arunachal Pradesh,UPPER SUBANSIRI,Brahmaputra,Subansiri,28.372777777777777,93.55972222222222,"Upper Brahmaputra Division (UBD), Dibrugarh",Base
YENNEHOLE,Karnataka,Udupi,West flowing rivers from Tadri to Kanyakumari,Swarna,13.294166666666667,74.98083333333334,"Southern Western River Division(SWRD), Kochi",Base
Kalimachak at Charuwa,Madhya Pradesh,HARDA,Narmada,Narmada,22.07361111111111,76.91472222222222,"Narmada Division(ND), Bhopal",Base
Marol,Karnataka,Haveri,Krishna,Varadha,14.93888888888889,75.61805555555554,"Cauvery Division, Bangaluru",Base
Kolipal,Odisha,KENDUJHAR,Brahmani and Baitarni,-,21.43888888888889,85.18777777777778,"Eastern Rivers Division(ERD), Bhubaneswar",Base
DUDHNAI,Assam,GOALPARA,Brahmaputra,Dudhnai,25.980555555555554,90.79055555555556,"Middle Brahmaputra Division (MBD), Guwahati",Base
JAMALPUR,West Bengal,PURBA BARDHAMAN,Ganga,Damodar,23.083055555555557,87.93333333333334,"Damodar Division(DD), Asansol",Base
Kasmabad,Uttar Pradesh,GHAZIPUR,Ganga,Chhoti Saryu,25.835555555555555,83.75416666666666,"Middle Ganga Division-III(MGD-III), Varanasi",Base
Kurnool Town,Andhra Pradesh,KURNOOL,Krishna,Tungabhadra,15.845,78.0375,"Lower Krishna Division(LKD), Hyderabad",Level
Paliakalan,Uttar Pradesh,Lakhimpur Kheri,Ganga,Sarda,28.384999999999998,80.55333333333333,"Middle Ganga Division-I(MGD-I), Lucknow",Base
Wanakbori Weir,Gujarat,Mahisagar,Mahi,Mahi,22.9475,73.42944444444444,"Executive Engineer, Mahi Divison, Gandhinagar",Level
Changsari,Assam,KAMRUP,Brahmaputra,-,26.254722222222224,91.66027777777778,"Middle Brahmaputra Division (MBD), Guwahati",Base
Konar Reservoir,Jharkhand,HAZARIBAG,Ganga,Konark,23.929444444444446,85.76194444444444,"Damodar Division(DD), Asansol",Inflow
Borad at Thikri,Madhya Pradesh,BARWANI,Narmada,Borad,22.073055555555555,75.4038888888889,"Narmada Division(ND), Bhopal",Base
NELLIPPALLI,Kerala,Kollam,West flowing rivers from Tadri to Kanyakumari,Kallada,9.027777777777779,76.92472222222223,"Southern Western River Division(SWRD), Kochi",Base
VARRAI,Dadra & Nagar Haveli,Dadra And Nagar Haveli,West flowing rivers from Tapi to Tadri,Sakkartond,20.284166666666668,72.99972222222222,"Executive Engineer, Tapi Division, Surat",Base
Warna Dam,Maharashtra,Kolhapur,Krishna,Warna,17.13,73.86,"Upper Krishna Division(UKD), Pune",Inflow
Borkhola,Assam,CACHAR,Barak and Others,Jatinga,24.924166666666668,92.75333333333333,"Meghna Division(MD), Silchar",Base
Bangapani,Uttarakhand,Pithoragarh,Ganga,Gauri Ganga,29.959444444444443,80.30444444444444,"Middle Ganga Division-I(MGD-I), Lucknow",Base
Ramakona,Madhya Pradesh,UMARIA,Godavari,Kanhan,21.718888888888888,78.82416666666666,"Wainganga Division(WD), Nagpur",Base
Ramsanehi Ghat,Uttar Pradesh,BARABANKI,Ganga,Kalyani,26.789722222222224,81.56416666666667,"Middle Ganga Division-II(MGD-II), Lucknow",Base
LAMYARI,Uttar Pradesh,CHITRAKOOT,Ganga,Baghain,25.48222222222222,80.99583333333334,"Lower Yamuna Division(LYD), Agra",Base
Umroi,Meghalaya,RI BHOI,Brahmaputra,UMIAM,25.710555555555555,91.99194444444444,"Meghna Investigation Division(MID), Shillong",Base
Rangeli,Rajasthan,DUNGARPUR,Mahi,Som,23.872222222222224,74.22333333333333,"Executive Engineer, Mahi Divison, Gandhinagar",Base
JARAINA,Madhya Pradesh,MORENA,Ganga,Asan,26.43277777777778,77.90222222222222,"Lower Yamuna Division(LYD), Agra",Base
Marchula,Uttarakhand,Almora,Ganga,Ramganga,29.60611111111111,79.09277777777777,"Middle Ganga Division-II(MGD-II), Lucknow",Base
Ganod,Gujarat,Rajkot,West flowing rivers of Kutch and Saurashtra including Luni,Bhadar,21.665555555555553,70.18083333333334,"Executive Engineer, Mahi Divison, Gandhinagar",Base
Pench Reservoir (Machagora Dam),Madhya Pradesh,CHHINDWARA,Godavari,Pench,22.119444444444444,79.17361111111111,"Wainganga Division(WD), Nagpur",Inflow
Golaghat,Assam,GOLAGHAT,Brahmaputra,Dhansiri (South),26.504,93.95197222222222,"Upper Brahmaputra Division (UBD), Dibrugarh",Level
Somanpally(Seasonal),Telangana,KARIMNAGAR,Godavari,Maner,18.616666666666667,79.8,"Upper Godavari Division(UGD), Hyderabad",Base
PALAKADAVU,Kerala,THRISSUR,West flowing rivers from Tadri to Kanyakumari,Karuvannur,10.424999999999999,76.23777777777778,"Southern Western River Division(SWRD), Kochi",Base
KALNA (Ebb),West Bengal,PURBA BARDHAMAN,Ganga,Bhagirathi-II (WB)*,23.220277777777778,88.37249999999999,"Lower Ganga Division III(LGD-III), Berhampore",Base
Prakasam Barrage,Andhra Pradesh,KRISHNA,Krishna,Krishna,16.5,80.6,"Lower Krishna Division(LKD), Hyderabad",Inflow
Jenapur,Odisha,JAJAPUR,Brahmani and Baitarni,Brahmani,20.879722222222224,86.01083333333334,"Eastern Rivers Division(ERD), Bhubaneswar",Level
BADAUSA,Uttar Pradesh,BANDA,Ganga,Baghain,25.239444444444445,80.66083333333334,"Lower Yamuna Division(LYD), Agra",Base
PAILANI DERA,Uttar Pradesh,BANDA,Ganga,KEN,25.77638888888889,80.42166666666667,"Lower Yamuna Division(LYD), Agra",Base
CHIRIPOOL,Assam,CACHAR,Barak and Others,Barak,24.80388888888889,93.02055555555556,"Meghna Division(MD), Silchar",Base
Udwantnagar,Bihar,BHOJPUR,Ganga,Ganga,25.526944444444442,84.58638888888889,"Lower Ganga Division-II(LGD-II), Patna",Base
Palmerganj,Bihar,AURANGABAD,Ganga,Punpun,24.858611111111113,84.31138888888889,"Lower Ganga Division-II(LGD-II), Patna",Base
Sher at Kacchara,Madhya Pradesh,NARSIMHAPUR,Narmada,Sher,22.823888888888888,79.4575,"Narmada Division(ND), Bhopal",Base
BURLA,Odisha,SAMBALPUR,Mahanadi,Mahanadi,21.508333333333333,83.88305555555554,"Mahanadi Division(MD), Burla",Base
SANKO GHAT,West Bengal,MURSHIDABAD,Ganga,Tepra,24.156388888888888,88.01722222222222,"Damodar Division(DD), Asansol",Base
Kanuru Agraharam (Vashista),Andhra Pradesh,WEST GODAVARI,Godavari,-,16.829166666666666,81.75472222222223,"Lower Godavari Division(LGD), Hyderabad",Base
HOLEHONNUR,Karnataka,Shivamogga,Krishna,Bhadra,13.97638888888889,75.68527777777778,"Cauvery Division, Bangaluru",Base
Melkalpoondi,Tamil Nadu,Cuddalore,East flowing rivers between Pennar and Kanyakumari,Vellar,11.435277777777777,78.9388888888889,"Hydrology Division(HD),Chennai",Base
Bhunter on Parvati River_BBMB,Himachal Pradesh,KULLU,Indus,Beas,31.89361111111111,77.14694444444446,Executive Engineer-I/ NHP BBMB Chandigarh,Base
Pathardihi,Chhattisgarh,RAIPUR,Mahanadi,kharun,21.341944444444444,81.59277777777777,"Mahanadi Division(MD), Burla",Base
Karanja Dam,Karnataka,Bidar,Godavari,Karanja,17.88,77.31,"Upper Godavari Division(UGD), Hyderabad",Inflow
Dhobahat,Uttar Pradesh,BASTI,Ganga,Ghagra,26.60777777777778,82.63694444444445,"Middle Ganga Division-I(MGD-I), Lucknow",Base
Badlaghat,Bihar,KHAGARIA,Ganga,Bagmati,25.571666666666665,86.59027777777777,"Lower Ganga Division-I(LGD-I), Patna",Base
Nongstoin-I (Mawthungkper),Meghalaya,West Khasi Hills,Barak and Others,kynshi,25.467777777777776,91.30111111111111,"Meghna Investigation Division(MID), Shillong",Base
UBDC at RD 77060,Punjab,PATHANKOT,Indus,Satluj,32.16444444444444,75.5625,Executive Engineer-I/ NHP BBMB Chandigarh,Base
Degloor,Maharashtra,Nanded,Godavari,Lendi,18.545555555555556,77.5775,"Upper Godavari Division(UGD), Hyderabad",Base
KARATHODU,Kerala,MALAPPURAM,West flowing rivers from Tadri to Kanyakumari,Kadalundi,11.056944444444445,76.03944444444444,"Southern Western River Division(SWRD), Kochi",Base
Brahmakhaal,Uttarakhand,Uttarkashi,Ganga,Dusk,30.695,78.29722222222222,"Himalayan Ganga Division,Haridwar",Base
Sitapur,Uttar Pradesh,SITAPUR,Ganga,Sarayan,27.571944444444444,80.68583333333333,"Middle Ganga Division-II(MGD-II), Lucknow",Base
Gungan,Gujarat,Rajkot,West flowing rivers of Kutch and Saurashtra including Luni,Machhu,22.961666666666666,70.76444444444445,"Executive Engineer, Mahi Divison, Gandhinagar",Base
Mohana,Odisha,GAJAPATI,East flowing rivers between Mahanadi and Pennar,Harbhangi,19.44472222222222,84.26138888888889,"Eastern Rivers Division(ERD), Bhubaneswar",Base
Nimmu,Ladakh,Leh,Indus,-,34.17583333333333,77.32972222222222,"Chenab Division(CD), Jammu",Base
Upshi,Ladakh,Leh,Indus,-,33.82833333333333,77.81555555555555,"Chenab Division(CD), Jammu",Base
Sanjak (Kanji Nallah),Ladakh,KARGIL,Indus,-,34.57490000000001,76.528,"Chenab Division(CD), Jammu",Base
Polavaram site,Andhra Pradesh,ELURU,Godavari,Godavari,17.245833333333334,81.65972222222223,"Lower Godavari Division(LGD), Hyderabad",Base
Chilling near Nimmu,Ladakh,KARGIL,Indus,Zaskar,34.15972222222222,77.32055555555556,"Chenab Division(CD), Jammu",Base
Shilikchey (Kargil),Ladakh,KARGIL,Indus,-,34.58638888888889,76.12416666666665,"Chenab Division(CD), Jammu",Base
Balaghat,Madhya Pradesh,BALAGHAT,Godavari,Wainganga,21.80527777777778,80.15833333333335,"Wainganga Division(WD), Nagpur",Base
Dah,Ladakh,KARGIL,Indus,-,34.603611111111114,76.50555555555556,"Chenab Division(CD), Jammu",Base
Kathlour,Punjab,PATHANKOT,Indus,Ravi,32.245,75.43333333333334,"Chenab Division(CD), Jammu",Base
YERLI,Maharashtra,Buldana,Tapi,Purna,20.93638888888889,76.47416666666666,"Executive Engineer, Tapi Division, Surat",Base
Basantar,Jammu & Kashmir,SAMBA,Indus,Ravi,32.5225,75.05333333333333,"Chenab Division(CD), Jammu",Base
BEDEPARA,West Bengal,MURSHIDABAD,Ganga,Padma,24.139166666666664,88.69694444444445,"Lower Ganga Division III(LGD-III), Berhampore",Base
Patharkandi,Assam,KARIMGANJ,Barak and Others,Longai,24.578055555555554,92.31388888888888,"Meghna Division(MD), Silchar",Base
Narsingpur,Maharashtra,Solapur,Krishna,Bhima,17.97138888888889,75.13916666666667,"Upper Krishna Division(UKD), Pune",Base
Shetrunji dam,Gujarat,Bhavnagar,,,21.473333333333333,71.88027777777778,"Executive Engineer, Mahi Divison, Gandhinagar",Inflow
GHOUSHAL,Himachal Pradesh,LAHUL and SPITI,Indus,Chandra,32.54611111111111,76.97194444444445,"Snow Hydrology Division(SHD), Shimla",Base
Chakghat,Uttar Pradesh,PRAYGRAJ,Ganga,Tons,25.033333333333335,81.73472222222222,"Middle Ganga Division-III(MGD-III), Varanasi",Base
Bardoh,Jammu & Kashmir,JAMMU,Indus,Chenab,32.915277777777774,74.42416666666666,"Chenab Division(CD), Jammu",Base
Bari Pattan,Jammu & Kashmir,RAJAURI,Indus,Tawi,33.06944444444445,74.36555555555555,"Chenab Division(CD), Jammu",Base
Dharmari,Jammu & Kashmir,Reasi,Indus,Chenab,33.2625,74.83055555555555,"Chenab Division(CD), Jammu",Base
PACHAWALI,Madhya Pradesh,SHIVPURI,Ganga,Sindh,25.17888888888889,77.68694444444445,"Lower Yamuna Division(LYD), Agra",Base
Neeru Nallah,Jammu & Kashmir,DODA,Indus,Chenab,33.092222222222226,75.58944444444444,"Chenab Division(CD), Jammu",Base
Kalnai Nallah,Jammu & Kashmir,DODA,Indus,Chenab,33.144444444444446,75.80305555555556,"Chenab Division(CD), Jammu",Base
Kuriya Pul,Jammu & Kashmir,KISHTWAR,Indus,Marusudar,33.37138888888889,75.72111111111111,"Chenab Division(CD), Jammu",Base
Mayambadi,Tamil Nadu,Kallakurichi,East flowing rivers between Pennar and Kanyakumari,Gomukha,11.737499999999999,78.79083333333332,"Hydrology Division(HD),Chennai",Base
Bhut Nallah,Jammu & Kashmir,KISHTWAR,Indus,Chenab,33.27166666666667,76.16638888888889,"Chenab Division(CD), Jammu",Base
Thoothibari,Uttar Pradesh,Maharajganj,Ganga,Chandan,27.415277777777778,83.69277777777778,"Middle Ganga Division-I(MGD-I), Lucknow",Base
Majitar,Sikkim,NAMCHI,Brahmaputra,Teesta,27.107222222222223,88.32222222222222,"Lower Brahmaputra Division (LBD), Jalpaiguri",Base
MAMUDPUR,West Bengal,MURSHIDABAD,Ganga,Tepra,23.839444444444442,87.96833333333333,"Damodar Division(DD), Asansol",Base
Lalganj,Uttar Pradesh,Raibareli,Ganga,Loni,26.11138888888889,80.92222222222223,"Middle Ganga Division-II(MGD-II), Lucknow",Base
HOOVINAHOLE,Karnataka,Chitradurga,Krishna,Swarnamukhi,13.9825,76.74916666666667,"Cauvery Division, Bangaluru",Base
Jaikwadi Dam,Maharashtra,Aurangabad,Godavari,Godavari,19.487222222222222,75.3711111111111,"Upper Godavari Division(UGD), Hyderabad",Inflow
Chenimari (Khowang),Assam,DIBRUGARH,Brahmaputra,Buridehing,27.31222222222222,94.88166666666666,"Upper Brahmaputra Division (UBD), Dibrugarh",Level
Kishanpur Manwal,Jammu & Kashmir,UDHAMPUR,Indus,Tawi,32.776944444444446,75.14416666666668,"Chenab Division(CD), Jammu",Base
KODAGANAR DAM,Tamil Nadu,Dindigul,Cauvery,Kodaganar,10.593055555555557,77.97194444444445,"Southern River Division(SRD), Coimbatore",Inflow
Latoo,Ladakh,KARGIL,Indus,-,34.592400000000005,75.9774,"Chenab Division(CD), Jammu",Base
Fatehpora,Jammu & Kashmir,Ganderbal,Indus,Jhelum,34.196,74.77,"Chenab Division(CD), Jammu",Base
Nyoma,Ladakh,Leh,Indus,-,33.19583333333333,78.60638888888889,"Chenab Division(CD), Jammu",Base
Ekchari,Bihar,BHAGALPUR,Ganga,Ganga,25.231666666666666,87.20916666666668,"Lower Ganga Division-II(LGD-II), Patna",Base
Pindi Parolian,Punjab,PATHANKOT,Indus,Ujh,32.30138888888889,75.37638888888888,"Chenab Division(CD), Jammu",Base
Jalali Nallah,Punjab,PATHANKOT,Indus,Ravi,32.28638888888889,75.38361111111112,"Chenab Division(CD), Jammu",Base
Bainch,Jammu & Kashmir,PUNCH,Indus,Poonch,33.75833333333333,74.09555555555555,"Chenab Division(CD), Jammu",Base
Kakarghatti,Bihar,DARBHANGA,Ganga,Kamalabalan,26.18861111111111,85.95083333333334,"Lower Ganga Division-I(LGD-I), Patna",Base
Chindnar,Chhattisgarh,DANTEWADA,Godavari,Indravathi,19.083055555555557,81.3,"Lower Godavari Division(LGD), Hyderabad",Base
Bamnidhi,Chhattisgarh,JANJGIR - CHAMPA,Mahanadi,Hasdeo,21.9,82.71333333333334,"Mahanadi Division(MD), Burla",Base
GARHAKOTA,Madhya Pradesh,SAGAR,Ganga,Sonar,23.784722222222225,79.14361111111111,"Lower Yamuna Division(LYD), Agra",Base
Dihingmukh,Assam,SIVSAGAR,Brahmaputra,Buridehing,27.255277777777778,94.73916666666666,"Upper Brahmaputra Division (UBD), Dibrugarh",Base
Lucknow MGD-1,Uttar Pradesh,LUCKNOW,,,26.884444444444444,80.94888888888889,"Middle Ganga Division-I(MGD-I), Lucknow",Base
Araria,Bihar,ARARIA,Ganga,Parman,26.125,87.49305555555556,"Lower Ganga Division-I(LGD-I), Patna",Level
Makora Pattan,Punjab,GURDASPUR,Indus,Ravi,32.18833333333333,75.3625,"Chenab Division(CD), Jammu",Base
KELLODU,Karnataka,Chitradurga,Krishna,Vedavathi,13.754166666666666,76.31972222222223,"Cauvery Division, Bangaluru",Base
Baramulla,Jammu & Kashmir,BARAMULA,Indus,Jhelum,34.20866666666667,74.33661111111111,"Chenab Division(CD), Jammu",Base
Sonmarg,Jammu & Kashmir,Ganderbal,Indus,Jhelum,34.30305555555555,75.26277777777777,"Chenab Division(CD), Jammu",Base
Jaldhaka NH-31,West Bengal,JALPAIGURI,Brahmaputra,Jaldhaka,26.56972222222222,88.9375,"Lower Brahmaputra Division (LBD), Jalpaiguri",Level
Kralpora,Jammu & Kashmir,BADGAM,Indus,Doodganga,33.99722222222222,74.81361111111111,"Chenab Division(CD), Jammu",Base
Arwani,Jammu & Kashmir,ANANTNAG,Indus,Vishow,33.79416666666666,75.0675,"Chenab Division(CD), Jammu",Base
Rumshi,Jammu & Kashmir,PULWAMA,Indus,Jhelum,33.94947222222222,74.92972222222222,"Chenab Division(CD), Jammu",Base
Watchi,Jammu & Kashmir,PULWAMA,Indus,Rambiara,33.810138888888886,75.03138888888888,"Chenab Division(CD), Jammu",Base
Maholi,Uttar Pradesh,SITAPUR,Ganga,Kathna,27.658055555555553,80.46472222222222,"Middle Ganga Division-II(MGD-II), Lucknow",Base
Thakraha,Bihar,PASHCHIM CHAMPARAN,Ganga,Gandak,26.792222222222225,84.26972222222223,"Lower Ganga Division-I(LGD-I), Patna",Base
Bansi,Uttar Pradesh,SIDDHARTHNAGAR,Ganga,Rapti,27.189166666666665,82.94,"Middle Ganga Division-I(MGD-I), Lucknow",Level
LALGANJ,Uttar Pradesh,MIRZAPUR,Ganga,Belan,24.924722222222222,82.25777777777778,"Middle Ganga Division-III(MGD-III), Varanasi",Base
Devprayag (B),Uttarakhand,Tehri Garhwal,Ganga,Bhagirathi,30.151944444444442,78.59944444444444,"Himalayan Ganga Division,Haridwar",Base
Nanded,Maharashtra,Nanded,Godavari,Godavari,19.15,77.31,"Upper Godavari Division(UGD), Hyderabad",Level
PULLAKKAYAR,Kerala,KOTTAYAM,West flowing rivers from Tapi to Tadri,Manimala,9.574444444444444,76.88611111111112,"Southern Western River Division(SWRD), Kochi",Base
FATEHGANJ (E),Uttar Pradesh,BAREILLY,Ganga,Begul (Apsara),28.06833333333333,79.63527777777779,"Middle Ganga Division-II(MGD-II), Lucknow",Base
Rangpo Dam,Sikkim,PAKYONG,Brahmaputra,Rangpochu,27.240000000000002,88.71000000000001,"Sikkim Investigation Division, Gangtok",Inflow
Rongli Dam,Sikkim,PAKYONG,Brahmaputra,Rongli Chu,27.2,88.71000000000001,"Sikkim Investigation Division, Gangtok",Inflow
Khaltsi,Ladakh,Leh,Indus,-,34.32777777777778,76.84916666666666,"Chenab Division(CD), Jammu",Base
Dumkhar,Ladakh,Leh,Indus,-,34.38027777777778,76.77361111111111,"Chenab Division(CD), Jammu",Base
Nahargarh,Madhya Pradesh,MANDSAUR,Ganga,Shivna,24.190277777777776,75.23555555555555,"Chambal Division(CD), Jaipur",Base
Melaganur,Andhra Pradesh,KURNOOL,Krishna,Tungabhadra,15.845555555555556,77.02527777777777,"Lower Krishna Division(LKD), Hyderabad",Base
MAU,Uttar Pradesh,MAU,Ganga,Chhoti Saryu,26.947777777777777,83.57583333333334,"Middle Ganga Division-III(MGD-III), Varanasi",Base
Nawada,Bihar,NAWADA,Ganga,Ganga,24.883888888888887,85.55027777777778,"Lower Ganga Division-II(LGD-II), Patna",Base
BAROOD,Madhya Pradesh,GUNA,Ganga,Sindh,24.371944444444445,77.50583333333333,"Lower Yamuna Division(LYD), Agra",Base
Goalpara,Assam,GOALPARA,Brahmaputra,Brahmaputra,26.184722222222224,90.63388888888889,"Middle Brahmaputra Division (MBD), Guwahati",Level
CHOWKHAMGHAT,Arunachal Pradesh,LOHIT,Brahmaputra,Lohit,27.847777777777775,96.02833333333334,"Upper Brahmaputra Division (UBD), Dibrugarh",Base
Pali,Rajasthan,SAWAI MADHOPUR,Ganga,Chambal,25.854722222222225,76.56777777777778,"Chambal Division(CD), Jaipur",Base
Sandia,Madhya Pradesh,HOSHANGABAD,Narmada,Narmada,22.91611111111111,78.34777777777778,"Narmada Division(ND), Bhopal",Base
AGRA(POIYAGHAT),Uttar Pradesh,AGRA,Ganga,Yamuna,27.254166666666666,78.02305555555556,"Lower Yamuna Division(LYD), Agra",Base
Shalkhar,Himachal Pradesh,KINNAUR,Indus,Spiti,31.999444444444446,78.57305555555556,"Snow Hydrology Division(SHD), Shimla",Base
Naugaon,Uttarakhand,Uttarkashi,Ganga,Yamuna,30.791666666666668,78.13805555555557,"Upper Yamuna Division(UYD), New Delhi",Base
DHUPESHWAR,Maharashtra,Buldana,Tapi,Purna,20.9575,76.27916666666667,"Executive Engineer, Tapi Division, Surat",Base
Beda at Satwadi(Gogawa),Madhya Pradesh,Khargone,Narmada,Beda,21.91777777777778,75.74833333333333,"Narmada Division(ND), Bhopal",Base
LABHA,Bihar,KATIHAR,Ganga,Fulhar,25.430555555555557,87.76833333333333,"Lower Ganga Division III(LGD-III), Berhampore",Base
KALPI,Uttar Pradesh,JALAUN,Ganga,Yamuna,26.129166666666666,79.75944444444444,"Lower Yamuna Division(LYD), Agra",Level
Lakhoura,Bihar,PURBA CHAMPARAN,Ganga,Burhi Gandak,26.720555555555553,84.97222222222223,"Lower Ganga Division-I(LGD-I), Patna",Base
Chandradeepghat,Uttar Pradesh,GONDA,Ganga,Kwano,27.135555555555555,82.50083333333333,"Middle Ganga Division-I(MGD-I), Lucknow",Base
Tarpur,Odisha,JAGATSINGHAPUR,Mahanadi,Mahanadi,20.35777777777778,86.23,"Mahanadi Division(MD), Burla",Base
Mathura (Prayag ghat),Uttar Pradesh,MATHURA,Ganga,Yamuna,27.50412222222222,77.68723333333334,"Upper Yamuna Division(UYD), New Delhi",Level
Bhikiasen,Uttarakhand,Almora,Ganga,Ramganga,29.696944444444444,79.2611111111111,"Middle Ganga Division-II(MGD-II), Lucknow",Base
MANKARA,Kerala,PALAKKAD,West flowing rivers from Tadri to Kanyakumari,Bharathapuzha,10.761111111111111,76.48611111111111,"Southern Western River Division(SWRD), Kochi",Base
Rudraprayag (A),Uttarakhand,Rudraprayag,Ganga,Alaknanda,30.288061111111112,78.9842,"Himalayan Ganga Division,Haridwar",Base
Panchkuan,Uttar Pradesh,SAHARANPUR,Ganga,Budi Yamuna,30.13111111111111,77.46722222222222,"Upper Yamuna Division(UYD), New Delhi",Base
Betmogra,Maharashtra,Nanded,Godavari,Maner,18.71222222222222,77.525,"Upper Godavari Division(UGD), Hyderabad",Base
Kateela,Madhya Pradesh,SHEOPUR,Ganga,Kuno,25.514722222222222,77.18166666666667,"Chambal Division(CD), Jaipur",Base
BHUSAWAL,Maharashtra,Jalgaon,Tapi,Tapi,21.06833333333333,75.78027777777778,"Executive Engineer, Tapi Division, Surat",Base
Jhalawar,Rajasthan,JHALAWAR,Ganga,Kalisindh,24.590833333333332,76.18722222222223,"Chambal Division(CD), Jaipur",Base
Mahulpali,Odisha,SAMBALPUR,Mahanadi,Bheden,21.866388888888892,84.38,"Mahanadi Division(MD), Burla",Base
NIWARI,Uttar Pradesh,SONBHADRA,Ganga,Son,24.603611111111114,82.77638888888889,"Middle Ganga Division-III(MGD-III), Varanasi",Base
Sarati,Maharashtra,Pune,Krishna,Nira,17.911944444444444,75.0075,"Upper Krishna Division(UKD), Pune",Base
